BTC_Sim_Return,GLD_Sim_Return,SPY_Sim_Return,Portfolio_Sim_Return
-0.012987382249253453,-0.00026903225876923,0.0047859590966029195,-0.0028234823136547844
-0.04588063508070672,0.0019541043843612034,-0.0035231891209052094,-0.015816557455843636
-0.04714042963589729,-0.006013877367344044,-0.00845775003866193,-0.020537331809948742
-0.014138558614009526,0.005385122678276145,-0.002179674304840852,-0.003644366435821331
-0.0045229317049201145,0.021314541063288665,-0.0058515274511759235,0.0036466903223702405
0.021046776813054315,0.008998681533612357,0.007612787883027236,0.012552736190482559
0.03156066060822827,0.009686278068838414,0.017810955914958345,0.01968594517804348
0.011396883313113521,0.004059246111491409,-0.00885638523766022,0.002199912529066841
0.021614391045340197,0.0032529570637713032,-0.006319608159339388,0.0061825738006773875
-0.008873729877667262,0.00624550257934293,-0.00013275098186816777,-0.0009203251730714062
0.023773703134372208,-0.01452398359968825,-0.0035962121297247814,0.0018845005838172568
0.0385907104920374,-0.0021735550214816205,-0.007859315181040829,0.009519270577224886
-0.00364409348755737,0.0206974932602053,-0.0028222683094833007,0.004743705744011055
-0.0026718636909017295,-0.006224581601721594,-0.0006405025583883588,-0.003178979438021277
0.007685933911447264,0.0072445468478577425,-0.008335688255480046,0.002198261969677485
0.02607908108051716,0.0024815489000761973,0.011502570052776613,0.013354386656723312
-0.008632453215596978,0.014563704532929827,0.007942379029232999,0.004624538824311834
0.015333794293293868,0.00519781326644032,0.00825546227082719,0.009595680347830517
-0.029155019002951397,-0.005953520104303341,-0.010322053743565806,-0.015143515806742563
0.013180284954472227,-0.004417249067760146,0.007494987643467694,0.005419335757385415
0.019348207947779448,0.005605546847084695,-0.005224497645622611,0.006576412473328128
0.041955336612593194,-0.008732370989329453,0.01072830847403054,0.014650410048673394
0.006072658403472476,-0.008744951103177774,0.0004958230421799289,-0.0007254891603519039
0.023826980659262535,-0.005853346167634637,0.01215649554329147,0.010043366634929779
0.006447455093110608,-0.00573058481851173,-0.02244396164162012,-0.0072423565466432915
-0.023004071506179995,8.370726983257396e-06,-0.0033702770284898364,-0.008788650480569588
-0.00034484134217411264,0.018128293850711456,0.005379831977932733,0.00772108710772853
-0.007224453386958891,-0.010857593394617995,-0.008208401433864306,-0.008763473974997658
0.028991997872883535,0.0032826828063446806,0.010833264011758038,0.01436930052768052
-0.007669580233098329,0.003569360311248583,0.0054496921248171504,0.0004498236178317338
0.0010421141126390346,-0.0058044207570075715,-0.007312294326748044,-0.004024862965505203
0.014502657614063188,0.00816863940594983,-0.0074547362549999,0.005072181849484117
-0.006031904231399078,-0.0018072092838567681,-0.0005496991226203976,-0.002796268083021202
0.010570302717828044,0.014068628420922887,0.002917570669933023,0.009185491417394049
0.014239181513224241,0.00825827410071334,0.0030807892908513274,0.008526073108848
-0.008857567672138503,-0.01619819669802669,-0.004693709694766667,-0.009916481438485931
-0.004103811563388874,0.006138088130942469,-0.013023175772343944,-0.0036629627386303813
0.0032592479637390667,-0.006264309142003476,0.018219379685345167,0.00507143443092075
0.009820337721665755,-0.0016148035068082006,0.00016937024781152018,0.0027916320292548707
0.04147635939362374,-0.009984960552864491,0.005353111317041966,0.012281491104430352
-0.023196073316114688,0.004059329883144882,0.011866966044563757,-0.002423256706209553
0.04814982749649631,-0.008817324766203434,0.017813705427811168,0.019048717003965293
0.03520985723101589,0.006136090319404266,0.005683297886585425,0.01567639946925338
0.019003143840578718,0.014175413115760083,0.007424292888632344,0.013534269747373767
0.038449592787816504,1.3027829263802682e-05,-0.0046219480373617845,0.011280212913015314
-0.04696455414513651,0.006840895718531152,-0.002486327056177484,-0.014203314290932453
-0.0235623857528279,0.00986543551028388,0.004505601191975879,-0.0030637799530730293
-0.039698970016520785,0.01275017445771765,0.0042433800880220165,-0.0075684642551218815
-0.004083230148887916,-0.0029519567299208095,-0.01088772820626228,-0.005974299054051974
0.04630404097640138,-0.00336430497256705,0.0044303150071872185,0.015790001213656844
-0.004219059339521434,-0.0006954935676807124,-0.0055603276510998705,-0.003491623361140486
-0.003638022503642998,-0.00013429260223048233,-0.005593818390401585,-0.003122041376713856
-0.05624076650311114,-0.001870206744856895,-0.013307011406120275,-0.023805971078701218
-0.01860520404316204,0.006351732986813475,0.008025113742672188,-0.0014094510284396872
-0.03486673724034596,0.004131399278606158,0.0076307858295827855,-0.007701509675868295
-0.01037155045516705,-0.011659031227444808,0.010808736889828722,-0.003740611190312781
0.011425143078572843,0.009670514575271698,-0.0024493054395003187,0.006215444522664003
0.029671370094070722,0.001177873024635784,0.0054554434263585465,0.012101550080126169
-0.005147609037948475,-0.006635588829100084,-0.002223561734328688,-0.0046689151982058814
-0.044922741151205994,-0.005481801595386279,0.017638709852091088,-0.010921933376222765
-0.016747480251445252,0.010256203056686963,-0.005419735014561517,-0.003970333432769199
-0.01259386178364473,0.0002955799461966731,0.005555147023346311,-0.002247709356988977
-0.011550661281223545,0.003118331453136402,-0.005940491320591667,-0.0047909355919525535
0.05191375632478468,0.0035928335463199824,0.011873413858562365,0.022459978783221098
-0.00413698678218965,0.010665987051077535,0.005552082652293268,0.004027023613366077
-0.009507306167699013,0.00748115058659326,0.003884755505146223,0.000619532688480182
0.0008774693344524502,0.009443546425881608,0.006896209213449649,0.005739069252186244
-0.01467975898085986,-0.011800987766810345,0.003683605274322267,-0.007599039558735489
0.04739536748199499,0.008554856520617002,0.010681097875857313,0.02221041841571581
-0.014628592635268223,-0.014267940029994665,0.02537886432672087,-0.0011725549402912259
-0.014939806971221683,-0.011995446702825074,0.002789438560675139,-0.008048596989185502
-0.018124672370168123,0.0008102216224532706,0.005771131231597929,-0.0038477693242658026
0.028564246895808026,0.004671259138622495,8.08685619437075e-06,0.011081186549010667
0.0026534371565688332,-0.014202856274292379,-0.019741807304246916,-0.01043039837691468
-0.019313725187298236,0.015069065975458729,0.0010471662840451344,-0.0010658299101004812
-0.031324238179027,0.0020105486209947175,-0.009426129578010521,-0.012913260132074555
0.02722638835950342,-0.0025466434160497375,-0.0047309893638716564,0.006649578543608816
-0.0032668029358290224,0.001824283875208625,-0.004337501814854299,-0.001926671698484607
-0.06481366617865293,-0.001291584103805032,-0.020351620521837352,-0.02881892811580817
-0.0032692293073442904,0.003930095000246497,0.008592140003500937,0.003084332147799149
0.028829193647498478,0.0010477764845653775,0.0066790023583218165,0.012185311978137726
-0.02499666460342277,0.011034227147365171,0.00031251923445954405,-0.004549968190559944
0.017754985131889854,0.0020467751275919446,0.016553573700724883,0.012118432534957573
-0.010646892795169194,0.008670487538211707,0.010428486853406672,0.002817357714789196
-0.06414499994127211,-0.00599699305766385,-0.01797152418894886,-0.029371143024789208
0.020003053166273516,-0.007816474760314619,-0.006944821446695259,0.001747250572502226
-0.010176340543979263,-0.0038677646242998597,-0.009096044774476716,-0.0077133756008686315
0.004329179619957497,0.03106018985263595,0.003964389431970256,0.013117906516934933
0.010340673101484938,0.007265330625214242,0.016962014111852296,0.011522661090177879
0.04948802843918869,0.005368061167609661,0.006522519048740415,0.020459515758976702
-0.04438700636693826,0.008599198123544425,0.01032020935406772,-0.00848919114057574
0.002459486164668268,0.007836077092819931,0.00723905203301844,0.005844865918630449
-0.003310597487438093,0.00544923628653651,0.0028318384159730296,0.0016568240815314104
0.015680517660669895,-0.0016710690659454933,0.006135378110390532,0.0067149355200960765
-0.04940286192017491,0.004236341298886751,0.016228420066782493,-0.009646023872135036
0.06632178263451657,0.002172416754661907,0.010062031151755534,0.026185383994901158
-0.005853483468700366,0.006298010817488406,0.0007464428734273924,0.00039698967708173637
0.018765128922712565,0.00392249358634423,0.009913832347180334,0.01086714075159409
-0.008826448390355008,0.003920329932270207,0.00862967144508721,0.0012411830878164744
-0.006412053094000085,-0.008159812881339865,0.0021141532895698704,-0.004152566742685797
0.029701867579074313,0.004240199672496595,0.009874127544573747,0.014605383659983285
-0.016384342880742697,2.2632106767556245e-05,0.0004026276744608276,-0.005319689046810404
-0.03843729132980437,0.0031663204046476342,0.003691970522306159,-0.010526322941283391
0.009411020587607092,-0.00015724321434396678,0.009840616948497924,0.006364791742455576
-0.02348028973319637,-0.01039918514908818,0.00569846900991405,-0.009393659230454874
0.0032048109630819295,-0.004322394379462398,-0.0034655763036456886,-0.0015277183789554792
-0.007158461888280497,0.0012606967735237576,0.0012619661459415483,-0.0015452647776720743
-0.01711060102778836,0.0016452059484313342,0.016913271006238097,0.00048262482633504793
0.034957155133372504,0.008892208699241809,0.015239947946734124,0.01969641756334555
-0.022180887426287862,-0.00697714698981986,0.0015783857579142278,-0.00919320702618161
0.0033930037554328186,0.008152284706377149,0.0042932533734731885,0.00527950866558044
0.02587397545682449,-0.0066307287414089,-0.001617647961307242,0.005875193709503197
0.02984237520226176,0.0030799160211356087,0.006751463685384604,0.01322457174500902
0.02121090792692146,0.007560732941273802,0.006519320103357606,0.011763641893530631
-0.004520377700170558,0.006033762950220662,-0.0013937202526899716,3.988829256504541e-05
-0.004126850337935813,0.016525068312689867,-0.005040380951602622,0.0024526098884381366
0.026469564398664942,0.002333014475474639,0.005444000502290347,0.011415515043283518
-0.04387038832279026,-0.0075035673801825825,-0.006310379443151151,-0.01922809248726295
0.0036049149719439328,0.00930316263921746,0.003971440912381646,0.005626500548008171
0.013290961768036236,0.00037111939890309496,-0.0052828356243450995,0.002793079054449563
-0.012629567604418041,-0.012544097465641234,-0.0058570276219185435,-0.010343553887095043
-0.009079014030331978,-0.004490788274134945,-0.005013858830870847,-0.006194547517225544
-0.0038532684164254744,0.00013112600774303502,0.001050422778570511,-0.0008905723194640993
0.02826408022082991,-0.00013790792026760197,0.006148026139121883,0.01142472138849525
-0.04404091676071616,-0.014421933180305806,0.009795573958806154,-0.016222409104979945
0.02860417256933098,-0.006542251166656573,0.0012508368616518904,0.0077709116505226775
-0.0674702697960168,0.007846524510760034,-0.007548327705828552,-0.02239066860633744
0.022104158654663766,0.020706425708762372,0.005236931324064584,0.016015822546658346
0.027939864475256624,-0.0008127996292875528,0.004615768816337783,0.01058093397315773
-0.0566255462181328,-0.007554519139576494,-0.010477166608727008,-0.024885719103068114
0.03332484435532991,0.0007640360919239166,-0.007894064804932661,0.008731596482501842
-0.05511981882629138,-0.009749581477265448,-0.010329466736861494,-0.02506626394718376
0.05957663367892712,-0.00902591397247907,-0.00018288392546352678,0.016789261804382914
-0.037109035982492995,0.01475901331706841,-0.0011854364388780366,-0.007845145189614506
0.003485550953875616,0.0014702789279448254,-0.0024281218541224864,0.0008425684999966424
-0.01715417460857156,0.00961428694255742,0.0018169947284910875,-0.0019076290715433711
-0.0005288562493784301,-0.005666011685012705,0.0040614915169524726,-0.0007111247613540817
0.03860022211508596,0.011409984393373443,0.017362741134169746,0.0224576267565605
-0.008333964015681958,0.0027050260484565774,0.013471548910807598,0.002614201033657091
0.00020317874397282436,-0.009636962843642606,-0.0025697352575979955,-0.00400116911791614
-0.062376184688665785,-0.015439205580761357,-0.01110572553232176,-0.029640342293544363
-0.028316752320586374,-0.00926160905522542,0.00633493862213407,-0.010414463836751656
0.03453772617877372,-0.007077451742240472,0.008483296259101422,0.011981178250687992
0.06072717839066309,0.01769136240337581,-0.005744765953794506,0.024224567388823184
0.011839912447153263,-0.00912794192917913,0.009920211189820735,0.004210723025204387
0.002381142922936482,-0.00962828987951693,-0.014126063760490994,-0.007124396447953575
0.05840130602937327,0.0016681290767532712,0.007740792512409094,0.022603386602769338
0.0035919214313957174,0.018576518436360417,0.006841377380823929,0.009669929412920938
0.04582375436980767,-0.004820319511587484,0.004422950055900087,0.015142113162578453
0.03409505978028473,0.0086873146139856,-0.002798588192431065,0.013327915406017686
0.006331449201671775,-0.004802880790627786,-0.008908503035257507,-0.0024599757480929644
-0.01278050292242363,0.006847924613595256,-0.004196235352841143,-0.0033762678442852846
0.0066713398562545136,0.01106513697009034,0.0004903547203310942,0.0060756044399481336
0.043107371951899225,-0.015081988292248862,-0.0022271816914929857,0.008599392056651802
0.026241857527994763,-0.00021502877024224772,0.0010660192065318934,0.009030940290478816
0.010546651904749791,-0.00633400347228139,0.004861565167049622,0.0030247348417681416
0.02047218936624472,0.006793412710718779,0.001999458736741623,0.009755010516214769
0.07668933600970292,0.01205789010094908,0.020652739527670126,0.036466618746118826
-0.05018645340880618,-0.00015586126350839856,0.0019787183798486247,-0.016121182642956554
-0.00571687955156747,-0.028762208185826012,-0.0015308131582954872,-0.01200328829526269
0.007839614996609292,0.013168833486384219,-0.007161254085150096,0.004615726850216339
-0.0028788779003935624,0.010693866263798816,-0.007247297420100459,0.00018923012520461713
0.023150387100904436,0.006054059381163618,0.01773792207441842,0.015647440538039303
-0.02575148488062543,-0.0039059587052139087,0.009378203206142426,-0.00675974003348551
-0.00011848523851595112,0.003965904942968991,0.01421540172357848,0.006020934455070031
-0.014401661282307857,0.009555745067221531,0.0015762091349986788,-0.0010899012701268559
0.030758308476269744,0.010822659541417355,0.013826145365027308,0.018469019325200342
-0.05926825012638449,0.009442447164974471,0.004875240570407984,-0.01498350581347988
0.024540076084996334,0.00697727970392,-0.00024680576618714336,0.01042350625072639
0.031795973920857236,0.0032276617614998846,-0.0031213420483504994,0.01063408724390433
-0.005237535523870369,0.001509427463719988,-0.0012417647772765559,-0.001656622622518033
0.032234756194377066,0.004429962951807642,0.010164832523100065,0.015609834946577701
-0.013269571008686983,0.008320072144516246,0.003526650609378227,-0.00047428227731475164
-0.021887694800915444,0.01282851572021556,0.008259100856295876,-0.00026669247477526165
0.025485109819905656,-0.0015780064730006311,-0.004743717422628357,0.0063877889202969135
0.06111506913283484,0.016037801581801455,0.01052506567101886,0.029225949569239587
-0.005659830212276619,0.006493655147654965,0.007669972590060468,0.002834596340547096
0.057731251046161385,0.005909180978162269,-0.003610271964461157,0.020010033343234142
0.024938863738694285,0.0031265694534298666,-0.0038161410811236936,0.008083089287236115
0.016599928803531037,-0.00602706814640293,-0.00543261163892279,0.001713414625985433
-0.024365006765698204,0.008189756494937766,0.006276829536882222,-0.0032994702784858274
-0.044021558158664736,0.022573257996701422,-0.00030393358121165556,-0.007250737330313742
-0.015499216781314586,0.0009380024048307588,0.0028465609280543362,-0.0039048805779253472
0.023102453024300494,0.0008996416272057102,0.0009375245765715951,0.008313198096152857
-0.03440230630772521,-0.0033962568227326206,-0.00018858293093333787,-0.012662369358081701
0.016739712184565433,0.006350065699572954,0.00033449687202613326,0.007808083777296588
-0.009650514612802377,0.0031709289194079937,0.0033755189234964474,-0.0010346878886103887
-0.06322118707704744,-0.007714022201688743,-0.00891325961034643,-0.026616129680204575
-0.034759404441528974,0.008458532772007756,-0.015000738925394946,-0.01376718976443519
0.03537745148873839,0.018454011277607242,0.006620169563169914,0.020150523959294404
0.003467073939733462,-0.014468856698230727,-0.0020678084387756564,-0.004356526042560574
0.011869029541801374,-0.0003749426681171243,-0.01682470803012487,-0.0017768719419398206
-0.0031978960127081305,-0.002202569644219194,-0.012507258354162462,-0.005969235367788592
-0.033260111975072074,-0.0021145513223401,-0.005724393730888747,-0.013699671976414632
-0.016091153229253446,-0.019697055402369424,-0.006375478285024537,-0.01405454825098683
-0.004440089000595244,0.006620029420453372,-0.004230961808021688,-0.000683673112380724
-0.023868300326155955,0.007065771322982165,0.002188845573921217,-0.004871222938523048
0.018979588581001756,-0.003841421239785769,0.0028786580390880528,0.006005602454492886
-0.03027152618669691,0.00482929657028517,-0.0017904796769333416,-0.009077560686878598
0.03476426004260237,0.004356804632761271,0.007238445307316835,0.015453154541056831
-0.02186890393551989,0.00559845766261236,0.00821256749882676,-0.0026859569054006652
-0.04107827683844508,-0.008959603116846055,0.009771195568437785,-0.013422214706722987
0.02869474384570101,0.01665762189973106,-0.005982899038689366,0.013123142445758667
-0.044678265673432915,-0.006063322476676649,-0.004982465039657751,-0.018574665821904708
-0.007198393627636208,0.0036154065919708593,0.021104670637752277,0.005840555360134442
-0.0010090005897515652,-0.0022590512094940733,0.0054106488058788885,0.0007141982880120811
-0.011691132063524456,0.00043479202063362093,-0.006489951901427839,-0.005915424732675577
-0.011549018041025264,-0.01929689884830506,0.0034490201767309633,-0.009132289771900884
-0.0479518953282431,0.006236939355091628,-0.008162696562713087,-0.01662586755273734
0.007063956485779135,-0.0025430523430053312,0.008774763985572497,0.004431884944226057
0.05900642139646171,-0.010427328049679533,-0.0010888711285520153,0.015830058242669313
0.017514850223042947,0.014042986999923622,-0.006636272857248314,0.008307179814717963
-0.022622601288957336,0.0027263173424093893,-0.010342547692861791,-0.010079600466859366
0.044496829753075756,0.0003205486824595069,0.0167693607825078,0.020528892543767947
0.011264136725572606,0.014379575760069771,0.004488102265978962,0.010043928206602194
0.011061209751541866,0.024062314107291757,0.009615006441964932,0.014912828520756084
0.010434494687082558,-0.009890307361335837,0.012350934931560281,0.004298369787394915
-0.03268188882588599,0.004892251523992598,-0.008672314623376295,-0.01215397182110592
-0.07986255429635625,-0.0021284485592635276,-0.005112371937850453,-0.02903442923003181
0.004373221480319819,-0.0005942190701918889,-0.0006706656177461491,0.0010361112280149961
0.02177807507409257,0.005948625156501909,0.003722934373235072,0.010483201051398314
0.0206629767659605,0.006970996666581454,0.00515832963761218,0.010930756759283688
0.013529148105136318,-0.0049374639135232835,-0.02196882971232725,-0.004459044047856232
-0.030436337601887086,-0.005449394312175914,-0.02018201038206624,-0.018689228742795647
0.01497437309670796,0.007858762672146401,-0.007088526420551964,0.005248197867897682
0.027358482513726804,0.00624675435642579,0.018592805083997216,0.01739932991870262
-0.026588606281337218,-0.012867679328185416,-0.00012310736493117047,-0.01319311779835361
0.03954528718309531,0.004879458758112024,0.00862998621139628,0.01768489303262382
0.043440032345830236,-0.003668876063407867,-0.00019779810545566471,0.013191106201202842
0.01570795331713052,-0.00620005701436905,0.002696737146255883,0.004068207081461301
0.016124198002931717,-0.0060283869068803895,-0.00953448923081133,0.00018710710130604384
-0.016099356769705347,-0.004094312333982417,-0.004555557143874615,-0.008249733832778711
-0.008092059282930966,0.008640911929388862,0.010623534691423185,0.0037241253884979144
0.008733366437792307,0.002557864588713666,0.010404682830451206,0.007231964053681107
0.026275243156338477,0.01740896246304323,-0.004058175756568092,0.013208663412261252
-0.017527058762400346,0.006461267478906743,0.0159480775536232,0.0016274271292811091
0.0715334426183861,-0.0124736217914271,0.001898527370417869,0.02031942907967622
0.006148968897276565,0.0043753208859417985,0.005671887245702854,0.005398720277581396
0.005112249209083895,-0.008976059899076934,-0.0016470309227855605,-0.0018369453673123288
-0.001568941839955601,0.00380877724075479,0.0013058510563138759,0.001181894303808869
-0.0067249839487102826,0.018535916238236177,-0.0039742913407260355,0.002612211037386303
-0.020469327012800343,-0.000938316800215293,-0.002637491401900526,-0.008015037056593649
0.003234589044960533,-0.0008677956251856685,-0.004035529380433032,-0.0005562447639740688
0.029152637482308327,0.0022832438069286367,-0.0048241856983923005,0.008870556326383025
-0.011002728916511056,0.012139783834640618,0.012593011944186987,0.0045766843774165625
-0.012171360125205869,-0.004487726175387396,0.00597632385068554,-0.0035609172557150917
-0.04922726761369935,-0.004593816621939546,-0.019135502225618703,-0.02431883783489038
0.0445737902308408,0.007084166650838736,0.0060135321041131,0.019223810438101216
-0.013734462974997058,0.005929557639702489,0.003317407796904261,-0.0014958310169642564
0.028226984047842893,0.010268373016076261,-0.005377143321824729,0.01103939354129356
0.033137291606021906,0.015594115173435051,0.00037888858019711374,0.01637008208311957
-0.03224944420093172,0.0009389138174022522,0.02008711258280119,-0.0037411355257701575
-0.012078136520868471,0.0009349222007118329,-0.006876342735627873,-0.006006513012075818
-0.019551918612106138,0.0046584239461313955,0.0019669442388546565,-0.00430884583352322
-0.07999492550041466,-0.0037745126477809125,0.0034391432780437594,-0.026776738179952315
0.025425009602099737,-0.003034862112185205,0.01518014422517989,0.012523418048267568
0.02426132068805188,-0.016056011975246524,0.001690799331746833,0.0032986993828147144
0.021519252246855802,-0.006751476767035351,0.007114596570492486,0.007294116722646962
-0.01709705328982064,0.015434173879652286,-0.0007431530144917326,-0.0008020100062092209
0.011150946141286366,-8.250056008522028e-05,0.006112994857503032,0.0057271410857545795
-0.0030891381911598305,0.010918325626803081,0.007381910980278019,0.0050703610682742845
-0.01654296560353659,-0.007456420778399335,0.005399710265032569,-0.006199885839075746
-0.023322291289555968,-0.0037747214539633387,-0.0029451155859927325,-0.010014032762461237
0.057325682961575974,-0.0020412105283812393,0.004873965193892186,0.020052792489549765
-0.005469731486178502,0.014172721763295638,-0.003358916344568959,0.001781356196158081
-0.030973827870742984,-0.0016922351702307967,0.0034311078918838472,-0.009744975304711594
0.0021297892303033736,-0.00204892565489758,0.007397099190565387,0.0024926517626694717
0.020392056112914794,0.0015455435038465447,-0.0014649970711112588,0.006824194024349178
0.01727031227317213,0.0031302877183665046,0.0044602718971926865,0.008286949009286478
0.019901235304636722,-0.007235401952608269,-0.008245366277390418,0.0014734875513903204
0.008662839981747947,0.0008073093942544805,0.01296527230856443,0.007478466416381724
-0.001810950117572476,-0.00437386326932873,-0.013284475044013021,-0.006489756320541932
-0.004836912539134229,-0.007341182609965594,-0.0019067796781140527,-0.004694953580779682
-0.03190615498971624,0.0004571796143071718,0.010050643643765522,-0.007132770111103938
-0.07096976062138495,0.002918210194005142,-0.0064068625440672124,-0.02481944617101135
-0.04267216119573659,-0.012683705070721543,-0.011090680232645807,-0.022148826684185812
0.017497383696511694,0.006997756382094009,-0.006744379407949752,0.00591691430663176
0.03305767146418944,0.012081706858939893,0.0007513511624133456,0.015296894531604396
0.003998248603390672,-0.005343176405806621,0.011233967116036954,0.0032963431415272302
0.03630701364818956,-0.006248744082808096,-0.0013785543120465476,0.009559895524539886
0.005834779907922175,-0.002065785814276906,-0.009029772889745958,-0.0017535911784406309
-0.009079959480734706,-0.0023570809807386185,0.0029962045086421004,-0.0028136091706650905
-0.004526332796303285,-0.01881371781467368,-0.011960652269740947,-0.011766889193338343
0.02058797101257592,0.007933507210064944,0.00016453583473422136,0.009561995123787009
0.024005514470687758,-0.012605068375536583,0.008712737465446678,0.006704387815804764
0.021335093391407402,0.0070553613017766085,0.00817879632873034,0.012189738150887777
0.021520841513026218,-0.004744110716641346,0.0016430882200985126,0.0061399335322214555
0.05244712134515317,-0.01586751999681757,0.01227329713440738,0.016284283209948167
0.022979786837290822,0.0037902322336346816,0.005569058475477333,0.010779681735775096
-0.007959264253588966,-0.010493830766917093,0.012304662387160088,-0.002049475494971113
0.009400689425566622,0.011275771300243917,-0.005933696184713197,0.0049142499327776
0.026314212881775437,-0.0030885118214191883,0.015406502643871816,0.012877388357341453
0.020308170218596402,-0.0007118519794239801,0.0012934705899370694,0.006963255979773554
-0.033655811110496835,-0.02050179849968165,-0.013505064327196344,-0.02255420209156696
0.019468563049735915,-0.009562181383364716,0.003598493426266691,0.004501620529254266
-0.05593312433843275,-0.004976316288624625,-0.007720445385160616,-0.022876605794110657
-0.015534249424488833,-0.011433430617830786,0.0018831691993273717,-0.008361495252827134
-0.013004601497654571,-0.01191725660043516,0.004675761456033468,-0.00674869213198654
-0.040945099223280906,-0.0056213202436979715,-0.005491051258645135,-0.017352472889384428
-0.0004066865024485288,-0.007573972542946911,-0.008985440197695866,-0.005655360758997354
-0.008690242937219279,0.003643580097265034,0.0015012301339183988,-0.0011818097202010466
-0.03788861175064925,-0.0021901254710287436,-0.0023060209618441596,-0.014128238599587988
0.047531419331795714,-0.006156204886187862,0.00628428878431837,0.015886485190140995
-0.06684022324924697,0.0008239136173891842,-0.0015629303458037373,-0.02252639079947385
-0.003873854248194386,-0.012721274015458185,-0.0052786114030746074,-0.00729123926432917
-0.0053983663261548895,-0.005224620785752759,-0.0003130697226884989,-0.0036453486328464377
0.017518262148136343,-0.003384115272990993,0.008935879163302128,0.007690000989473813
0.03704031180902273,0.0023084523471524126,-0.0020850083692780263,0.012421239507713776
-0.03570916083899117,0.014083539590054102,-0.0010237327082322412,-0.007549777102605118
-0.008031031473906982,-0.012810477452405667,-0.005327276268891571,-0.008722919675473008
0.02290178104198834,-0.011044546756020126,-0.013945314244134286,-0.0006960259566953713
0.07505240820431831,0.0002105189315500716,0.0010607485168812186,0.025441199776357983
0.03672365314918846,-0.005078589622239697,0.002778790171385992,0.011474606424827019
0.020741045353149086,0.009814081051597316,0.012405438879947437,0.01432017410804285
-0.01845807978255817,-0.0038864190843767954,0.012793293447952457,-0.0031837319559256966
0.03768990555272992,0.016460200457420956,0.0032722985250823585,0.0191407823709429
0.005130695479028052,-0.0007065088968281754,-0.0014484985602433342,0.00099189501542284
-0.009156491561656122,0.007256831011123096,0.014242887216801909,0.004114404774347405
0.006461164110804937,-0.009655864025022502,2.8824480173538945e-05,-0.0010552907560561968
-0.011283531768885496,-0.00574277935805339,0.001243740461084114,-0.0052608516277613685
-0.01684945799596902,-0.011719969380588382,-0.0033434426232556683,-0.01063761269564769
-0.020181826439144214,-0.0029515427561261115,0.009751244940042692,-0.004460703624367793
0.026180033637655645,-0.013950253709241215,-0.0034515190682795935,0.002926084027291325
0.05011934817072749,0.002658131330348005,-0.0010014569559851593,0.017258656923022597
-0.023885077070811566,0.00668214356947194,-0.0021365037359236355,-0.0064464726326086755
0.06546272150413965,0.01258768389791647,-0.010455874121827947,0.022531487895232297
0.05473156877384587,-0.0064467708142604465,0.007750113405196759,0.01867828510995694
-0.010757806650256373,0.008682898562235876,0.0026271734991191705,0.00018408828627775384
0.002376098035160266,0.006621363911000488,0.015193967665185696,0.008063801806638946
-0.025081517315700227,0.0017285406098422524,-0.00022670539982910212,-0.007859886175334991
-0.004133781444109365,0.018558793852735008,0.005085718454391418,0.006503570450762065
0.025185168675961923,0.010572492143472135,0.003641089692725097,0.013132903704469548
-0.054228197240324974,-0.00486155538825677,-0.009285061156956143,-0.0227915818035747
-0.014861395981466848,-0.01416800790023504,0.0017508551482094833,-0.009092840484981223
0.0009107098257892174,0.0043208654955938786,0.007747155254106984,0.0043262391989198345
-0.00916745176993293,-0.008952427844817954,0.001696321370389477,-0.00547451394026772
-0.03135884230524003,0.0008657018672376744,0.009492973984136422,-0.007000048484566495
-0.0017127593644448301,-0.015358544566012051,-0.010922058330930186,-0.009331111422674935
-0.052397286859407775,-0.0008212232246871842,-0.008321975293899199,-0.020513474612502927
0.018776969044387658,0.002738802784225854,0.006038991321647895,0.009184911865166085
-0.013741263855854443,0.005183526390496835,0.0013348931354089414,-0.0024076123690347784
-0.06532502815104467,-0.017073988933976148,-0.006357446851172463,-0.029585458393243114
0.0019979637831668206,-0.0019741135499665827,0.004793597314296229,0.0016058142433496398
0.03716053549393071,0.008174927431412323,-0.007723279806160766,0.012537381835666384
-0.008982586153147587,-0.003907325646788451,-0.005453514892701461,-0.006114469449736935
-0.047451183936290456,0.013590443325370256,-0.009238251302403295,-0.014366316271443861
-0.004078745028246516,-0.012851085530008665,0.009031846948044972,-0.0026326585707421996
0.01880671466064088,-0.007991823230449802,-0.0016780900016848434,0.0030455974305682687
0.009149996012213418,-0.008397436808193657,0.0031608888192430793,0.0013044813699382724
0.05455834252948717,-0.014117184681598068,0.009693495791050876,0.01671153450142878
0.023661218361876877,-0.003422554577046514,0.004615689551195911,0.008284776160557646
-0.004961971444130955,0.006916098770718941,-0.0027134847520160995,-0.0002531188886902293
0.004567008700303274,-0.01070592051334002,0.0011458646976312413,-0.0016643473741194635
0.017024344096198143,0.001924868573681429,-0.020804552150426633,-0.0006184458750691936
-0.034394560601995236,0.015454007723799977,0.001152206769780989,-0.005929442773356054
0.038599161161328555,0.009671813866028616,0.015773876251588024,0.02134826241136464
0.018761385772411585,-0.0017218644053967691,0.0005777675380906074,0.0058724237626055055
-0.011416696082652205,0.0029849233665236877,-0.009505068881405003,-0.005978941220230641
-0.028370940517993316,0.008105957140216462,-0.010851399223754847,-0.010372117161716366
0.017618678286712364,-0.013949948957030528,0.0032168566871742547,0.002295193043756691
0.014707756453034784,0.004823677111458007,0.0005398011697014306,0.0066904048876531615
-0.06381542588411829,-0.0055313376492867215,-0.0020327785591405453,-0.02379315690433449
-0.02969920812134318,-0.0015744920618814624,-0.004044219803447824,-0.011772628222917494
0.009780128844044727,0.001575522406886856,0.0013304590752942682,0.004228699213371842
-0.020414054903832538,-0.002317841143345865,0.004257750233910591,-0.006158042446373999
0.006953216217512594,0.005341803831746885,-0.013284091608509513,-0.0003296901900594915
-0.026504188445288755,-0.005692163776260288,0.00477669264792068,-0.009139877384656263
0.09823120519178279,-0.014171438498854135,6.914145990979817e-05,0.0280429413413101
-0.03318285321071152,0.0069650528041693,0.005953342483702896,-0.006754812552793802
0.0364344591625031,0.0019173934793469878,0.018847885949913913,0.019066560464008467
0.009336052971181312,-0.003275202147529043,0.006831729486260868,0.004297522472444275
-0.01269975005780358,-0.0019860599071809086,0.0018827658953254871,-0.004267677088871644
-0.074494299419243,-0.0014735466208557948,-0.003029286280294275,-0.026332351107753584
-0.0305886174802199,-0.012776524424003996,0.0034249153895422454,-0.013313395524818378
-0.018471217185843377,0.005579729957158352,0.014582962128866653,0.0005638244029022422
0.04102122070808404,0.0011108615512496105,-0.0027233873974764943,0.013136218484387431
0.005526978389596366,-0.0028953596786278923,0.002307706057695114,0.0016464399431129395
-0.009681349090403519,-0.014624329083206194,-0.0019068830589184112,-0.008737511673322297
0.011270347747510165,-0.01042994295854469,0.006875003162920081,0.002571800078825868
0.043157264339083394,-0.005151021846526437,0.006839611574916865,0.01494860307387325
0.013767263987776963,-0.010373331371749906,-0.0037709366376783723,-0.00012566788154909808
-0.0007127074853130349,0.0020163534938890254,0.0012788963205140347,0.0008608465821825654
0.03758759903424485,0.009751245968835181,0.01924440439982814,0.02219439427321959
0.03134179505652295,0.015547831935236262,-0.009259127219168982,0.012543487380696819
0.022813139125262307,0.008224373252267256,0.018158135907094104,0.01639853302965846
-0.030546701316292137,-0.00025109443191219556,0.016680755877141514,-0.004705675251340981
-0.02741626474251903,0.009154809261138484,-0.01801921114036046,-0.012093543447024794
-0.07066195817533939,0.014826417902986548,-0.011661107438011789,-0.022498860071238972
-0.029155174591382633,-0.02464064395863503,0.0007033529927480299,-0.017697470821601356
-0.014917269649487926,-0.007116016491679959,0.0037889572380063246,-0.006081436886277552
-0.021050832840953413,-0.0026491844630937185,-0.0009801710842986587,-0.008226721236052467
0.005242873863425779,0.007911753465318644,0.0014377578956760115,0.004864123544011736
0.05863815751793309,0.005627932873737794,-0.0018626036347568651,0.02080114145114242
0.038652029295611505,-0.003516690108832389,0.012750541165203784,0.015961944155367516
-0.026584171001332427,0.01586299117718405,-0.0032843559270453395,-0.004668507248552656
-0.027373652438268847,0.008822948180913523,0.00023406294336523017,-0.00610554099911626
-0.014858915707589723,0.008182156696309955,0.0034270998873122804,-0.0010832186247694544
0.046220404400570264,0.00616138154508143,0.008144008219258302,0.020175244546371943
0.05522830235193403,-0.0015970590263086337,0.003074367027156151,0.01890185121572373
-0.014937924044763514,-0.005286440940983191,0.00859182062269351,-0.003877510910169611
-0.0008645814398910811,0.003921073629012656,0.0028383755850596546,0.0019649539597711516
-0.014147542669680987,-0.0003109805803322964,-0.00020419682741601225,-0.004887568471569739
0.026473004914222217,0.010648321752918926,-0.005310651355808478,0.01060354783355245
-0.0534786975966085,0.011563322066822049,-0.004127705439179624,-0.015347678308628366
0.02723682611514426,-0.0055223621589134105,-0.002317589268971187,0.0064656184301283256
-0.03738982923825469,0.004594995739177616,0.002120630917163022,-0.010224723969237157
0.0319805690141181,-0.01372996207773243,-0.01228319379706114,0.001989135723970464
-0.00648209837661212,-0.0060690449451794816,0.001142383635564776,-0.0038029160924890467
0.009360288015731084,0.0018491199084022087,0.0020608353416159708,0.0044234099985019995
0.007682662196982656,-0.013195372929667317,0.01387671267577684,0.0027879978596967447
0.020902614492182958,0.013093730320060197,0.005872197015656751,0.01328950065311936
-0.08116555107708905,0.0009525761913394162,0.009078195580292846,-0.023711569390225826
-0.05138215654324509,0.0024305942759669913,0.002804175029494586,-0.015382447030132092
-0.049371746322635496,0.003016043592405016,-0.0030958047411958497,-0.016483819339972953
0.02209076660084402,0.011562320763456183,0.0008453183875367734,0.011499457084477076
0.04341778192559732,0.0035096135465157896,-0.001813532761188479,0.015037939199020639
-0.004984514508333312,0.012877789666625615,0.007594754460511622,0.005162671376924769
-0.024622252849619254,0.015964415578145104,0.007888013889971323,-0.0002566075372264816
-0.03758781525226657,0.00552290328104963,0.013709061411957336,-0.006118610734469681
-0.010426183292197898,0.006477144521155679,0.001763885227187488,-0.0007283837862337289
-0.014837325729172238,-0.0018637375627919414,0.003201223121405165,-0.004499942223572948
0.033938673865738664,0.003778266252148876,-0.007493115716648725,0.010074598059138138
0.006945887363236928,0.010427127030736094,-0.0011986892046599905,0.005391436338329281
-0.03634936245563732,-0.011302279717466867,-0.0010480606534742976,-0.016233218042291886
0.038137614228830906,0.0011728781331658304,0.013014180283586783,0.017441540106970292
-0.00026026432593837705,-0.020231580005483855,-0.003897839553749513,-0.008129886498495954
-0.0029782108227862495,0.002807148907092403,0.0023866034502586396,0.0007385131063410861
0.00828541846525771,-0.007718392364155441,0.005818527781336732,0.0021285158322950394
0.029075102049184058,0.01755725248165748,-0.006090136424567391,0.013514059188018679
-0.01258152276650202,0.015299968567378997,-0.01203293839135225,-0.0031048277586608933
-0.008001235561563385,-0.020881767035083945,-0.007838402135647647,-0.01224045600363008
-0.023630159741200387,-0.0004873350689526091,-0.001976109641239569,-0.008697859452596038
-0.02656791049845086,0.0016507492427916518,0.0015961579747750536,-0.007773659986626958
-0.0077115628876557405,0.0034973704001446276,0.009287576409365231,0.001691126282823399
0.008526766298909095,0.005880738467678974,0.0074854946351307575,0.007297659169573142
0.03254739989078826,0.001273593768283595,0.0028376174349980295,0.012219524811819597
-0.031493370900151266,-0.004248821070304538,-0.003256097558618528,-0.012999416843594935
-0.02264563090185617,-0.013344133628943265,-0.0013823399498492598,-0.012457355702848071
0.0029655741922065613,0.014661415915347182,-0.0025329925995294027,0.005031327471342278
0.013124468528124964,0.00664963260691418,0.002208243710760032,0.007327440954484776
0.0018773255934367555,-0.003685919674417532,-0.0013739201754189422,-0.0010608370246284874
-0.011429023505509664,0.00490008209596375,-0.014388429496317084,-0.00697244999616403
0.03431146049149414,0.005930484371455671,-0.0050237927263717015,0.01173937230614199
-0.015814082670551777,-0.01608440200303237,0.003357222707098437,-0.00951374447507458
0.010966803598860297,-0.012212542091895082,-0.0022118048206239515,-0.0011525132853718075
0.014204303851016939,0.007014305034138982,0.0014766881745534488,0.007565091454804103
0.016016247907830447,-0.0008364620498053373,0.0024144252309093316,0.005864731164907783
0.003024877939197413,-0.006159437155142046,0.007964941454280217,0.001610125802651115
-0.02687961370048214,0.019213295780405676,-0.014694353918733725,-0.007453549826046117
-0.0273402962804807,0.012105028833208837,0.0014529067128651383,-0.004594115650681997
0.0402687354715559,0.015666366548172307,0.013097618464177653,0.02301088381706179
-0.020283687106722646,0.011737685881412245,-0.01736480738123426,-0.008636927565245351
0.021944871047821186,0.0017218180068405788,-0.009516216815807598,0.004716819362793977
-0.0027555383972951634,-0.000859607692530401,0.004640027033530831,0.00034162663960810746
-0.0013950257478573072,0.005738657998264778,0.01215751974645218,0.005500378498569217
0.008963514750441283,0.0035173318078225344,-0.005236482147099129,0.0024147857222667586
0.017462808438495396,0.00908135485112024,0.003489146385790849,0.01001109321403227
-0.051912667490654985,0.015105575321509667,-0.010153861895236796,-0.01565363570114268
-0.04400193237522123,0.0029305143943556874,-0.006559061209822626,-0.01587681052006966
-0.031298684083265055,0.00013854486817635838,0.013335022906798177,-0.005941699494391404
-0.01966777964276384,-0.0014137166465693694,0.016146216042938658,-0.0016450917703714344
0.02326101710024421,-0.005880108894585422,0.00210636379045398,0.0064957508362802575
-0.038010461364118724,-0.013852352585294424,-0.006757514762152,-0.019540090030412145
0.02833737898996383,-0.000779333695915488,-0.0035819875065484165,0.007992011270480713
-0.06153180236569825,-0.0012952555485735298,-0.006745580092661584,-0.02319085614476512
-0.0027355531534016173,0.014562163541778299,-0.002163224864191694,0.0032211252869331543
-0.03527607232749612,0.007977081901220137,-0.0072047452886052805,-0.011501233737048516
-0.013706612232072441,-0.011775219120283549,0.0010480313063358773,-0.008144591870740021
-0.02854231650686845,0.00999404037599508,-0.009072697788005598,-0.009206982099301684
-0.04521134813206547,0.002771650244826228,-0.003313755954332459,-0.015251136029372619
-0.03950960186875804,-0.006421222225306633,-0.0006679413671071583,-0.015532906287468791
-0.06735683341895107,0.0018228547556136368,0.004500388550071378,-0.020344509693225314
0.001054399696485225,-0.005659580418249802,0.010758588648657093,0.0020511339244948627
-0.013222266675102325,-0.0071604433151428865,0.005645769695691076,-0.004912308519204613
0.015324675250151137,0.010912714677657934,-0.003004260969450928,0.007744368575076394
0.0685243319919497,-0.012191148855873631,-0.008795936041872416,0.015845733185652185
0.010343621773131377,0.002441602951367871,0.0044699297828569495,0.005751712417400564
-0.022328229752412485,-0.005831857910674025,-0.007790560052455441,-0.011983537254964744
0.009087045102583421,-0.0009136502258921929,-0.0013436507665081166,0.002276579093479667
-0.04869876498765212,-0.006845061471352575,0.0008663370026830903,-0.01822581159294405
-0.017566575236240462,-0.010370348234282614,-0.0030116872234706694,-0.010316193248461015
0.04589361637357827,0.00014684792823450616,-0.0019518606888570297,0.014696186508117376
0.020287204356091066,-0.00708681960232582,0.009061168571275544,0.007420510354495821
0.0021548725727136937,-0.006427085991960979,0.011944472252041176,0.0025574170535116857
-0.003412488501698591,-0.02317788617150937,-0.003793043652161898,-0.01012779598065051
0.06062997255124437,-0.005167227835354124,0.005317216161886573,0.020259966699271978
-0.03795430592909893,-0.005823244737550708,-0.005151584731707737,-0.01630969548974066
0.04335317752973741,0.0057933359951824704,-0.001620665568494873,0.015841933476859017
0.021782133669928115,-0.008193047066937135,0.012228393591121267,0.008605818125544017
-0.01007858156626368,0.009368340507261404,0.006899575264459957,0.0020631093387078253
-0.03552710441549881,0.005181830296356459,-0.0008836884907024985,-0.010409643793627413
0.0023244819179507013,0.005667629458600165,0.00792994699543177,0.0053073474833080884
0.007930970923063484,-0.00044439029088544824,-0.0063999456879432585,0.00036221128586661085
0.0180948771666252,-0.004096336957680156,-0.0029765412607482265,0.0036739959753992893
-0.05275793513293226,0.0019789252837375715,-0.0002285215442587073,-0.017002493461974
-0.026643160029482176,0.01657873403639776,-0.009251361103217113,-0.006438589260171478
0.05365381942093699,-0.007265739858379501,-0.0034242268543468904,0.014321269914785965
-0.07973029727637415,0.0027505212200850614,-0.0019157096817904898,-0.02629846894753128
-0.046468461771386915,-0.023183474956113958,0.005655502055283236,-0.02133212355859432
-0.035475123163695894,-0.010660963272923374,-0.0008908021225245604,-0.015675613844085088
-0.021661122767747627,0.00684966927673551,-0.004943193780254684,-0.006584875838873176
0.003666767156833119,0.0033370350015223048,-0.0017498935970428095,0.0017513011024680174
-0.01871105212420031,-0.008297489317008636,-0.0030605691025112395,-0.01002302682486988
-0.04483946968993852,0.009622713131838755,-0.0002870088615895474,-0.011834576638641297
0.02583224337252867,0.01745369848749155,0.007836723760705237,0.017040871499353277
0.007799552329878974,-0.013753496541215111,0.0009171022067069022,-0.0016789456559290763
0.03691979977038549,-0.017406664492691196,0.00610955486481839,0.00854088817327418
-0.015096881918635261,0.004627180389377309,-0.006507316585461038,-0.005659000379233625
0.015172634717620911,-0.013204142447974321,0.011698805295947879,0.004555761299432301
-0.04626831480726923,0.006431973363092224,-0.009037515309665678,-0.016291269293328643
-0.002070271202304475,0.014791802665622104,0.008420889581666226,0.007047466634187603
0.00869551432020285,0.008983594864769932,-0.008567068448256679,0.003037343874891789
-0.012927801602526053,0.007850328679926242,-0.006878746156836212,-0.003985402374405647
0.09566052848634306,-0.001179954318656575,0.020174999002261353,0.038218486171458226
-0.05029892408247924,0.0046981471065811594,-0.005748158643371743,-0.017116294756778068
-0.012325938844538236,0.007994465388880132,0.005098839162938566,0.0002557883133049184
-0.020761962661010915,-0.010179108552414884,-0.005407233654862904,-0.012116089506661277
0.00999061804808348,0.010527981784348214,-0.0017129390093154097,0.0062685473391518205
0.010544763504331648,-0.004635560736326227,0.006752351702899591,0.00422051393645018
0.030244388447258613,-0.010604302708173674,-0.0038269724855974755,0.005271032480124736
0.0048386622934823015,0.013446273627928716,-0.013847302503304227,0.0014792096601577906
-0.024727022116930637,-0.0056310915850325905,-0.005425449740525173,-0.011927842552974985
0.0021818504622358914,0.00033997420622030444,-0.011912996380191377,-0.003130387440187823
0.02147486265297428,-0.002313249225088025,-0.009227918500842461,0.003311228331116289
-0.006887479683963773,0.010770212808514678,0.007791200824629231,0.0038913074250820625
0.0033513810962708373,0.011431862156665794,0.01430320445513198,0.009695472873873635
0.026767528425938936,0.00772339037926678,0.0065711861836358215,0.013687354642245516
-0.03424326055622856,0.00817101167241372,0.0018846899255733683,-0.008062511590227504
-0.010205248735845593,-0.006056886137521217,-0.0009979582094286074,-0.005753358607567444
0.014907792226681336,0.00784584991603649,0.004967177476614163,0.00924026396617079
0.03663051358435392,0.02539494048084224,0.015637775835464194,0.025887717412476818
-0.02647178189624739,0.022682107612161946,-0.0009095059923517734,-0.0015663918590856462
-0.015677593820303086,-0.01744503310851415,-0.006815554477225982,-0.013312713822620606
0.02633262559742758,-0.0007126731203596245,0.012899369934860756,0.012839761297535432
0.024198597932669416,0.00934483242186437,0.0014965032772095586,0.011679966197269903
0.03365992256843464,-0.003773131661527499,0.014229495064156553,0.014705413951592574
-0.007010845291616236,0.0033241484395618213,-0.0011038050061387581,-0.0015968323558971048
0.05449069044524217,-0.005243055895900106,0.0012062644222659235,0.016817949505903006
0.010612186545635064,-0.027144580092893552,-0.006562006639202304,-0.007698125697353534
0.02708962874697829,0.0019778989523206946,0.012115114964672597,0.013727533827109638
-0.0012832090872292447,0.010437294702852802,0.011667713344587053,0.006940592712803883
0.025461287066162578,-0.017515693169029307,0.004229649755199536,0.0040584104923630515
0.018478737120778882,-0.010005789104407532,-0.0015863381150814193,0.0022955343382266764
-0.023585141961613668,-0.0019710696185702803,-0.008561368421260028,-0.011372515294621325
0.024891937253491547,-0.006634994165168203,-0.0031955184149392124,0.005020469870653153
0.015889252121362385,0.0080791184559429,0.007839446864936503,0.010602595211474782
-0.06384139729489823,0.007900131024436345,-0.00032830019626750215,-0.018756503399054304
-0.04251922862407424,-0.0010671790331373493,0.0011063328759437151,-0.014160010767064364
0.03811494626935958,-0.00152377675788572,0.0007021085485513547,0.012431080255582384
-0.02905593765601799,-0.017099440945637562,0.0132430985750174,-0.010970749038119374
-0.015264082975920506,-0.003107233469600247,-6.785495237203584e-05,-0.006146384319573797
0.01515672297541188,-0.0011025572894626584,-0.0014198812277886005,0.0042114239412920544
-0.0009780509446378175,-0.008042137796232474,-0.010725593691019572,-0.006581920895369143
-0.032816214584334015,-0.011231941880710078,-0.006679711074942772,-0.016909272270706443
0.07130369483215183,0.004348643359766751,0.016898331128466147,0.030850192256571804
0.003941520979213965,0.010555907377801418,0.0005292389104946055,0.005008884080280907
-0.023426139923115367,-0.004083691880946435,-0.004429275826231836,-0.01064635856372867
0.015536706500653363,0.00677952296335569,-0.0035363448371123238,0.006259955282337368
-0.04953896829427906,-0.001187162689110306,0.006809901462343625,-0.014638728534938741
-0.04517671065118177,-0.008029629329043912,-0.008779894465639643,-0.020662057486543626
-0.0092532396047294,0.0029148822752989895,-0.006335158231210832,-0.004224500962375227
-0.00811579110899297,0.0073359245627049804,0.01226742059727831,0.003829180854478756
0.018452253966036575,-0.0013529529755298146,0.0033629176451614525,0.006820732724483192
0.012295693432517534,-0.0028301546750509935,-0.003685762255740617,0.001926590240649807
-0.02544208912570144,0.011060727768387069,0.004017745631176478,-0.0034545351208407223
-0.05950504267835587,0.009280168817547086,-0.005220961947512103,-0.018481926787495027
-0.01327036511255637,-0.002213126556373283,0.0016478626316680282,-0.004611871733877529
-0.012590491098222672,-0.008063371802678134,0.005649766712023271,-0.005001360394927115
-0.010231611496743414,0.000620409191802684,0.005485517172929064,-0.0013752270021088445
-0.05771595956224322,0.0026990318761680107,-0.00995079358726145,-0.02165588543520513
-0.031521832073549055,0.006443347073493865,-0.016637281483566427,-0.013905241589285045
-0.024204861283731758,0.004742598154091165,-3.099597849746819e-06,-0.006488447754042537
-0.007530022415260133,-0.00308713741192573,0.0045728404312841125,-0.002014771117194118
0.017886412069404334,-0.002611980990011942,-0.0015234545697697345,0.004583654252882049
-0.019796912774863597,-0.0027495012642833063,-0.00933810619403967,-0.01062816278288878
-0.03231832338014765,0.002177045626784465,0.005806884186201899,-0.008111456410922575
-0.007516889938371707,-0.014711319732651872,-0.007275079770295255,-0.00983441997934313
0.01487195886458554,0.00196472576788238,-0.00036195386893885656,0.005491571429599433
-0.022744530049844718,0.016526519493386592,-0.003320731491188039,-0.0031795775029680386
0.037707353616850535,-0.010950951677554652,0.012507652881577142,0.013088005185606068
0.006713653647970169,0.0020409617218011982,0.0021821337097953143,0.0036455793809392007
-0.03470803312275257,0.006941339396384251,0.002827133389619767,-0.008313178465729404
-0.027989894271104567,-0.004939197011655861,-0.0015646007992566133,-0.011497885862774986
-0.030501841642393477,0.02106493706101757,0.011875125420190081,0.0008127394668644446
0.02355999096997576,0.015532665396024735,0.011781864090446018,0.016958156527308685
-0.04151361193962011,-0.0018545637079733627,0.004918317677782084,-0.01281660650665114
-0.048873756307707815,-0.016248137432521098,0.004677037760208147,-0.02014826517838826
-0.019862534882637044,0.0035993808141264122,-0.012369935476527974,-0.009544353637316353
0.010081784666458548,0.002397773747130003,0.019489823114689803,0.010656449852965608
0.008951767735293131,-0.0016487083285563167,0.0048385132633790295,0.004047186842847724
0.0030710390049783856,-0.012156399432189383,-0.00890387749849672,-0.005996406645489931
-0.0026300206722356264,0.010314979735168647,-0.006546929711764311,0.0003793427377131196
0.023416417830377317,0.002678650208737399,-0.0005932710659637063,0.008500590490451345
0.025252561484249394,0.013510921139198495,0.006334809695580625,0.01503274907357873
0.052471914621710476,-0.004666995680020607,0.002591165349242929,0.016798677964949504
0.05081734698239987,0.006595621441000219,-7.202957415532998e-05,0.019113627169435304
-0.005471689442746029,-0.0060896149405992575,-0.0172919630198429,-0.009617746183306927
-0.0006489446969461569,0.00019352129167429842,0.0059031204359949446,0.0018158971943420185
-0.0036693919299977226,0.007751098250354749,0.000523172845449517,0.0015349581869757924
0.029695901035476372,-0.007827312022804884,-0.0004680016666198713,0.007133521981821424
-0.057840614188457845,0.001385685883202793,-0.008296228567992817,-0.021583697374030333
0.052313438220852645,0.021562205794857202,-0.0011470089620488882,0.02424285410834197
-0.004293569567383606,0.000273039900551953,-0.012484397989081764,-0.005501637050328587
-0.025825457775322865,0.0036317689474196224,0.001402543980284953,-0.006930374685491147
-0.048237028639293106,-0.007673637301248027,-0.007517624110038736,-0.021142742207429937
0.031623257266862034,0.021710818114476827,0.0046295945156184255,0.019321203977762463
0.009881164330896463,0.009638653060676109,0.003569062097597597,0.007696285466763559
0.00112929594391887,0.004248568590816391,-0.003156206363168054,0.0007405519833030116
-0.001348029230911906,-0.0003592386986233045,-0.008574672594217857,-0.0034273100806041816
-0.04229858192434747,0.00023378819339689802,-0.0018990773393496416,-0.01465460903547638
-0.019798023082733575,-0.004424512521027095,0.005294700049126225,-0.006309272208932964
-0.006293838918615858,0.004709382581216258,0.004731013646685404,0.001048851387576165
0.04053575456499778,0.0008692369794986304,0.0029813052103590467,0.014795417456186233
0.010933322314518703,0.006914849098992241,-0.011517209845122764,0.0021103184124755376
0.02117950398502089,-3.117778277233704e-05,0.0030231721809897217,0.008057158070579964
0.03766714551500726,-0.006908373641613804,-0.006807992309277864,0.00798358520444534
-0.027476114756225193,-0.0021096090660449366,-0.007234219051538199,-0.012273302017955151
-0.054986562056076584,0.006879481557961375,0.007063009487364411,-0.013681343322226595
-0.029867559152981175,0.0018658129382143102,0.010561638960572103,-0.005813363271362503
0.011554598601097235,-0.002228835249884428,0.002430619575664217,0.003918790390164699
0.007814918478036954,-0.00818118731510883,0.004299718960513279,0.0013111487299970939
0.06136996249771758,-0.004507759968068812,-0.010899816358716884,0.015320780069515236
-0.02900689488795904,-0.006959374801303392,-0.012719663997048752,-0.016228628333459165
0.016328786767380928,0.011045458207732634,0.0038095756243079577,0.010394596471866973
0.013202106252637087,-0.009118833176781287,0.00845567398202624,0.004179644839644994
-0.0419179185321639,0.004797085624688029,-0.0020246912763695526,-0.013048495012773746
0.05716147626557637,0.006520116795748848,0.014156522053579373,0.02594601242559649
-0.049179230633735256,0.011337251170804261,-0.0031374019757061575,-0.013659780153085237
0.004772419781475567,0.00045510412882461657,-0.005630192575364108,-0.0001342227541317529
-0.010501719900252877,0.004393993219598809,0.0013200016668502982,-0.0015959067420262519
-0.014057223105860394,0.0013005093516570208,-0.0034533500297735963,-0.005403349191304395
0.007107922917470304,0.002515342515198819,-0.0011722118832498446,0.002817015032788576
0.012306202302998946,-0.014174613377510477,0.0004718831043817274,-0.00046550885786727743
0.013469281733200214,-0.004107907693563289,-0.0029485643765016683,0.0021376010834418644
-0.03433014414201889,-0.003214739381283213,-0.0037104037714982305,-0.013751748679837679
-0.011287474031659877,0.016643376592991598,-0.0031671039881327255,0.0007295987948001413
0.04141278063419815,-0.004015832404036508,0.015484535361437046,0.017627143570038365
-0.06873330953844979,-0.008037001894586022,-0.0026913832967855704,-0.026487205089375552
0.06184849197000619,0.008983342140987977,0.0012007503802615985,0.02401083748622376
0.023668997017719746,0.003916424204665723,-0.00046413923809665494,0.009040418287668944
0.06833261828782675,-0.001109574785640562,-0.004449576229394257,0.02092446816644155
-0.0029621826905070173,-0.014780959619122323,-0.012643483879588403,-0.010128865267530518
0.0847601476015272,0.002482653755021742,0.015445359100476452,0.03422935258962164
-0.060746696767685425,0.00813262011618206,0.0037635244040406333,-0.016283501132303493
0.017312748870292913,-0.004934677790419384,0.02103491365555518,0.011137650440814656
0.05201726399301198,-0.0013650172040735532,0.006900391581382205,0.019184193605894087
-0.03180604172470323,-0.0019127305257317278,0.0002819655736822441,-0.011145591079982012
0.016391737035043343,-0.00035185966748128665,-0.0014518187488937726,0.004862681343536555
-0.017018734692241157,0.0023024952736225945,0.0033080581281282866,-0.0038027232941029955
0.004923234337121849,-0.008742463678450442,-0.002909667402327645,-0.002242963338253165
0.061816425014677774,-0.0061116400059596215,-0.005355157370408259,0.01678319242956075
0.023740564124396714,0.002740515945041229,0.014018692229605416,0.013499910599757019
0.07356635195214659,-0.026928473421036516,0.0034846759728318073,0.016707501460462456
-0.003937755652524308,0.00021370933555398555,0.002593429908853178,-0.00037687175916691225
-0.013379963602686597,-0.0067261594673507655,0.0016221431366977537,-0.006161320483119892
0.0005139127950346094,0.002693194087908697,0.00025735538801777266,0.0011548196021662694
0.01001110809092555,-0.010354970919856096,0.0020125020007634503,0.0005562125010645775
0.09886118420226289,-0.002801791298863178,0.007026985845661648,0.03436209188756087
0.003381003413371127,0.0010695903846971576,0.010131767458977307,0.004860782224894778
-0.027769973102981155,0.005371849546648345,0.004031493625985131,-0.0061222038545725825
0.034541348671026983,0.014958278689361478,0.003049013256713394,0.01751619602282041
-0.024270914597766875,-0.009541164219010228,-0.0004318198155218321,-0.0114146214628001
-0.01952535378640471,-0.0026638733566177186,-0.0069153742092619395,-0.009701524082561004
-0.010506848063514975,-0.008491475815588465,0.00274761583120632,-0.00541689726572969
-0.03488517734139785,-0.007319607052955458,-0.0015621030835567423,-0.01458894790367419
-0.030841735425563652,0.002286755380232666,-0.007712049957640231,-0.012088997911980405
0.008670958702512423,0.008959463034137399,-0.0011503315383158074,0.005493357906081272
0.007889778587576605,0.008383751130265207,0.001554358245017793,0.005942623378323881
0.06484930070737012,0.0005508184367128302,0.004628044767458019,0.023342697961125685
0.02979103962247415,-0.006662677818627089,0.007370783844612885,0.010166371716438099
0.055474649165598675,0.010638308259226948,0.0015756695763998328,0.022562853104199483
0.03433497550345774,-0.005033786656015723,-0.0008854535479619907,0.009471902294581575
0.010813538042054194,0.01633760589533693,0.012304430633200948,0.013151845038339166
0.04347237027491181,0.0005527374587575362,0.00555227084819011,0.01652577633482696
-0.039908847816015405,0.0185708601548409,-0.019490142300646086,-0.013609363044563543
-0.002227383031274162,-0.01806770239776675,0.0036151341472566417,-0.005559978200610997
-0.003923256388240438,0.002578382706847639,0.007684586550136988,0.0021132355096771067
0.03496040690894878,-0.003830715908028881,0.005247572696173167,0.01212574243994312
-0.02979857890360617,-0.024796015122780214,-0.007405077823329623,-0.020666536616681386
0.020672660595378797,0.006007846403958375,-0.01034732473051008,0.005444388645214941
0.025973036019421518,0.006173555858430685,9.430089365202983e-05,0.01074695351020382
-0.0023547271019881007,0.004624044912416199,0.011075079533934456,0.004448127999988403
0.0035700581462474973,0.0016336048091671962,-0.0013755508484140297,0.0012760360929628522
-0.0008336680460788635,-0.004199070568173104,-0.008164666278833698,-0.0043991305652269245
0.025191890009958806,0.007399355951333594,-0.006136319728375833,0.008818299925996777
0.02936994489450768,0.0031822806730294937,0.010487849182109642,0.014346677236524023
-0.005342101934730753,-0.0034233614366391356,0.005724358072455325,-0.001013700752603088
0.008110107680103978,-0.0022414534096424506,-0.0007211073769442596,0.0017158472486567915
-0.004363915784019087,0.011828859471872661,-0.015127941885281002,-0.002554330178143076
0.008036056799037097,-0.013745052057176108,0.0033207349829129902,-0.0007960859623219151
-0.027293146008020675,-0.010929930487034792,-0.004560143971129025,-0.014261059227654676
-0.003095119193722851,0.006612610754805257,0.00015991261034739557,0.0012258001646752103
-0.01588863618719271,-0.009746283073252551,-0.005265998011015472,-0.010300295456847821
0.017755874165382563,-0.0004906320712434394,0.006208210487939115,0.007824476369541885
0.04937898700438533,0.02298824535248764,0.007551303224140559,0.026639485220825983
0.042796352336821435,0.006494146839697201,0.004281511175697526,0.01785731892673527
0.018636923559592213,-0.01214154324221657,-0.0002780709941484906,0.002072434368639277
-0.005512910727021338,-0.0018852289696764148,-0.009786808075963332,-0.005728310195904437
-0.030530964285570002,-0.0013422579904263585,0.0034990421611469234,-0.009458050580223107
0.03708108690802219,0.012737942497910918,0.014048812433895224,0.0212892593239955
-0.00878435448004844,0.010331336913357105,-0.0032795453744623895,-0.0005775204028635941
-0.034255399916747316,0.0055196167392998485,0.013670112184641196,-0.005021885309045094
0.03303409513798201,-0.0030861372477661514,-0.0013310382649745042,0.009538963669440575
-0.01626955687445548,0.005223676106202353,7.699344511743328e-05,-0.0036562921180827903
0.0013358491688344044,0.007253247962133135,0.009205360331144316,0.005931479889218131
0.02038229294069801,0.005707630156560374,-0.004218853525200978,0.007290349233662611
0.0852735790881131,-0.0017425596207877583,0.02450343370973299,0.03601144838086839
-0.02186058270730578,0.000852608449647012,-0.002695364167014396,-0.00790110490711158
0.003472578812644482,-0.0008886595730546255,-0.00920663794276186,-0.0022075706934844334
-0.032625436699973746,-0.008276802236926244,0.0011831095796375965,-0.013239696546044344
-0.011040457140979305,-0.001629073012559302,0.004603670518356035,-0.002688617189774312
-0.01563671428786273,0.0046925451163899665,-0.003399582710429705,-0.004781245846050195
0.0013848851526471985,-0.00934475953977811,-0.01294293429399626,-0.006967595926106163
0.05100930316422952,0.0004563550105354414,0.004147982587836442,0.018537861716320214
-0.0019654773645173605,-0.0009531238057073093,-0.0018282711504329532,-0.0015822891912617675
-0.045173872514490024,0.01519245718144199,-0.0033684233296414697,-0.011116601770950281
0.006107907508904222,0.01525105901570319,0.0050606874627468,0.00880654252256674
-0.05044783010101824,-0.0015627757116460604,-0.0013528756078054443,-0.01778780935232944
0.04412274974145944,0.008048592315803202,0.0031025360179356906,0.018424607600440086
0.014070531633752686,-0.011412222633550193,0.0015787263698043624,0.0014123437109904954
0.03932398720972746,-0.0017305082531487216,0.006235172900871928,0.014609536009599603
-0.032316485155671565,-0.011121829124920341,-0.013853756699220869,-0.01909733789591393
0.02922065858561655,0.012744513003680116,0.005074100358003562,0.015679741636009426
-0.011177200057647756,-0.007935019073145736,-0.003792932950417592,-0.007635043058686334
0.014226155568342126,0.0018765663801622954,-0.004730933970621,0.003790592202031814
-0.06503226185921271,0.012057989453821215,0.0024382866363403728,-0.016845311744355117
-0.061997791470295265,-0.0006588877447290129,-0.00512214638928001,-0.02259291927515956
0.014336381761293919,-0.001057112020407063,0.012021620169073495,0.008433621536356814
0.0763735323808705,-0.006675943217538776,-0.00886020744818338,0.02027910695925554
0.011622298828855205,0.0030427097639321066,0.007042050075667737,0.007235678987132127
0.05451989076245738,-0.0071444668407071,0.017481975945950783,0.0216191116701004
0.047950382724345875,0.002023137538968049,-0.0012156844500254898,0.016252595685150875
-0.010064329382015517,0.0018373178223728675,-0.004666639715608399,-0.0042978794605332575
-0.0114508513531899,-0.014615326633211604,-0.00721700655227355,-0.011094383751830172
-0.020042776151031148,0.013589111702956866,-0.003460020646957327,-0.0033045583937821718
-0.011332843748344262,-0.013307461547012239,-0.0023101521180611314,-0.00898347682098674
0.014116364842876778,0.004260371192480085,-0.007207276350311586,0.003723149505195197
-0.015535780477332905,-0.006174905404743045,-0.006444491357823424,-0.009385049694907378
0.0189690260764415,-9.107698113963833e-06,-0.0019224765648883525,0.005679141591999123
0.006646457785375733,-0.016494312208675636,-0.007260910283391072,-0.005702915865975423
0.014423991174734583,0.004575754540251838,0.009039359791203277,0.00934635915569473
0.00843859908255975,0.002918996777640217,0.01272004414264848,0.00802587197506948
-0.04199272515759784,0.009453737606038355,-0.013687837889321278,-0.015408926404685106
-0.029837964031144647,0.003559389236751355,0.006330694760206047,-0.006649286695435737
0.06816085376303578,-0.0019873470474670797,-0.005903910969547819,0.020089845158808378
-0.01980294924978882,0.002429100610648193,-0.0075663004501401645,-0.008313374716377234
0.01688621905194065,-0.005073000503614997,0.0004539250484992249,0.004089043776560428
-0.013903863766150989,-0.012561430987033984,-0.0176976080983832,-0.014720952896221773
-0.048487942103629084,0.0007308924380971728,-0.009505010191383062,-0.01908733419828504
0.046028091487984715,0.0010642750112089653,0.01110229413855523,0.019398200814362755
0.008887261765270387,-0.008261878890209554,-0.01379527148881365,-0.004389958481288068
0.0031011217893878572,0.010423073427048736,0.007442861299475894,0.006989011849618657
-0.02434267915664389,0.01033168172322723,-0.018241122561393285,-0.010750695914229983
-0.0029780533029339037,-0.004266544301279025,0.001948733101992485,-0.0017652864021186472
-0.03735779902919707,0.006940333484413642,0.006233620399508319,-0.00806127365380999
-0.03612378392277768,0.013955495628900987,0.005999822838181226,-0.0053894830957433365
0.01957625868605404,0.0009222278957843952,0.004795974617781858,0.008431478635053032
0.018891642155129933,0.006794469509002748,0.004400707762283853,0.010028929779865702
0.03785304337253087,0.00912728565902935,0.011637395193418214,0.019539221869084734
0.04074007286771992,-0.00518171500852632,0.004753341246645383,0.013437219598046625
0.05849273074113729,0.004862181579011336,0.015474484487719733,0.026276439326157183
0.034796164669265536,0.004307766155283571,0.007906827060412815,0.015670236958068014
-0.021782589786595315,0.0037119517059866296,-0.004332376841848801,-0.007467664173147521
-0.042244977093628955,-0.017957340212173777,-0.0008917417885536342,-0.02036466600009909
0.0006667506155236774,0.009687043894377727,-0.002623917253427138,0.0025766231755323366
-0.013894707391285566,-0.007015743607060099,0.00831648236689491,-0.004197985345827375
-0.01876355680748842,0.010164994080335379,0.011569760168345782,0.0009903981566650997
0.03547162668253776,0.004193548601711511,0.006194505749829873,0.015286545058132702
-0.060020457440667425,-0.029172936909743156,-0.009146247823442064,-0.032779847944736824
0.00923089684587916,-0.006030305134955959,0.0059450305556742414,0.003048537706991725
0.014542491000025975,-0.014926269023072519,-0.0023426182083626317,-0.0009087978350043142
-0.012555513906040962,-0.006530024316001514,0.0006628467239145539,-0.006140891025145474
-0.023765261761504078,0.006676603804099841,-0.0030368357562299358,-0.006708491196046819
0.03892467403009982,-0.004122464872548219,0.007590570201450595,0.014130912322074278
-0.01061576605874135,-0.013968525701192214,-0.005429165829002765,-0.010004475858492914
-0.018545206276513786,0.010421432831723114,5.478360113687951e-05,-0.00268966059155465
-0.01856659375978371,-0.00638756531702638,-0.005431538540901077,-0.010128555744004517
0.005218575144417079,0.014630724364147165,0.003312733257321583,0.0077206698679510195
-0.025344448028575262,-0.006312495372088267,0.0006002710070893986,-0.010352213778967246
0.002116463333397018,0.0023231065072783167,-0.003893662814042229,0.00018196882690869298
-0.019208815724328403,-0.004805560355433032,0.0014647909630045703,-0.007516520855723917
0.019013201555566104,0.016630918326949087,0.016644198451739,0.017429422015311953
0.018249195326616712,0.006650066114096905,0.009633356577513259,0.011510861161869619
0.01634926798996069,-0.0096125994530994,0.002864948806935032,0.00320053591405966
-0.019842518425796905,0.008546861150521081,0.012195670594144207,0.0003000041396183546
-0.005250622446088739,0.00323268509306299,0.0024850908021048267,0.0001557176606418762
0.06158386188305822,0.001487925591809721,-0.0035480888854751195,0.019841213021898077
0.04606029951339478,0.011945127055145801,0.01668484611347991,0.024896732663915937
0.024746460773761875,-0.01041320496210862,-0.006230113934794081,0.002701044591239099
0.05767682051895326,0.008477409908382888,0.017102922233966568,0.027752356468050018
0.008167250907030497,0.005084361047784965,0.004126999991843465,0.005792864856015659
-0.012924444406574705,-0.013077829235079193,0.006505198483106286,-0.00649901855382415
0.01466124442186534,0.01339945496149772,0.0029774155031049155,0.01034602794945103
-0.0050145481777503585,0.011189894149033904,-0.003437100106820056,0.0009127477087392083
-0.0077287823826534124,0.0007173682249377046,0.0005069317504538783,-0.0021681586342598073
0.028293097526335773,0.00575625300105401,-0.00315072912118012,0.010299530169196085
-0.024112802434022113,-0.004070700001348881,-0.01744858285206683,-0.015210679885117512
0.03313339044506751,0.015978512097296293,0.0031532398141041113,0.01742169669710852
0.005877477461000944,0.015542873753625636,-0.0008707611119916554,0.006849856517681608
0.03601088895902114,-0.00036522464880307467,0.0030750597162137565,0.012906895101902599
0.027125561359300155,0.0012617008649127106,-0.001840328962457831,0.00884896890494059
0.012419415601219915,-0.016847683236852457,0.0057834372635024965,0.00045172275756677553
0.04554612050302197,-0.007356738118994777,0.007057519828588304,0.01508228565523776
0.04032721641633965,-0.009305233575414682,0.011883743066314007,0.01430189433383769
0.03892648960261611,0.006835742597878243,0.013585143158162024,0.019782438670427005
-0.005247077151943192,-0.0051414265834963686,0.0009707813498068957,-0.003139237655970093
-0.01027031142307891,0.008902203754019303,0.011583137839811951,0.0034050066519073913
-0.03451694729676405,0.0017261218931896895,-0.001372905965625287,-0.011387899068489426
0.05300215738384767,-0.003834388928538855,0.006887286138884285,0.018684999513046165
0.0061109614972551796,-0.007956543031757357,-0.00482870309180352,-0.002224759317340357
-0.015297806955683713,0.008945177576015532,0.0026420185550114425,-0.0012368690380153047
0.009347353440513694,-0.00010184051746122075,-0.002002513141789055,0.0024143308460878787
0.008262397171442212,-0.005083156819647343,-0.00446034979696317,-0.00042703605468628496
0.05565983378788693,-0.016421053427625055,0.008916968017537939,0.016051900074017144
0.04581394013893478,-0.002718551046675828,-0.0018214749653172693,0.013757957617675851
-0.004856484031940854,-0.0014320334309525914,-0.0022732707958376315,-0.0028539265656476057
0.028897656703843554,0.009679129683205112,-0.00159315953681234,0.012327863288869825
0.030651694237258983,0.003882748132280849,-0.002017818091753196,0.010838863920387451
-0.01771464849161199,-0.011063053433445356,-0.009425141363599183,-0.012734268361937745
-0.0042885324108894625,-0.005016656151649495,0.0021371442921143454,-0.002389345700793447
0.001110348274094979,-0.0069696710589087505,0.0018253459752305124,-0.0013446575918688167
0.04352642171922279,-0.007946892101414051,0.007328044191791663,0.014302510300675529
0.027875175859137225,-0.0007476089929176368,0.007394959568360905,0.01150749730401802
0.009683732604950238,-0.014472622317078155,0.014763766823765513,0.003324955712253495
0.028126216657407766,0.012362463017864346,0.009209643067280376,0.016566091014743246
-0.020658620232515655,-0.0017943843626752826,0.010257635245221306,-0.0040651190515334275
0.047360468505384806,-0.0024346827776769533,-0.002452603964656889,0.014157713096623066
-0.05099062726639129,-0.01579863630355233,-0.014724391223802384,-0.027171191093363734
0.021793381927880693,-0.005128800886569334,-0.003248978277449181,0.0044718631160864716
0.00575176273125463,0.005558115809937144,-0.012643009977338414,-0.0004443767010050674
0.0037854977058422445,0.007878926499043854,-0.000379524999593662,0.0037616293067977437
-0.04423001873777112,0.007987460584406657,0.0072761251879972545,-0.009655467999644746
0.012001856386979834,0.001249686148808667,0.008030058550295278,0.007093859934827564
-0.007729676905495007,-0.007013231806073324,0.005193626088154572,-0.0031830910247103786
0.014356442056128248,0.009054424457158495,-0.004078863350301344,0.006443994610327412
0.03097358651087467,-0.02697719499599039,0.0023856325009779513,0.0021273392112794057
0.046372904873995806,0.011896457156844762,0.01159061882883334,0.023286636999897685
-0.013919688005183343,-0.0037999482978039027,-0.003872103508768651,-0.007197239406672028
0.007613809283411632,-0.0022152063221994524,0.0007858030908876902,0.002061466622564606
0.07556120063634192,0.006854579386924813,0.0007354628059718688,0.02771705322599859
-0.0010294108198996873,-0.025868879009579997,-0.006245372775222956,-0.011047876487013346
0.01380309452660373,-0.00815219325710219,0.0021662463879339594,0.002605713280095947
-0.010775788404650797,-0.010250842471489172,0.012596889356073688,-0.0028099110301082536
0.0406733229216895,9.17425797037683e-05,-0.004512952746932175,0.01208402550078278
-0.014786840663611696,0.009126727749463196,-0.0004402919426504449,-0.0020334662521313625
0.01304214485199099,-0.009773129717497086,0.005038015836994534,0.0027690075548191554
0.04410629326270656,0.0031926303324383704,-0.0014012430980476632,0.015299211533138922
0.04422255450341249,0.004468488791941896,0.002319039755464606,0.01700334401357865
-0.07434153150978766,-0.001529785264311663,-0.015792434872395827,-0.03055455332758117
0.0212887767904894,-0.012994636080888399,0.013797133974201249,0.0073637508641758555
0.05312328106106242,0.01320819840897489,0.023710184881412435,0.0300138581032618
-0.009804145099805438,0.006344506403829613,0.00652147342598226,0.0010206105560572347
0.0886415742297508,0.0021399714687679937,0.00931074660173486,0.03336406406932045
-0.026987993192315474,0.008290411095520294,0.002566560345535018,-0.005377001873412803
0.03390749611559144,0.0016881973958632877,-0.004083610533009787,0.010504017155453987
0.015916368482027418,0.007832402337325536,0.009587421857164059,0.011112053113441446
-0.024480343626891693,0.0018318805626617377,-5.990437560820128e-05,-0.007569448243823572
0.05022783792732822,0.00466324217740886,0.004844690604745577,0.019911903657903983
-0.08256092647431501,0.004002979130434709,0.008711750655377614,-0.023282042280768665
-0.029470909655689225,-0.007199529124956852,0.010179554707898544,-0.008830285860621153
-0.008408509954862833,-0.0028134204482660303,-0.0015387673751887558,-0.004253561672539947
-0.03540715891831342,-0.008092749408540888,-0.009773355370366726,-0.01775773680798578
0.04640844159145708,0.005693432052170854,-0.0010631572266822193,0.017012888459409764
0.006259117941639827,-0.008595573346567038,-0.006052075913004449,-0.0027961743098001137
0.004485077714610717,-0.0019908420288020537,0.0068369151657331,0.0031103805067969705
0.07582249522669357,0.007300776951812257,0.009500579169391609,0.030874586241348697
-0.03483086151342198,0.008749705750945962,-0.013592014467847843,-0.013224376852384544
-0.016401924843890973,0.008683087965667422,-0.006941699534422316,-0.004886840584036485
0.02383217034282699,0.0044074629951804094,-0.0013434276213297267,0.00896539294015732
0.0747111662717644,-0.008344653073932189,0.012217965878458763,0.026194800163937295
-0.018088972463756126,0.010341231432149921,0.0015521175707561645,-0.002065205755075526
0.0036346024553155836,-0.006158915222413319,0.0037836467748217557,0.00041977758279667087
0.027050489657223842,-0.000555334942739937,0.005590035859561908,0.010695052829618412
-0.04371850486971174,-0.008672879349311463,0.0009302465879737102,-0.01715369538997062
0.0011918824382968541,-0.012477510026688869,-0.0007989321255309429,-0.004028182543121081
0.03165930747095769,-0.012336239362587346,0.003443915369411573,0.007588986903599479
0.017437067710871418,0.004393970455044244,0.00554066167651956,0.00912389082357846
-0.011602900600146704,-0.002215860456944738,0.0014312048132616867,-0.004129181285424504
-0.05119673784939945,-0.010446014990765778,-0.005018564764932442,-0.022220416981260024
-0.0276833649157766,0.007614182393896606,0.004795139248211478,-0.005091342666541748
-0.054877141791605355,0.003174037063141597,-0.008575983233877774,-0.020093009227751188
0.024394926581803887,0.0126186202145049,0.00028383837017418386,0.012432449289699268
0.014786981992183743,0.012959990294825564,0.006287829977208033,0.011344922743138358
-0.026847739267834122,0.00364095260176397,0.012429334674980001,-0.0035924804045460537
-0.012344373047675765,-0.006815049183524825,-0.008148714811090873,-0.00910270324471814
-0.025113518298635857,0.00690468287187104,0.008665585805797106,-0.0031810800259060297
-0.0013634343305709887,-0.0010870094946421362,-0.009533808434052356,-0.00399474675833774
0.0331037261846899,-0.0011129384217542,-0.00560027542928623,0.00879682864771238
-0.01255052484844766,0.009707431389770893,0.010133974910245397,0.002430291386895726
0.04332850981569762,-0.004563935706154214,0.006457764561716723,0.015074097816307152
0.026153037348008182,-0.004333189973035532,0.0025434169611330644,0.008121079990947126
0.021274821368982927,0.014920107869254217,-0.008566797601930737,0.009209368002724923
-0.008638222912452281,0.01346948833767782,0.005688419842106619,0.0035065582492156302
0.01241023043151239,-0.00406792821270895,-0.002741844225217987,0.0018668174643758197
0.014295628898907552,-0.006131730982104319,0.0017536545267320953,0.0033058475086609612
-0.005918850976172332,0.000446080451331929,-0.012151102094433477,-0.00587461833180042
-0.02034519648891709,-0.0025273975425524225,-0.009945445993963105,-0.01093933573579753
0.011382440413134184,0.0015980213532844137,0.0006510808724257365,0.004543843002433898
-0.007185171856726123,-0.014641855940353898,0.0033136162938335314,-0.006171130996611662
0.045636519893706325,-0.006934669146382754,0.011399915690269631,0.016700572111942254
-0.009457719425927599,-0.014231136710169573,0.0108429284965916,-0.004281971597859311
-0.030045863778155577,-0.005082727237570513,0.005166525956210255,-0.009987345032483592
-0.0010892097849639622,0.0012841562352875389,-0.001980101885303807,-0.000595051216608265
-0.04821949609462215,0.0022593434960824204,0.010715481524834645,-0.011748211943011337
-0.013544230967057778,0.01121087125834057,0.006749788083384696,0.0014721413194130376
0.0713384650845684,-0.005100674241478824,0.010068230093054277,0.025435314876707638
0.021829835228272757,-0.0049656827303285805,0.015724849398974172,0.010862989769305484
0.018689837943967776,0.0062758411875726925,0.015887768967888006,0.013617802415326792
-0.06054338518501872,-0.003733276970873786,0.0035307665500599887,-0.02024861161997897
-0.04012562467259232,0.007106838887733336,-0.003288008126441013,-0.012102252534835363
-0.03588917240548396,-0.016236098233261227,-0.003224327904280427,-0.018449847731142357
0.033064027805874786,-0.014067413546874262,-0.007038441348587292,0.003986053650746774
0.013774405577787112,-0.006007992664080199,0.0116146409778493,0.006460344836834107
-0.024222689377926043,-0.004815572260972454,0.000922421191157519,-0.009371937443966843
0.003379698873500577,0.0025403264515722144,-0.01883404557157033,-0.004304669110825764
0.013651260859828625,0.0019220709556466565,-0.007300560252624662,0.0027575877633596855
-0.009922641356313006,-0.002515786274762737,0.013087495983223658,0.00021635590102652073
-0.04764111643110338,0.0036653513546735478,-0.002323028138148183,-0.015432915638594934
0.005542766462057001,0.004096287839401557,0.003882630456824996,0.004507223745532932
0.027205595514521758,0.009366245840704293,0.010617312231067976,0.015729702132380147
-0.017699223084856622,0.004639422802446692,0.00831965761282997,-0.0015800459764790966
0.023649621770840512,-0.003058413977226024,0.007385805685833859,0.009325661834144955
0.004958654447947303,-0.0017962041195636346,-0.004086164641820832,-0.00030790446324095006
0.010029529749942055,0.004582494800290657,-0.0032681184557343227,0.0037812982501974316
0.008668022825615473,0.01533814877371806,0.002702814024715006,0.008902986305020972
0.01265057586872235,0.003763459869066026,0.0006678827213063706,0.005693967125725429
0.005279574261067242,-0.005634139155769205,0.005744293661094574,0.0017965744588879483
0.02437914207468735,0.01426003140358065,-0.0011861773717096002,0.01248431955118743
0.01938668215758532,0.006146486516046397,-0.0023047407319756776,0.0077428015710760325
0.045119172001626184,0.005253198110042262,0.006622147153048699,0.01899815342339996
-0.015903222473357972,0.006001326474204235,-0.0016330021750902888,-0.003844962213115284
0.03379741636840478,0.0040106078447775,-0.0028496076725559785,0.011652793860736588
-0.01577830554129361,0.016350142223672776,0.0026458075397837004,0.0010725470015062147
-0.0073917577639701065,-0.008211493914764844,0.018701617986590424,0.0010327877364963887
-0.008304368317485638,0.009191347564497892,0.0025801577659405506,0.0011557111819385975
0.06127578622848578,0.005142153925873503,-0.0006252826353005325,0.021930863908800412
-0.026400754229858252,0.004872365240445237,-0.00030111063958623754,-0.007276492599833208
0.024951124344852072,-0.012719206272019643,-0.00534024504051712,0.002297222046880759
-0.05573385754056103,-0.009135134480177816,-0.0024556310254109106,-0.022441518573842235
-0.007486051857536216,0.0020722701258845074,-0.014810586414843918,-0.006741449307375826
0.012876298587598178,-0.00613385168879347,-0.0014352092966463345,0.001769077431640257
0.04817637568405172,-0.002089124775945593,0.016383591796960244,0.02082359341140789
-0.03737395522234018,-0.0023814544225662826,0.004964429980354311,-0.011596981624524163
0.01492795703091261,0.017967266096321544,0.0005612294180703422,0.011152139696283984
-0.04718542214584397,0.002282597451527662,-0.0035557728323052586,-0.016152849689341345
0.0133137899498301,-0.019538403536676966,0.0071457151865421745,0.0003070335595312359
-0.068603232839788,-0.0006936975719350856,-0.0016161747657877966,-0.023637678088135237
0.053726395063130324,-0.0074832550187200805,-0.00847542694056163,0.012589225112045169
-0.0038262672534102736,0.01139954449447677,-0.0003119362493150051,0.0024204445768034994
0.030504423564684906,0.008031899890394548,0.0009395264290886225,0.013158603469439398
0.02205024779565662,-0.003021557093477279,-0.008248614017913656,0.003593355301396333
-0.0029233539139878937,-0.00853455370362236,-0.00704240673639712,-0.006166765284564339
0.02606880331563505,0.00019673725757202447,0.011644412830571872,0.012636638497941848
-0.0032979113656750347,0.003778259273557099,0.005557135884147845,0.0020124925848487053
0.03926462341395579,-0.0052094162562697785,0.0042167999215779895,0.012757322935752307
0.013406264306844213,0.01044153609370981,-0.0020191740509951503,0.007276201506977507
-0.013040540353586802,-0.008581126246539278,-0.008680818709787784,-0.010100818335809518
-0.01210332003679279,0.019609284793620174,0.00226261503331158,0.0032561900071863916
0.004434486682024258,0.01093302871008757,-0.0027878640813832657,0.004193212910359083
0.02527566198241137,-0.0007129799795268921,0.00021636544863268639,0.008259674224156572
0.07520459816540737,0.022344637497970082,0.008436719102949316,0.03532861626012399
-0.012419083741962048,0.025015998573086933,0.004935214639577029,0.005844037312857482
0.02127926772156056,-0.009661323962090027,-0.004945252777308928,0.002224228103156874
-0.007975203909540863,0.004744698112553787,-0.015487663639703877,-0.006239383572840505
-0.02155616580561773,-0.003157671154463657,0.002063983073748699,-0.007549943745492934
-0.12538665865801463,0.01044713336907279,0.010588478471567239,-0.03478364748877593
0.01289731973953388,-0.0013809921997807017,0.0003570469772009897,0.003957787547859883
0.01677257720485059,0.00506075700862492,0.00601345948227372,0.009282255282985178
0.05308657785622653,-0.0032658694840330513,-0.0008789084425619572,0.016313916995943863
0.03928004156550137,0.0022293274874294385,0.013831865611804573,0.01844705977450024
0.021252751538071858,3.238771526087433e-05,-0.00414404092001059,0.005713693730741269
-0.02158837911628865,-0.010674616611914135,0.010098928284180728,-0.007388015093318205
0.009386703715912608,-0.005107056884159212,-8.052047960452379e-05,0.00139970738434084
-0.03917058079663115,0.0037151094115206074,0.005449311617224806,-0.010002043253908657
0.009674197817386605,0.0011722149779793101,0.0022160829967002756,0.004354160909856799
-0.004874156761675781,0.0008967556152407954,0.002217429227765175,-0.0005866567195659638
-0.047584640224966085,-0.011385957597274019,0.0003340690779740156,-0.01954549003591245
0.01736944946379104,0.00616747325050358,0.011515274433917961,0.011684054032005143
-0.023992299389510963,-0.011047936607544273,-0.00999667125612794,-0.015012287405425309
0.010292597547756743,0.015900213042713746,0.003807799128791976,0.010000193239550915
-0.029319022987168337,0.002104269338579807,0.004609721472853539,-0.007535003190234271
0.010252067607175726,0.0011141896281945307,-0.007781358035508881,0.001194965204987392
-0.000605319658131057,0.026601044001582298,0.008772599550834112,0.01158942970865382
0.056446639132085,-0.010180960250518066,0.0064015629870791315,0.0175557297338014
-0.010565799845442769,-0.01019132229929564,-0.011643910248411814,-0.010800333330705942
-0.05261049154745145,-0.008178665879276513,-0.007714185364107137,-0.022834424762497432
-0.03347963423516116,0.011280586530808824,-0.004072727281998999,-0.00875724957152545
0.023360181749965896,0.00851550911473333,-0.003497315756759585,0.009459448909854843
-0.03643380333267882,0.0008900432345939624,0.001398066977231525,-0.011381886325053403
0.02095801366084423,0.01600618740229589,0.00985068367615409,0.015604945974803157
0.0659166845547405,0.006566208543729146,-0.004136474056899663,0.02278211689838365
-0.06053625431099539,-0.00911262023108818,-0.00578049688467468,-0.025143098665795605
-0.03810013839566743,0.005359279312457812,0.004497098766912217,-0.00941457735751236
-0.003460491778245853,-0.005074660487081097,0.00863085807802415,3.1901905663795916e-05
-0.019430222014210935,0.0019290960445882818,-0.013390746694531509,-0.010297280590760498
0.034427966500822735,0.002345022497502944,0.0041780285350131,0.013650325527440416
0.0404794090611875,-0.022840336215080064,0.006696651822640051,0.008111900111007606
-0.015932104638714792,0.00010316994295561145,-0.0022015670761121315,-0.0060101612471231795
0.034185110725463326,0.00020005084267411008,0.004694982400473389,0.01302670162948895
0.04386586865738277,-0.0006462937774053278,0.0016369209818083716,0.01495215033509665
0.06499789942262657,0.01080315613253667,0.005090922329776452,0.0269639656643206
-0.05685011736997142,-0.0022160343603841353,-0.0146371542107701,-0.024567744079273236
-0.013473513698237943,0.010606884789010215,0.012305533867040225,0.0031462985063025134
0.018077185703351185,-0.0015721940851477706,0.011679189589565148,0.009394717674529119
0.04473047887647246,0.015273831403307781,0.0041374330138415905,0.021380559717292847
-0.029651004565575078,0.02015875288556958,-0.016760351572873238,-0.008750859000091827
0.017779837729254337,-0.006760551637603513,0.0087218065234214,0.00658035762465987
0.01774856071205288,0.0015805180810570954,0.011440523320785266,0.010256523781431041
0.06371953754453775,0.005161835321067411,0.007798314109360516,0.025559870098426234
-0.011353885649249875,0.004549847247948476,0.0017206460083654992,-0.0016944624365145024
0.08351164500175863,0.007318043778579201,0.011933672882409256,0.034254419633128474
0.03507835607169563,-0.00011198573322332536,0.006161378296559206,0.013709235835760957
0.015024966809189093,0.002072291499856458,-0.005640028459927312,0.0038190727972961303
0.010339800436598432,-0.004736165708114271,0.0005911774099882362,0.0020649353145534197
0.022223593668856283,-0.002573979405989504,0.006624325782592271,0.008757971257173001
0.07048904172669579,-0.00648503763476039,-0.00036360142572032603,0.02121344634193747
-0.00919735753233148,-0.006285468356566681,-0.013525594784569696,-0.00966946388834906
0.026617420301098146,0.005839475805097577,-0.00208763091632442,0.01012307827353537
-0.0528872814014225,0.00791659383146473,-0.0043352493835698315,-0.016435295882530215
-0.0035566920571303644,0.011796820689462697,0.0014123686086057324,0.003217495862813608
-0.006951317024284911,0.003494237074766024,0.0005656646276184811,-0.0009638041434950281
0.019747391646824142,0.013225458268205073,0.009161083796182185,0.014044630525759228
-0.05347284388179756,-0.0016101563185748845,-0.0015993479769633935,-0.018894097164995887
-0.020307036796624295,0.006427101149330584,0.015343133771110708,0.0004877322202062912
-0.0020494563392760164,-0.011468649023479098,-0.00985338123786095,-0.007790487743043154
-0.05531304507386398,-0.008976300996069584,-0.0017976942505956548,-0.022028991411162966
-0.004771355519535047,-0.0005481418083817629,0.009650222330719424,0.0014435735573592038
-0.0015206971883914779,0.020267223961516208,-0.0011477957577479226,0.005866237805548597
0.009622708967326572,-0.001635163538290158,-2.6972325029300348e-05,0.002653521714478003
-0.0369832547451005,0.01586462467968112,0.005233577371563897,-0.005295012269600929
0.06269129879256861,-0.003921929405245019,0.0020636955351604216,0.020277668029806364
-0.011095665042483705,0.0043245363672177045,0.011709147650785257,0.0016460046791667603
-0.029968228731896997,-0.004862953209046956,-0.004234710515457308,-0.013021951130169601
-0.016029161863537617,0.003957653661589808,0.007847327213744402,-0.0014080589213408062
-0.04916458714530957,-0.007976953874163728,-0.011411067306151925,-0.02285084659100563
-0.009101567387315695,0.009891161745112289,0.008185487969300877,0.002991691117338381
-0.011502336682891457,0.019280514488249953,-0.0024845219637604932,0.0017645501826473865
0.012992796664381004,0.006684447850814233,-0.006045879771711497,0.004543783704039666
-0.008956664902741383,-0.0012843046996812144,-0.002144967570923228,-0.004128641595802884
0.0276735862487175,-0.011921139369596098,0.011088179684147314,0.00894686657421405
0.018604156241579985,0.005049539669537593,0.007427372417993688,0.010360345749347646
0.014648008837091884,0.0002566808030309507,0.007413730922259096,0.007439466081320455
0.06583282165432895,-0.009040464116586799,0.0017064952073890419,0.019499598082092815
0.016738340305005393,0.0019173921710898632,0.0018799900080898233,0.0068452339828208655
0.06015860928895662,-0.01062142476054846,0.0005196196143505289,0.01668558469531818
-0.01002828809397776,-0.005127387320104837,-0.010315527444943016,-0.008490392462607585
-0.012380066457391266,0.0003314407352125263,0.006653940353348082,-0.0017982266580484293
0.07253211282115521,0.005006286332253253,0.001872274979347985,0.026470198240694104
-0.01003618434620349,-0.0018374765672570653,-0.00656273247683911,-0.0061454583179687584
0.026836011756988465,0.004622293404979147,-0.003437746199189007,0.00934017698073988
-0.0227341796494336,0.010727129456209551,-0.020441598080810818,-0.010816205275128865
0.015806952623276783,0.01416026223187574,-0.006506724814554922,0.00782015552670252
0.042980762204172816,-0.002630975792441234,0.01283211515280036,0.017727282794210125
-0.007175782509754787,0.004387833990588727,0.0053202613055617996,0.000844103418027651
0.018486213561710117,0.01005136597543956,-0.004015440104045715,0.008174038303654842
0.05991500751180839,0.005154287144841668,0.007301407136550994,0.024123543140833086
0.006786928047981882,0.006807647728777848,-0.0042494385830215455,0.0031150426162003305
-0.01719270428477983,0.009342148273807091,0.009131824528756478,0.00042708907883840663
0.036180860751973645,0.011845995229746817,-0.004791001851584462,0.014411936964760624
0.019896398252565242,-0.008528233859615611,0.0026653750535703064,0.00467784180432683
-0.027525075384417036,-0.0017256000769608516,-0.01078957819556734,-0.013346737872230523
0.013217587371010283,0.004142188587933829,0.013541044092319928,0.010300263050147996
0.04221173146082992,-0.008207146310531469,0.007196821755633815,0.013733788568175118
-0.056297439629884725,0.0006931522142460862,0.003016681725315899,-0.01752918436757235
-0.07005627623110233,0.00796600861975994,-0.013278354455047386,-0.025122848899255902
0.0654523162457774,0.0012303885691261453,-0.010303247988865087,0.018793133482193875
0.015614060809906086,-0.003189773373454991,0.0017153072158371772,0.004713193504231206
-0.010788179018274596,-0.004936085091709241,0.008286798582900956,-0.0024791526965391177
0.03429923183922649,0.00933617590513859,-0.00023077526995814624,0.014468196356591486
-0.023225575646670858,-0.008900824463446585,-0.0006299461204337345,-0.010918771158068314
-0.03614071537772043,0.005306782826846493,0.013674155954926607,-0.005719919812056911
-0.046316735609905194,-0.011604573188809012,0.007702097215877002,-0.016739720454541872
0.05715746912991468,0.00856219925340212,0.0011815204301231998,0.022300373970750395
-0.020729096157654156,0.0070149952147504635,0.007902354266143994,-0.0019372469550043405
-0.04074262386739815,-0.007191160613756143,-0.0024194227274002516,-0.016784385618449114
0.03449786983850775,0.0055051705429608085,0.014694173885674662,0.01823238652330965
-0.02163236895355928,0.001432716253269216,-0.003718268567021036,-0.00797263244979661
0.06771641324037012,0.0065963786515090776,0.022475867560058944,0.032262854221092895
0.04454955678330532,-0.0024318526096729375,0.010407559819594885,0.017508403822654426
0.04375073545849346,-0.0022312656334740454,0.009871548204329823,0.017130322212777067
0.005066701306176348,-0.019382377606589306,-0.0199115224659594,-0.011409054846391197
-0.03125435423199805,-0.0007989935502114384,0.0044757433346758815,-0.00919252562330972
-0.011283928505713168,0.005949512143357627,0.003815757756589253,-0.0005062190290358942
0.0637425755832375,-0.0035840002827050355,0.005424625198068493,0.02186104497180015
-0.016915758643370773,-0.009855724783202732,-0.001273737381976166,-0.009348397587776286
-0.0014501305754875998,0.009941445481045393,-0.0017040456391700935,0.002262420826372811
-0.034226962057364196,-0.011974329268388125,-0.008011056068984225,-0.018070764394129718
0.0010289152218753116,0.005282989813289959,0.011944302163142947,0.006085396314033673
-0.01683958062392491,-0.014134126464789636,-0.012920393538969214,-0.01463135224452771
0.015504603720200748,-0.0026415320150621983,0.005638177498361633,0.006167076900750326
0.009642059269790214,0.0060101639484933115,0.010387529693094684,0.008679908957208432
-0.02091555093980077,0.004304306235655708,0.011714852648844776,-0.00163212905296941
-0.03442378401557924,-0.0016971527218287911,-0.0016433729945945128,-0.012588090655897603
-0.014907299806501711,0.0074675836548343715,0.0025504172881461178,-0.0016297646580741196
0.07420709693869908,-0.0007683476752768254,-0.007911475888318182,0.021842402615943564
-0.045299242730874115,0.002730368835888316,-0.003018096598929224,-0.015195641635648176
0.0230191006229539,-2.0081610817966546e-05,0.013306358690368848,0.012101780465709026
0.08442881153312295,-0.008872238168302456,0.005049276876588979,0.026868589878519745
0.041304632307274845,0.006525852798756048,0.018936286372323387,0.022255568237194268
0.03303467749304072,0.00837468776422679,0.01476237883554717,0.018723895973690195
-0.008045035972143372,0.007818234841165438,0.00460730825110337,0.0014601675798727723
0.03669550129339325,-0.010566197970695279,0.007344482509248563,0.011157917452720234
-0.014383568370486606,-0.007484824099712753,0.011017008030476672,-0.0036171245294460827
0.0027149181475182504,0.009586223401356304,0.007802081671326419,0.006701067705659251
-0.06441202230886647,0.008442247767965516,-0.0032772672318262907,-0.01974899417522849
-0.009644527486888169,0.0033632063326161335,-0.006827609248040593,-0.004369639097794075
-0.03191055418389219,-0.020588542739584676,-0.007558399272759659,-0.020019145379580106
0.03189273107339938,0.014018572294910034,0.009684209494984565,0.01853181908926037
-0.03208517697533378,-0.004328163566226325,-0.003138995741034384,-0.013184098910086067
0.0216590261274452,0.008331968447175823,0.01160705007844476,0.013866001018340377
-0.027541868632030557,0.008882698547719847,0.014901816830475029,-0.0012524498321608089
-0.013928618743145427,-0.008219264851132793,-0.014293826784356384,-0.012147224645641408
0.04737747557236513,0.0018534200155067501,0.00809436830739855,0.019108402190002177
-0.054297619006423846,-0.006278936547661252,-0.0071619054661929485,-0.02257946442727234
0.03765118566061838,-0.0063464887980347355,-0.00739632320324316,0.007969449916988941
-0.05010715888254119,-0.002502620601333771,0.009303253594044462,-0.014435494194434871
-0.018381787933305315,0.002623210688004328,-0.003897475249997276,-0.006552010946415256
0.014639631700505052,-0.0028573005704059062,0.0009065992159593432,0.004229639219042714
0.02255645882284267,0.0024250979548146663,0.003362304659265365,0.009447944364353755
0.07299854067794231,0.0012479654427687069,-0.0025380970562115896,0.023902779118696788
0.040788304879971225,0.020806711647963754,-0.00382634702569438,0.019256203911190366
0.046158021153047686,0.0028086418490812517,0.02009003710196065,0.023018877015796493
0.02037446111881409,-0.0014068758597006016,0.004407046292787927,0.007791536059089955
-0.00032278164797697444,0.00437601657669098,-0.007602138155674239,-0.0011829665593523356
-0.041986768980848375,-0.011576062374163825,-0.020005694346087396,-0.024522817377524632
0.03688565762947536,0.006518520631199357,-0.002667998260123262,0.01357871308812382
-0.014213031488246378,0.0007668439070173389,0.017351484468482017,0.0013017643273186964
-0.03545688488216572,-0.004869985621339563,0.004768372914672225,-0.011852820676778491
-0.03227319180032368,0.006662938619566957,-0.005645395897674644,-0.010418539274260764
0.0012423496926307846,-0.00708425528989969,-0.000981106027009149,-0.0022743349337554773
0.054165911187720274,0.009127586363411998,0.006550090672913591,0.023281172793485877
0.007389877728725893,-0.012411255049943,-0.01489999736318732,-0.0066404515876765805
-0.013234002345388667,-0.018410094956306005,0.011154783148341941,-0.006829764554679526
0.016511029100623572,-0.0046324040523783895,0.004341214766544412,0.005406607864983259
-0.0031241731855326973,0.00021790982659197522,0.0038597226633594484,0.0003178194503198073
0.08568757449154217,-0.0032065230149727125,0.005517489070528866,0.029332817516185924
0.01186967424338665,-0.014781639065615868,-0.009762302976733545,-0.004224751708231655
0.017760075759307777,-0.01373761292275084,-0.010283856114853288,-0.0020871290056343576
0.020820325873195066,0.00022651349400187052,0.00859642346975507,0.009881077731229723
-0.0036494850564993725,0.012923277338396329,0.0007222446884140713,0.0033320089914246854
0.022885085394289604,0.0007717554511665237,0.005573843588475879,0.009743551734415858
-0.011373590171901518,0.012665421959322284,0.013046349653818338,0.004779389034352554
-0.004298558437172428,-0.012496517438085417,-0.0008635777957350249,-0.005886212004113067
-0.03258997979550728,-0.0077936686931287386,0.006437362671000386,-0.01131541729044994
-0.01449884814115122,-0.00490183006913793,0.01609786807774649,-0.0011009356099108425
-0.024532609847517026,-0.0016328557764906373,-0.011966582690238781,-0.012710670060732709
0.04522392209092795,-0.001041478860022421,0.00400278915449036,0.016061728066721168
0.02270075007149238,-0.004135166895972637,0.013133816289852007,0.01056645592199076
-0.019550231418397918,0.010094382264468868,0.0020979743029162674,-0.0024526224977126443
0.02950497984202567,0.00579725041037713,0.0010629527750243735,0.012121715554081381
0.018386694156278076,0.012149082874961824,0.005049802140078094,0.011861847861912939
0.019364516495360713,0.020766196670936325,0.025920498360332788,0.0220170484918061
-0.031994132790798026,0.002886229179634528,-0.000284982651545033,-0.009797618956607423
0.041329676448777525,-0.01770196675391326,0.011731890227075962,0.011786521520780103
-0.0012427624936245181,-0.008628760089717849,-0.001413575412352657,-0.0037616955701990093
0.04647569524107091,0.005041633368248264,0.006226781704141067,0.019248017523116643
0.018096577494000947,0.0031998835909876366,0.0020041481154277844,0.007766861966602389
0.006540698433966955,0.0031047909687880646,-0.006566243868420231,0.0010264141516964185
0.025645457392831868,0.009709450354250233,0.013517514582014103,0.016290791152224624
0.07154483105395566,-0.01091217472712286,0.01197202591599454,0.024201536546048365
0.01219067156189517,0.0240955977114704,0.007216592856040656,0.014500939542181365
0.005278652260551352,0.010716218815714109,0.0005861355105589265,0.005526996668605934
-0.04540319074135912,-0.0039018201294707144,-0.011243658759528874,-0.02018286969389636
0.05511070614378291,0.005456988495727484,0.004119185179224792,0.021562271710618457
-0.013093147327315632,0.003472952836427447,0.005067992803189973,-0.001517399045165508
-0.05882581860826487,-0.00784547244186878,-0.006448324588108097,-0.024373180839542034
0.00869554048606912,0.0007954935856485172,0.0108116283412105,0.006767547370088574
0.023749383556992267,0.0007296559947597953,0.0025849812324112748,0.009021331240047517
0.018919687633860614,0.01198716546801402,0.008662137640887807,0.013189650391257232
0.005873773426143669,-0.0021146155235913966,-0.004287048950605428,-0.00017596350672070246
-0.03723112152108188,0.002588440340957588,0.01296078054746914,-0.007227292983584839
0.0600186444760062,-0.0027113431880018946,0.006952589050769533,0.021419942026294502
0.02883862549953504,-0.005578106218681746,0.010476982865757505,0.011245822803036218
0.07652593088524547,0.004920427768978347,-0.013184925040191078,0.022753788450866373
0.035702279210316344,-0.010807709439026538,-0.006077957628041933,0.006272197775545244
0.04046290272387767,-0.002009081124402277,0.0188801162349833,0.01911129350017362
0.06161889366511142,0.007344831560342715,0.01903687356201506,0.029333503595623468
-0.05622242568397449,0.0031821231628684087,-0.01181681651117766,-0.021619018058388235
-0.06398756110206803,-0.016535560770987213,-0.004116149923663062,-0.028213062385815505
0.02979085978401802,0.002252481827560296,0.0018106849534597815,0.011284664237003845
-0.006991225798884303,-0.014275194611733304,0.0018271113919970461,-0.006479763193103847
0.038816713180743534,-0.010905176955367774,0.0013047281620210942,0.009738745057044156
-0.017656446034657304,-0.009495341202874888,-0.013133110027777464,-0.013428285660137464
0.00503479347233248,0.00937157519295503,-0.008430129852087435,0.00199207761232042
-0.00584349384306072,-0.016187047623840465,-0.02077805664910993,-0.014269518435804332
0.004723675206612307,-0.005060132722019021,-0.00014623220514645694,-0.0001608964126211501
0.0064078928617714945,0.011255250832585908,0.006896997706284047,0.008186705613500015
0.026425097566637985,0.01689129665146214,0.017981086342575437,0.02043247308773167
-0.02766793192673019,-0.0011976564953208352,0.00016244342191840686,-0.009567705432329205
-0.03163487515164825,-0.0045443535221731226,0.004129672960648,-0.010683174554539219
0.01353178315537385,-0.011066659914550107,-0.00023952431229493933,0.0007418655676432915
-0.003548396571869498,0.01059228697167565,0.006479710504364878,0.004507862460190042
0.030438220781529603,0.009011736471728031,-0.0009322889827151433,0.01283920991762474
0.038357186567451115,-0.019965929074095418,0.006138750179483047,0.008176661047610358
-0.05932980910897758,0.009226708569209627,0.0008197345328537763,-0.016427772241182723
0.045401052195043694,0.010179907726167003,-0.00041379919845785395,0.018389035185197376
-0.03734060808245855,0.0001664590893115653,0.006856384507026445,-0.010105911389452018
-0.014429217065585882,-0.015590141265655715,-0.01816866171799355,-0.016062657287071697
-0.03638865121115304,-0.00763724584271233,-0.012472808086517562,-0.018832882880559263
-0.028918819224045978,-0.0024665860629894533,-0.004072562262482664,-0.011819310697183515
0.028901828804773294,0.002170024500688821,0.019577744644718804,0.016883182433527655
0.004116521506766182,-0.003896100342281238,-0.007133811977435267,-0.00230446129985317
0.02976817361907691,-0.0042928902764473795,-0.010225020846470976,0.00508341574863202
0.016850665032716313,0.0004790821594110702,0.002556194558860664,0.006628640621682099
0.009118977437046418,-0.004340468476848469,0.004991792196403402,0.0032567637954333986
-0.020675019196966106,0.009190198062393505,0.0002991816403831823,-0.003728542769516641
-0.034243323577295065,-0.004385205738651412,-0.014361585968048513,-0.0176633540979599
-0.008865372072563361,0.01711841756036283,0.0066375156566163725,0.004963515417951565
-0.05808055345270145,0.009280881540012774,-0.006398304903331894,-0.018399307206014584
-0.021730296436224046,0.014826580208542137,-0.0004895855519998873,-0.0024644314621266724
-0.01606064383239839,0.006190303965363848,-0.0001426143719308881,-0.003337648075337063
-0.02057972795643227,-0.004259308951426477,-0.0002353340425330628,-0.008358115292006953
0.014642133044559068,-0.0018348955250197954,-0.0003364905670521642,0.004156911493913386
-0.011532135582434745,0.0050023396830441,0.00012481646661300228,-0.00213499100926607
0.035827866797954785,0.003998807235729543,-0.0024275143596381096,0.012466374091628847
0.0395368852275459,-0.001082194638350538,0.0041828620391637554,0.01421250333026883
-0.022283013236496816,0.0026025316968139806,0.003347495220090598,-0.005444323328868639
-0.01383468249962028,-0.0014172422703646282,-0.007592407122785427,-0.007614769682812814
-0.0012338776593687575,-0.002561117436119672,-0.000519375078575408,-0.001438121953231221
0.07011300838046057,-0.004634759449211065,0.02088705474745057,0.028788405771132133
0.014602688539675081,0.006237397986619557,0.006671488899239282,0.009170515971319498
-0.005586224378265467,-0.006445600564631629,-0.012444965967264804,-0.008158922144456996
-0.019910994161893486,-0.004613356124406439,-0.003629111661151645,-0.009384477931329875
-0.007434432420005001,-0.010670838647512197,0.003080106182021238,-0.005008383286777025
0.04085153078079906,-0.005113458663611115,0.000526535085296027,0.01208819031262559
0.001177986962970261,0.00039962858904380697,-0.0005447819600834843,0.00034427751969899725
-0.03470091544438896,0.0032905686903267487,-0.009495275209204325,-0.013635193685881524
0.015730938115013512,-0.0037083274031756825,0.009962957941434283,0.007328515555901153
-0.017552346853051373,0.000882147667371057,0.019775861410962894,0.001035219706540118
-0.004485785348566487,-0.010012409430589283,-0.004766566999905875,-0.006421580838099955
-0.013974158718388481,-0.010132386622840038,0.005673748870536434,-0.006144259345965204
-0.030262600675712324,-0.0068496195929233965,-0.006488781041690589,-0.014533652569774999
0.021699819393429753,-0.004084646984639771,0.007796755954628769,0.008470634317163462
0.010508581865252666,-0.01200142101696585,0.008370785022877702,0.0022926463310728815
0.03278708468661404,0.0090069934197184,0.004661701960704739,0.015485244537085703
-0.007345787384524889,0.001340944821155801,0.011418854462516836,0.0018046688283786165
-0.009652357260964233,0.0037519369362658144,-0.010347712424964475,-0.005416038833843381
0.04709503728103348,0.00506458673032316,-0.012017856885046117,0.013380575661514463
-0.030824594851158547,-0.007371830051097499,0.022023235856320256,-0.005391057624248915
-0.07132566305170329,0.0004737197925589169,-0.004596185298680451,-0.02514935103656542
-0.027309969076137273,-0.010403132753414339,-0.018312502538125535,-0.018675182780690927
0.060743798615448784,0.006047953843263039,0.0111139590766063,0.025968544543202195
-0.01164133222385018,-0.005713888823213235,-0.012073860001105519,-0.009809683873029294
0.07918375242792784,-0.0023915450113182217,-0.0022864810421316575,0.02483521728958386
0.06851870004708095,-0.0008365810617944688,0.01073451504052015,0.0261388518697242
0.007251025677620142,0.005122227922736019,0.0015053223991072263,0.00462618737362913
0.015131685602420144,0.014387468565250555,0.0009398215814726199,0.010152981763389189
-0.013365155039643493,-0.0029512987869009587,-0.00010650338089637128,-0.0054743135948278725
0.036520134689902124,0.008838966218594913,-0.01162314334226576,0.01124530794342457
-0.001049192647172134,-0.007771436447365578,-0.014406313748335333,-0.007742306538643401
0.022019061358830697,-0.004881754725165561,0.010102897838055127,0.00908005907717193
0.01848793990151358,0.012160594301303604,-0.009812043573079741,0.006945489931082272
0.0009026930859078607,-0.01753024383362386,-0.003760976648045244,-0.006796169002411282
0.00431242019460033,-0.0020025759993941654,-0.00012054189791252802,0.0007297667026637797
0.030042059218701202,-0.006195208830688545,0.0018101696288230708,0.008552331453271902
0.0018592407034818805,0.0055678108281602134,0.013156867272209516,0.006861299406644269
-0.018769329190296783,0.002186140435821336,0.008203864763095724,-0.002793105204018577
0.019521472700326954,0.009794069024639456,-0.0008598620959490385,0.009485217057779247
0.061792237116014066,0.00305267365778524,-0.009430810594468696,0.018471348255076812
0.04230398723330088,0.019697698804749093,0.009649257373885785,0.02388362392033078
0.008608252666901598,0.006348680994062304,-0.005090502919712768,0.003288806958273464
0.04184518324895201,-0.0007795345240116368,-0.001728946232818421,0.013112221051806488
-0.007286948791924328,0.007482340897659704,0.00424178185435505,0.0014790565076388221
-0.038313442725278785,-0.004374269447835092,-0.006848692910984609,-0.0165121185158978
-0.0050020517940103145,0.0024959867227049926,0.0011323975339281175,-0.0004578887212365556
0.013815228907071563,0.0018257614997049753,0.0036838312438649185,0.006441600775273269
0.035739842056430174,0.013877919446591287,-0.0034320073861476594,0.015395235977039894
0.05462918712784487,0.012067520038058395,0.00955483841756418,0.025417156443973955
0.03256624702940476,-0.002983694438329895,0.00161307634320811,0.010398532579551348
0.06712557928584348,-0.005272932966163092,0.00914548679907802,0.023666020706875096
0.036181921309504296,0.00024225265372102294,-0.004167289973211301,0.010752283911043341
0.00047495344928008467,0.016092162398806287,-0.008034538009254875,0.0028441897687512194
0.01594991055280219,0.0031315433399038786,-0.000626365847757203,0.00615168986328694
0.041477600677027576,0.0044439770875401114,0.006808922141255974,0.017576815725107917
0.005266049353615926,0.0009375369975084702,-0.0042943164098522765,0.0006364226773340592
-0.03524811730286061,0.00839888458409744,0.005347724925493732,-0.007167162097253881
-0.03452196345622986,-0.003920748587854333,-0.004753238742440196,-0.014398635863524535
0.021633851572229378,-0.003931943632225927,-0.011181348665302293,0.002173517584713961
0.03413358395346594,0.0016917091525134142,0.013160202910183678,0.016328482343555672
-0.00916527372780573,0.009422038412423747,0.0008777806607862756,0.00037818140361964894
0.022582461967308978,0.004716861866686794,0.011486304565358952,0.012928529871242107
0.048231225963736524,-0.013976506517567423,0.004901297827751028,0.013051992705967618
-0.032028421042737044,0.004065895630729239,-0.0012124516382071519,-0.009724982625079301
0.0493898119713224,0.0051389479798688905,0.009362830864409684,0.021297175641336718
-0.03887362245383296,0.009940475531258198,-0.001192331146601755,-0.010041815981232816
0.00744456632660844,0.011170613832654512,0.009825167238056117,0.009480106318990556
0.02698748963722043,0.004187161648780211,1.930122651360778e-06,0.010392183410690198
0.029087162016230187,0.002019299802354586,0.0012348665879303778,0.010780432021728913
0.015008477671288711,0.006392481391668442,0.006319102155868879,0.009240011166254936
-0.050470410652998364,-0.004579858210712268,0.0037086382242344004,-0.017113859765948532
0.04899997226271155,0.003462606217847866,-0.004134067863202088,0.01610948742961557
0.05040692142898898,0.005174161087122581,0.015077958576610217,0.023552990144560224
-0.026547169260176334,0.0018051137810485471,-0.0128850186417454,-0.012542345497933021
0.009856345316343464,-0.002164703482526921,0.0016657390849002638,0.0031191238537786295
0.06276027473706956,0.01008373177841991,0.0075103473113395,0.02678475782415838
-0.014858432658649823,0.019360671905931173,0.0054144601966643734,0.0033055631757487594
-0.001104358296215639,-0.008493472900777576,0.0028256155533685494,-0.0022574029571363406
-0.014963709522822756,0.012004856507901266,-0.011423299832536668,-0.00479404615510177
0.016020331782424777,-0.011153582763081078,0.008544563025527975,0.004470432877853209
-0.01953586861033756,-0.004592177044348315,0.0006162613365861239,-0.007837253602105144
0.02066402813973874,-0.0020878092053739656,0.01441873131436822,0.010998305751260914
0.0348351336591985,-0.011387635019792711,-0.004248088034729156,0.006399797135088675
-0.04037313246126884,0.0099700862081759,0.0064117002587245255,-0.007997107334340807
0.02655392864774324,0.012834451358465749,0.008599777341015611,0.015996036453022416
-0.02898383153697134,0.010936106512697706,-0.009373729464156032,-0.009140475688991727
0.006135757600797056,8.032359696070611e-05,0.005282333270330354,0.003832800989891216
-0.02813779948486077,-0.004513910721858288,0.01204016073841881,-0.006870509618916928
-0.003282255918096245,0.007678937402247927,-0.009919830393490085,-0.001841047795396498
0.011374569819183365,0.0012716318146068755,0.009372427226692901,0.007339535613951427
-0.012148873704703125,0.009882635125594959,0.004764002854552717,0.0008325872592267581
-0.017990396882808676,-0.015254862033957744,0.0008563192220778084,-0.010796302435249639
-0.021336875945235784,-0.0015125131329984786,0.001718941859930355,-0.007043475362618896
-0.03747613163983251,0.01186242639349969,-0.0002639296547698757,-0.008625869674489264
0.028094953449273284,-0.005083466984107445,0.010216874311655216,0.011076109182820093
0.02185503351985852,0.022676658111384466,0.006869826020636967,0.0171338220834541
-0.026077897548415063,-0.0058224042893279,0.0001518461351597037,-0.010582807984709185
0.011697790699719247,0.010489292386275387,0.009218120726705496,0.010468390802498773
0.03120310948683508,-0.01867930508653128,3.331147393044107e-05,0.004185701105706123
0.022000854497902053,0.006662799647284091,0.00351538911456651,0.010726337026903131
0.011623443175013785,-0.00910203035446135,-0.0007125389815077834,0.0006029573433902709
0.02797079845627507,-0.014898993740008675,-0.002971423872538571,0.003366790247782327
-0.02189005824418415,0.004242328257664972,0.0036170314323436077,-0.004676894841159005
-0.008369506517352446,0.011230797141223641,0.020381828144504385,0.007747698508418937
-0.03805506056496636,0.005829162534534397,-0.008618844462647926,-0.013614900549445799
-0.007928856738281325,-0.0012873142398995064,0.0023587295006055504,-0.002285811540044601
-0.0031589746452168285,-0.007591109643562716,0.009128649281217767,-0.0005404777953755901
-0.016024537919644328,0.005557996405237048,0.01253664712889973,0.0006900345147956115
-0.04775627486547756,-0.024674154948771312,-0.02070227706550507,-0.031044204582349022
-0.0056155809853956455,0.016770711950822057,0.010796013189889972,0.007317040734724075
0.02240308051898885,-0.013179382591652298,-0.009328793559907574,-3.5031842491796545e-05
0.05877266319578792,0.01139428379128076,-0.007686044976150516,0.020826946510005384
-0.02183631643903145,0.01755301656789381,0.005856374154841382,0.0005243575702098189
0.06985907906980346,0.0009496135517779978,0.01834653832378775,0.029718380596712755
-0.008619210461105264,0.007815050349660372,0.002569254279038291,0.0005883641341664106
0.0036631123573693768,0.00023864352900549108,-0.010279410427620945,-0.0021258827211971783
-0.016710366048274528,0.024870781498733743,0.003567637278435059,0.003909347000280514
0.01952842872837711,-0.004330739707105165,0.00021838500431843903,0.005138686203172119
0.048413881648226395,0.009812264137930723,0.008654694555597777,0.022293591153638184
0.005942769065137717,0.00696183778856312,-0.0004886501827438545,0.004138648085000103
-0.019300425973483915,0.004719937171595194,0.00030811837917065757,-0.00475745205011588
-0.06667016053961955,0.015766454491879408,-0.012735686858723583,-0.02121310975569027
-0.022104981307223562,0.006618496997367393,-0.001017823920409337,-0.005501430575319092
0.02792176761617076,-0.0005974391581970577,0.01484586610999996,0.014056717465926363
-0.021526276625634503,-0.003647013036816389,-0.013660319920800149,-0.01294452358321382
0.039765646353225485,0.028035411279854282,0.006745556819590763,0.024848846635352025
-0.02720593529312018,-0.0039784491435512935,-0.0044806592777548865,-0.011888336016460882
0.003757906552017144,0.0060467389436948795,0.004575858899050935,0.004793496671419521
-0.022226998410930104,0.01299949993958522,0.006333282779888682,-0.0009647375990801699
-0.02724495956868347,0.0015649623495365551,0.0050228455712076625,-0.006885710330262536
-0.08791429871149911,-0.0019445112526997508,-0.0024721628242364985,-0.030776960152487525
0.02722027113592866,-0.0014056641275337857,0.005309049332929507,0.01037454173922268
-0.00342474955615208,0.008669442898080774,0.005122791979355229,0.0034558249845995336
-0.04411658516367226,-0.006951926124868579,0.002941289158838241,-0.016042391334160157
0.011335030687985364,-0.006220818570341075,0.0010889301182569367,0.002067712010919663
0.03480324235169951,0.0014256896131438798,-0.004904486202217435,0.010441471479393397
0.02388898987429155,-0.0011396382974586169,0.003887252055765888,0.008878858998665064
0.04217916732549732,-0.008737165731585858,0.00440579724349187,0.012615920329868165
0.025617843618342392,0.014802841647609512,0.006337372200128047,0.015586003569340829
0.01808712546859691,0.0010779900923198024,-0.000978510388233467,0.0060621956620260245
0.06839333540274459,0.006584925830400755,0.004605532349508428,0.02652790466628673
-0.018123476021518165,0.0016745225307239608,0.01352057028420782,-0.0009761267594010592
0.06603204724824302,-0.008197765776464985,-0.0003675513511802971,0.019155557551289205
-0.024849984957184348,-0.0037406780597270483,0.006745269803892923,-0.0072817904558750875
0.014864987680710368,0.006669968977385749,0.015306135744625592,0.012280351853876435
0.006680420917954125,-0.004336379163318467,0.009221202012306919,0.00385507740056627
0.03738003073941556,-0.0019180461195783352,-0.0027422307760700112,0.010906573708004456
0.00840081689547024,0.004133975574702882,-0.009621478967086738,0.000971103529924294
0.028890746372422227,-0.012457838687898001,0.004750339456550595,0.007061075319275893
0.005705710008006199,-0.0005503686665149636,-0.0017835425252598685,0.0011239318148108502
-0.040677468459673925,0.0005899755304896594,5.260620287191758e-05,-0.013344948897141874
-0.034697741829559176,0.002209968784599058,0.011737415105742333,-0.006916779062953282
0.053899537351017074,-0.010860272906295088,-0.0032957197152026613,0.013247834995324864
0.010630914036253044,0.018210652621308207,0.004182414328538128,0.011007982654039464
0.036888824552986046,0.007154375111216001,0.004249823249403364,0.01609765820686083
-0.02761147129252216,-0.0027325597132227737,0.0002312282061335397,-0.010037590895602863
0.037730243256915215,0.0044476655850940825,0.018934669590324867,0.020370839106585242
0.028105885883328123,-0.012131850631599292,-0.004297897009299712,0.0038920421887636246
0.0033036115209796025,-0.011770551670403341,0.006556127552824715,-0.000636936895262142
0.006873972475732692,0.0042474240599973,0.0019931757591204672,0.004371519726759388
-0.007098276283518164,-0.0072133276537553245,-0.002628076737415286,-0.005646554578336033
-0.016016375799655147,-0.014819315560473455,-0.0029499912389574063,-0.011261882937801136
-0.00620733672903157,0.020270217981126448,-0.013658475685869883,0.00013480172060647614
-0.008956635216128477,0.0025091998222412696,-0.0033261754124790997,-0.0032578670109185003
-0.0049617272874444614,-0.0019688490170186026,0.00852377524634846,0.0005310657828954845
-0.00011870218097412549,0.004382953339388761,0.010065330108695852,0.00477652231250974
0.0109167037902693,-0.0023478994609564168,-0.003611387145586916,0.0016524707421029274
0.024512738164063106,0.0005184424617974566,0.0022433688076511325,0.009091507386320754
-0.011425266725831594,0.0073797807324558935,-0.012344470665093716,-0.005463313422837586
0.017943181086234803,-0.004907455481334575,-0.002677314304877234,0.003452800313870565
0.012175413290488553,-0.005625089272942731,-0.006645085909153192,-3.158726561515942e-05
0.053529617685618675,0.004701233784697123,0.0015554283765577374,0.019928740020197896
0.03443237951789187,0.0017539738922651925,0.007174784919898194,0.014453698322972306
0.0030954171969411353,-0.0066761897038521935,0.012807678518438018,0.003075632261540316
0.014888677120471119,-3.773502100974061e-05,-0.0027681550449982924,0.004027591657225343
0.030783355208987947,0.007685713570972612,0.0013156981287620135,0.013261575707985222
-0.00681744430389091,-0.017765110585697495,-0.012344121285204809,-0.012308879749372345
0.01672891610797678,0.0005614566927497419,0.004876686154946805,0.007389012262871457
-0.0034578734031564576,-0.004112626541329755,-0.02088753987492403,-0.009486003787123474
0.08002409137109265,0.004153881168228488,0.015746332925965376,0.03330806851366035
0.05251215555601877,0.026214186318304626,0.018000269903104552,0.03224217168360539
-0.004521780466498213,0.012356849630158309,-0.0032032502795719966,0.0015439380840897383
0.03515992273631302,0.0022555363117852415,-0.0016234852095908256,0.011930646015511198
-0.013491344154955367,0.02683445149121627,0.0026598688403039563,0.005334320057862894
0.040015304604678545,0.005289035900884372,0.000512004217337799,0.015272099635518663
-0.023263236563903212,0.015713365727403904,0.005224071583386733,-0.0007752656424377735
-0.013582656205929945,-0.014359753113371312,-0.009601883910570385,-0.012514751895192805
-0.006855458226642623,0.022060425297259097,-0.011105193909817004,0.0013665896870087692
-0.024426286428580964,-0.0031023413828223548,0.007322709394854342,-0.006735299403543521
0.047337298433903344,-0.007427345037436181,0.015681860517814956,0.0185305861074894
-0.010027865635748121,-0.0020581038727395767,-0.0008593405677350952,-0.004315099043637572
0.05518616879636819,-0.007863243156505223,-0.004028790074297633,0.014431364090476588
-0.013099125739050747,0.016664592970599953,-0.0036956180065450344,-4.338354828168446e-05
-0.043815004586638354,-0.0014344669343351532,0.008975316045149144,-0.012091373067222962
0.0047447786186753235,0.014118231120219734,0.013182806265023746,0.010681927986034267
0.022847469236579546,-0.004804506661027665,0.00026638135531062337,0.006103108540506191
0.052528392228578163,-0.00510593491594564,0.01950521104350025,0.022309200476154804
-0.013014851811114808,-0.0020768429766893776,0.007567717476804264,-0.0025079899290075367
-0.00281402270843042,0.0015874533332813196,-0.007951866764226392,-0.003059475653646451
-0.0032978703929599207,-0.006143050779649785,-0.008785754042973923,-0.0060755523296361375
-0.042342300444037674,0.002543729735849066,-0.008367558587055249,-0.01605536037637152
-0.02932281773666207,0.0002592420171449063,0.004886331605129945,-0.008059073312381034
0.012645066769168739,0.00016598879572925196,0.005269856046540395,0.006026964510175591
-0.0064061797252987634,0.020387030968677392,-0.0014348537218244065,0.004181994991852234
-0.026487931224709025,0.0023711892672525093,-0.004521689734982282,-0.009546134351335701
0.04780998258489285,0.016408648541009638,-0.00686979968738859,0.019116258029894154
0.006863385957904127,0.008421627536596322,-0.0038142121688318847,0.0038235966182890795
0.00490539150770606,-0.007844423225958167,0.014744787675323839,0.003935248050438591
0.05250085196447272,-0.010402652671695559,0.007658681646808909,0.016585610394235045
0.028956196660197584,0.0008535874324210727,-0.0011605749139038469,0.009549726843168543
-0.0021459731788562816,-0.013922978524124555,4.2463264366986056e-05,-0.005342157470708471
-0.012583469841556137,0.0078069838608432465,-0.009411147149696581,-0.004729206314258781
0.011401106000232112,-0.005395088312701646,-0.013191584882495349,-0.0023951866697992288
0.038085571099423156,0.0031380290432040142,-0.004011503087739711,0.012404019947596802
0.029497634804652534,0.008591955052284724,-0.005589989339323632,0.010833189339337702
0.03586721281861135,-0.001005249101702235,-0.008291224274322481,0.00885690429061573
0.05457203889416249,0.005557165705647109,0.011759710256719914,0.02396294765587155
0.009583837089986592,0.004711024731058739,0.0031408848822900744,0.0058119097558629014
0.06002336895982661,-0.0029822965639545473,0.006109268045492271,0.021050092430341297
0.017639489400491894,-0.004556205330712761,-0.009270599442617341,0.0012708936048257211
-0.03286518665850592,-0.0007390698391303213,-0.0045538868235617275,-0.012719368387684882
0.003505580970017307,-0.001578916951971229,0.009933397728086298,0.003953349962023543
0.03750413556927575,0.005425279847670004,0.013125361753133934,0.018684907038434173
0.02239790941013219,-0.010915953848861243,0.011494198382355455,0.00765871032249082
0.017259290070997618,-0.0017279622193150036,-0.008455972212478503,0.0023584495212828236
-0.02111194579220499,-0.002917093552061055,0.0018958542528166237,-0.00737772098608811
0.0233655419984337,0.014101002006676472,0.011174512339273534,0.016213669234442455
0.06969773876874528,0.0027555637055974597,0.013335015799432734,0.0285960774951524
-0.0023279162991097523,-0.01877324731663155,0.0016199745466087445,-0.006493723195981163
0.02464464753383321,0.001164674921503591,0.0020049879434322045,0.00927142752815287
0.054481441012247674,0.011582886960855628,0.0035485781534076257,0.023204278837868266
0.06949929142444744,0.0027474394246320664,0.0037059394885606096,0.025317531461656592
0.05748055565891948,-0.003148515784778415,0.008577267326291507,0.020969748097041788
-0.004315970961049822,0.0017012047914271022,0.005592984686301126,0.000992738512819963
-0.018088457437138845,-0.0003639289430041921,-0.0074532598551469865,-0.00863520677654793
-0.004712662152048949,-0.00817358342801889,-0.007691780362575224,-0.0068593351215390395
-0.06474408590195892,0.0032288277536663907,-0.002050733372757858,-0.021188642651686285
0.026069381363409427,0.003961448786563499,-0.010559763902122436,0.006490348925594747
0.020561954626480205,0.010129823711894146,0.006557786054685247,0.012416509047831734
-0.02743869850331467,0.0005340646216316657,-0.020187624172334533,-0.015697403653919827
-0.062210072731034884,-0.0015939167937835817,-0.010219046005895393,-0.02467432050255944
-0.0012794743920613318,0.0008037011063746864,-0.004717847420435656,-0.0017312051708338648
-0.0030717236408525582,0.006757152471367798,-0.0004981518098319386,0.0010624246111354267
0.024942590083683918,0.013128921116432928,0.008023320057799769,0.015364928387695117
-0.015631858273277406,-0.0063663279117664485,0.003752937409588083,-0.006081743510068998
-0.007669351121249722,0.0027414843033634843,0.007778880409403948,0.000950336913501373
0.04739993139483616,0.012104551840201514,5.046077437598478e-05,0.019851628151489883
-0.031312168037061036,-0.009578285465672604,-0.001084392597501242,-0.013991601375129593
-0.031821335039592405,0.006321940325112664,0.0036641332087655374,-0.007278413223484232
0.00792885106885473,-0.006110611909718472,-0.0022648551790058723,-0.00014887185775119827
0.015771125450569665,-0.005875910258925424,0.006309473703192755,0.0054015575633827
0.02550954998825498,0.004585668590195202,-0.004839327805404504,0.008418621839051635
0.08415181891472936,-0.00039980324817506373,0.010364150502024529,0.031372024017470884
-0.005785048965043263,0.01799788328263724,0.003939228735272148,0.005384015633601023
0.0763625301630461,-0.006162036862243143,-0.005940877121324281,0.021419850639954163
-0.036387767691054965,-0.0061155913734457015,-0.01132019034488346,-0.01794116519527824
0.040642917809548144,0.000928468812462789,-0.0035415381734780842,0.0126766034728948
0.0006709630364666965,0.009394649629789411,-0.010411272347561035,-0.00011521977854841509
0.07600589338496659,0.0022129549956963336,0.0013814692003614511,0.026533412660235598
0.021157695099686846,-0.00782809340337734,0.008315603370469321,0.007215061140524587
0.011891837391776842,0.002524588652935046,0.006152166529266551,0.006856190668461955
0.04723840779119067,-0.0014548418270168128,0.007254880550965728,0.017679464492231022
-0.019141260031586893,0.018596021476859095,2.8716652911346978e-05,-0.00017217379509818306
0.03171397505476054,-0.0006417256586462276,0.006032672124614847,0.012368294805269214
-0.04503358299610306,0.004891963166349381,-0.0045090734251009516,-0.014883549534720458
-0.03419911174572441,-0.006181624260785364,0.006302481883905536,-0.01135940668145004
-0.0058612814076786385,0.01379984124636599,-0.0055572594554498134,0.0007937660006457183
0.05346356826455452,-0.006694840617303516,0.010833998178364208,0.019200889407629793
-0.05655934363450419,-0.011184370699445886,0.002232222822722404,-0.021837141999912053
0.021323366046800418,0.008831113193765738,0.011895548471096874,0.014016661887211773
-0.010203482485174215,-0.0016095200557441798,0.002356146105437047,-0.0031522823262083036
-0.006999205792044898,-0.013934759206297144,0.005309581375173882,-0.005208122666261512
-0.014018247880819967,-0.008347075648568182,0.0006461012037825647,-0.007239733535461086
0.01932033183754893,-0.0016839556816453404,-0.010258626152931834,0.002459247541740584
-0.031354101342476556,0.009189474900830873,0.004249569306965718,-0.005971679739874277
0.03107179197840942,-0.003184660166381716,0.0008927086883211259,0.009593270573502777
0.055517905765986704,3.898722827236974e-05,-0.0008102086950162672,0.0182488765175195
-0.025261983852413145,-0.0011370083163108635,0.0016756832003859612,-0.008241094748343027
0.03437346680696351,0.007769153492847837,0.0017287049873543382,0.014623760471946799
-0.02318538415648307,-0.012247133239936973,-0.012017374142475109,-0.015816614696334535
-0.03190243878544778,0.021366176784380415,-0.0032197957974194765,-0.004585348014143015
0.0345507995243089,0.01722839023007863,-0.0038368924396688536,0.01598074979080712
-0.01019530632268676,0.0011556676457452207,0.0033183726658440283,-0.0019070867632771666
-0.019080951142534393,-0.00390933153412338,0.0031439222491792865,-0.006615446860372686
0.004690568072828437,0.008093809500532331,0.01228279601782018,0.008355716174669119
0.02216357703250025,0.00965654941564217,0.003949871632389749,0.011923320770178028
0.03265543439032041,0.004156709826799886,0.006766704406987697,0.014526268348419791
-0.00803889941007991,0.009317283607575019,-0.0005250914711689072,0.0002510973243444919
-0.03201781570395155,-0.00993798750625737,0.01156365021568054,-0.010130707534125129
-0.03364893687967428,-0.006460457754409042,-0.015216529202280013,-0.0184419561701465
-0.021079715130399416,0.0019159272686058533,-0.004580022846794027,-0.007914595654925628
-0.0017859881626567657,-0.008826132374043361,0.001109461604682592,-0.0031675498097862007
0.032498233083234004,-0.00318139129364153,-0.003894758810772899,0.008474019185578866
-0.0036207081319607043,0.003661528346401859,-0.00018211844993332952,-4.709936473131312e-05
-0.022687888520719297,0.0037718649011891196,0.016172456060445435,-0.0009145216051723942
0.06197078551450728,0.006429099281082596,0.009613804561053641,0.026004537114318053
-0.01550141921750612,0.001182681734202852,-0.0005241603449326368,-0.004947627661779358
-0.010562458342869155,-0.001359252515719687,0.010551195874889925,-0.00045683787106131057
-0.022921352481980226,-0.0049521500185696924,-0.010594609343667382,-0.012822691125368485
0.00630752895937076,0.005965172250820413,-0.005074832210522552,0.002399287267266541
-0.008751809407891843,0.0032355008997718452,0.006407695750042916,0.00029712878351189227
0.03926391115461057,-0.010655080138189077,-0.008344222093954494,0.0067548628859526935
-0.003053015339122759,-0.004751136714953265,-0.00611042134468549,-0.004638186494729372
-0.025352752526695912,0.0066008623453532944,0.013076561481536835,-0.0018917743414923612
0.002838012396015244,0.006549569864028377,0.0006357587400333504,0.0033411103255786574
-0.02269555104424621,0.006925365344906138,-0.004422315186799114,-0.006730826897879433
0.00928684641925364,0.006140246156104351,0.017999677834045446,0.011142245660877676
0.022067625992818234,-0.006442055946992616,0.001099353905910062,0.005574969075603909
0.03497534051738495,-0.000441793961560253,0.008755769366334777,0.014429757544281184
0.009637810037458167,-0.011990358887712407,0.004839547602229863,0.00082899875499229
-0.026057080564440047,0.006632062595117651,-0.0074060988800152446,-0.008943696672740264
0.023159922925069798,-0.0018682775977555853,0.005579825135357224,0.008957147863733658
0.07368022686489839,0.0022721811596661335,0.00707397190265174,0.027675432300278777
0.012833051436057617,-0.011173020833387604,0.000494034176519357,0.00071802087504153
-0.039487829578806914,-0.0010887578834703998,0.005201992641055074,-0.011791519815542472
-0.04843085989960482,-0.009066871753698256,-0.01469893715465924,-0.024065532203764502
0.011283516316667262,0.0025753712084771153,0.0060458633093265594,0.006634910309906701
-0.019196839229473937,0.007056654478295509,0.002441008721355888,-0.003233055443548837
0.0697226441012782,-0.008459978391450015,-0.002565855436226927,0.019565583858930327
0.000992961053914298,0.000273786658905904,0.009867455011184809,0.003711397196600762
0.09535282355323085,0.0036277763513749587,0.006770609151232714,0.03525036776820982
0.019299885035245885,-0.011286402820145794,-0.009726546983618125,-0.0005710210184844215
-0.02193397362871243,-0.006339212948987381,0.006944476695106248,-0.00710956285129456
0.02423291182389874,0.004653574824711699,0.01251023441906509,0.013798893223651488
-0.010804682621262388,0.01489959014967708,0.0009604128496044616,0.0016851051075662587
-0.008394943916665659,-0.005005307681908831,-0.007408495853318334,-0.0069362422143817905
0.09856674705522485,0.0020214873433198536,-0.002630967257848216,0.03265238972780978
0.06711244552314101,0.024482889970292993,0.020211795343428825,0.037269006343243996
-0.0014295026093127335,-0.0011446003791839806,0.011155742272879458,0.002860543567581153
-0.01585581188736092,-0.009989333142067435,-0.015477256233185766,-0.013774119980070951
0.003918595420276258,0.015105082904555958,0.004440289827593368,0.007821314896152476
0.011755563307903392,-0.0045461472903594105,-0.00015161466268202493,0.0023525980990202005
-0.01735729109558189,-0.011512569852271401,0.012520927740351712,-0.005449638952856123
0.013111767171545368,0.00834676961394433,0.006335093460872396,0.009264534150910615
0.030215615320658983,-0.01048191280183482,-0.0038810063540967664,0.005284226770677076
0.02122573506135321,0.0033251970681586417,0.008783053225474997,0.01111131734033383
0.007533077576735311,0.0019291055895977204,0.015076302534954822,0.008179487054267383
0.03089499491151084,-0.0005636143211755457,0.007397315263551621,0.012576219375063688
0.056935993434679553,0.000816798174683495,-0.004289211631655649,0.01782117550470914
-0.02394122378073037,0.006349530668473602,0.006936197167169873,-0.00355182842986365
-0.032081845662552545,-0.008288137210449695,-0.0025588549864794907,-0.014309598310214623
0.01002856638657682,0.001948459740367438,0.013666540497425307,0.00854784699360098
0.025326412604620704,0.008404849500516978,0.010490214471919697,0.014740477451860266
0.029407892908926946,0.01328678992656579,-0.0044832940773153265,0.01273711684892955
0.01893226932592918,0.0011881591539097242,0.004010520766680626,0.008043641705190094
-0.027039901070163956,-0.004138935661852633,-0.004282563625911017,-0.011820454965509083
0.009538870178918116,-0.006820217550922283,0.008779788694563693,0.0038328099413727345
-0.0004354626903456645,0.007186886443711647,-0.004930955906526204,0.0006068220087906437
0.0502876095885799,-0.005221633120037389,0.006254359016480176,0.017106761388229065
-0.01592287464981068,-0.002416010054320529,0.009942372949395517,-0.0027988344527413132
0.0195675008074511,-0.00691705468847273,-0.0012346508125746576,0.003805261296869469
0.023230295529244164,-0.004892830591184602,0.0033620994429591805,0.00723318089381812
-0.008065755015030034,-0.00021604685588933663,-0.00043101195148872724,-0.002904268369864758
-0.07366568504287288,-0.013414191202196928,-0.003195293793990661,-0.030091693254630143
5.510260211851392e-05,-0.009349315139396299,0.0011665373562267077,-0.002709222351125299
0.00248699200753256,0.0034699424774225023,0.0012345128486295049,0.0023971467140457446
0.10640177244119921,0.002991191955543264,0.004119224246809793,0.03783735837712121
-0.0476065467747801,0.0022391245975679516,-0.011235297381334115,-0.0188675543186089
0.004371483504422826,0.008410338345036692,0.0076603627448448616,0.006814054717373261
-0.005201686328360471,-0.005650905497166154,-0.008354620587427797,-0.006402397735247336
0.00141090155880523,0.010454939569674889,0.010080319216787167,0.00731537946636898
-0.013135602109935873,-0.003996132392570291,-0.0018245465989051063,-0.006318754048376722
-0.009134574067016427,-0.012598615365023083,-0.007087828935942486,-0.009606996515654541
-0.00117048384063805,0.012107176999703765,-0.002143682811231112,0.0029310005182747517
0.000887197729395682,-0.008128600375602663,-0.0045835986857267925,-0.00394166316897748
0.011123392469353574,0.005774517296521942,-0.0010479816059189555,0.0052833041033428
-0.007349958294370363,0.009829131630193338,0.013992679759322696,0.005490612207764192
0.025864112198115134,-0.001534432494536833,-0.008797412748765707,0.0051774171408485465
-0.018076530544569012,-0.00663480795547939,-1.560300945035e-05,-0.008242305594185748
0.03626360099487693,0.00255456170914311,-0.005941949873493892,0.010958726651437772
0.011748818359658368,-0.009947723908896111,0.003910723498959819,0.001903937412634709
0.002222879204905058,0.007292774928659015,0.00850502249579813,0.006006886202895191
0.001413025525878229,0.018396450233628906,0.013682627409928733,0.011164023225777567
0.005246969506462977,-0.00665702773160852,-0.010547644506396286,-0.003985896924613032
0.10629879744284845,0.00036486054219255057,0.009438925469848302,0.03870082245076861
0.056542113074846585,0.0032966067915835783,0.027383669333328874,0.02907410065912328
0.013949924767224033,-0.003556772245111413,-0.005273850528422004,0.0017064322914628741
0.07115810976229998,0.004694595469660483,0.00439636221064634,0.026749662397846454
0.016220045942703157,0.0013310554972770557,0.004068742199109293,0.007206607339748622
0.007511989313617868,0.010322573705120162,0.00866517512854791,0.008833237215849265
0.065301307438425,0.01795465498178288,0.017074454228873846,0.033443438772888356
-0.01240004696393527,0.004397523712895541,-0.009949363106376242,-0.005983956135176538
0.026931090111839143,0.007750752163605293,-0.007919065730658497,0.008920916594003132
0.027048464473036677,-0.007958879114638035,0.010677793374199539,0.009922449655073148
0.018193785587177203,-0.0003560113495439983,-0.01403139152616505,0.0012687929683618145
-0.018413446516491887,0.006153779388944128,0.004088433892872388,-0.002723741687814046
0.012442626033326017,-0.008044149482241091,-0.008838622615963616,-0.001480047208244208
-0.01694128603783294,0.0029351136885208042,-0.0007770466296736422,-0.004927734731922266
0.009011927622808074,0.008100839633851602,0.003891586548661253,0.007001444266989041
0.005541239823785174,-0.0015288332012484774,0.0009025477809297229,0.0016383164961706717
-0.021522632741699875,-0.005125666593234384,-0.011255719454681904,-0.012634660295199125
-0.02548710296652686,0.008490636466006491,0.006788756757830243,-0.003402566511660128
-0.017540675551613018,0.016189528098039307,0.006134257924771295,0.0015943685626957044
0.017677409104147966,0.004028317861844197,0.013935289545536331,0.011880326956837326
0.02420347351769058,0.007946547028722988,0.005488567251990827,0.012546183386605533
-0.019328964228888287,-0.0017695496202422079,0.008030886739432542,-0.004355871347356947
-0.014519191499475496,0.0201772628981992,0.002771108864964377,0.002809723944835939
0.02298575267447135,0.003998366668164823,-0.01786353236880953,0.0030401926177465563
-0.07891699977781186,-0.006482246046711039,-0.005580104197744346,-0.030326419680972407
-0.03412502697308897,-0.0226141254559285,-0.0029964323528278085,-0.01991184168208683
-0.027161512905978093,-0.0008895768926662102,-0.002685688130868251,-0.010245582397578208
0.01876480613968108,0.009959821288759331,-0.0002575020513175105,0.009489032303332508
0.04786304166247425,0.0069607527351829455,-0.00764928117968911,0.015724822014484954
-0.002822728366872583,0.0004481350114684809,0.0016289478171962175,-0.00024854826418744885
0.021162141817849846,-0.028637997857418277,0.0021018051401101956,-0.0017913485084691113
0.044105578230640555,0.00140841384725176,-0.0012429189421809582,0.014757009621546073
0.03548775997739569,0.011878629191679634,0.010517358199126128,0.019294563161484694
0.025513576525592448,-0.009560464650211473,0.006487983918711778,0.0074803577843323196
-0.04164184811071303,0.005492197925454001,0.0037796790167987306,-0.010789979599496376
-0.01692172425871453,0.006200769687626748,-0.004519169142415258,-0.005080036157793109
-0.04884674724658691,-0.004341741108650445,0.0009872710306744867,-0.017400388374448513
0.02974653963406231,0.013308873805491965,0.0026063360786719634,0.015220567952158906
0.006972942360813689,0.009899229993532566,0.0044685896958502475,0.007113580236478151
0.05730921922715467,0.009974051162740798,0.013072980344955661,0.02678539012620013
-0.01584958449245611,0.006170682086684792,-0.006451704653197384,-0.005376863642787214
0.036255981470758945,0.0030929292098118787,0.00901905545779364,0.01612263925679944
-0.026344178018434757,0.0071314550488687884,-0.007833232694944705,-0.009015309539518335
-0.005385299310524269,0.008835650953323183,-0.000788280851060961,0.0008873560432223871
-0.039162468581293824,-0.00794501955114172,-0.003618454573205905,-0.01690863065989958
0.04425927130633504,-0.0027711862531735825,0.010709863003484523,0.017399298619565972
0.015659538733730764,-0.013883076631107015,0.006696225893237543,0.0028242265077244324
-0.050545546708586034,-0.004924845523951196,0.00027466119274528376,-0.018398558614686967
-0.041929524379429164,-0.0030566420420242465,-0.007298304811838567,-0.017428139649606916
0.01862989005004638,0.0024467355560235677,-0.00792858857070455,0.004382674629109454
0.009526782262371499,-0.002771106613667056,-0.017696485418462447,-0.0036469329429827447
-0.04553416406258472,-0.009024739151014457,-0.009398332374938133,-0.021319057210433905
-0.014686099274663626,-0.003044617890024153,0.008355528414382448,-0.003125059791705527
-0.029272785815744915,0.01021281163030195,0.007191514609539528,-0.00395614923581462
0.010450069412417936,0.0020818739966492316,-0.004021628360418429,0.0028367688461112305
-0.05236852532465688,-0.007777334617564413,-0.01161504779605881,-0.02392027865912412
0.046288235966946416,0.004022380832184701,0.008281066222996285,0.019530541476814794
-0.0041078782828008545,-0.012273497686662844,0.0020233010400528472,-0.004786020190445307
-0.02720403123749001,0.000696610923168279,-0.012178227756128743,-0.012895203128267469
0.010282174786147923,-0.008032460693094571,-0.002319557778606455,-2.328120523647268e-05
-0.01255040112626226,0.005668320021195281,-0.006533683053841249,-0.0044719169143813565
0.007857774247070027,-0.00010932278664086954,-0.004407756236133478,0.0011135639612001517
0.010157756879351046,0.005970182326144613,0.012325290332767322,0.009484400361677813
0.012975389892347373,-0.015440972458415608,0.00786025038460112,0.001798220807955022
0.006505258576714235,0.014837160847983371,-0.010496417275038859,0.0036153304345521993
0.04987810851989438,0.010087211553132948,0.01837566080434379,0.02611363417879675
0.0008276246985668653,0.003100854513248638,-0.016285128543622282,-0.004118878991719149
0.042509147016367634,-0.006557983435388887,0.0029307186335619153,0.012960614444219483
0.007755659821346187,-0.008285236337136067,0.01106099184365206,0.003510468265482284
0.010544598058746952,-0.00020749700985651172,0.0025718828819413808,0.004302990340615963
-0.07526949521250803,0.014671428860734567,0.006808396700249521,-0.017929871953951432
0.007699654498494631,-0.002308951741096177,-0.0052472439129187115,4.7819567006966075e-05
0.004002525333460236,-0.013500074680669709,0.020827379851831328,0.003776606391597117
-0.02292826398044287,0.008317834046502055,-0.0012899231665823734,-0.005300112400056695
0.01744280188230896,0.017265700876592197,0.005255579077111789,0.013321347290643703
-0.02132486721612014,0.008150698828915053,0.010637712263296484,-0.000845484529150826
-0.012628662901611826,0.006890442379765276,0.001089860930225812,-0.0015494516477537155
-0.04798158761781327,-0.006997826534068877,-0.005011307645652989,-0.01999688726893778
0.011391505824806612,0.0015950757521321379,-0.002396719996791115,0.0035299503300953512
0.07245435519020552,-0.015253607213200283,0.000473439458146127,0.01922470992032131
-0.009160822289011836,0.0027644720038634894,-0.0050236227115751445,-0.003806653858916831
0.007743246721658973,0.008510113763935116,0.02247225754096601,0.012908526433647358
0.04313044884476183,0.01173873665551208,0.003885623059084678,0.019584916601516678
-0.03772589867359337,0.0026741531272239023,-0.010850700809654843,-0.015300800151192652
-0.03707411448778843,-0.008062020475776067,-0.0004611090114170777,-0.015199066125912533
-0.019587400997501208,-0.026084668793193457,0.007220990165400957,-0.012817013724738027
0.026250225858645723,-0.013543707831054923,0.00012292222304814107,0.00427647580706623
-0.01342036179049896,0.01512115627549921,0.003862519800579713,0.0018544362407552262
0.02967228250362984,-0.008455759608113084,0.007776559180498584,0.009664351027644421
0.0701133160053937,-0.0002259040224295996,0.013713490280058954,0.027866939554040262
0.00966467128152664,-0.00627663552109346,0.0015468093908819962,0.0016449467388233415
-0.007220976958494097,0.005897557393908702,-0.007631302731797511,-0.002984904447220203
0.04006870735681569,-0.004409105171462334,0.001419700259801851,0.012359755121950922
0.007862438309489123,0.00523031213800999,0.00040494435525309286,0.004499227101685801
-0.030031622324209337,0.006144223280658863,-0.009940106295758668,-0.011275823837267935
-0.020746713378430558,0.0016980952274561578,6.349515991240721e-05,-0.006328368001979667
-0.04874710700856249,-0.0013153407602829012,-0.0006846854415389187,-0.016915694154417033
0.04124734328750472,0.0020100396567810583,0.008639806806529033,0.017299045951208354
0.05384863386252221,9.564414474331898e-05,0.00459083709726856,0.01951168552313966
0.0024313300061811465,-0.00906052968893786,-6.36217529660435e-05,-0.0022309382476337733
-0.044931978545469715,0.007494610989538559,0.0015797842486644231,-0.011952515816561142
-0.00019805007928043157,0.007220452118263071,0.010839795599954153,0.005954059925579718
-0.07205766677131263,-0.002547929036849456,-0.0008241148284349057,-0.025143211735628786
0.0011644172015176967,0.011481211628938372,-0.009926715946359795,0.0009063033883944631
0.024918108816750363,0.008707497966588177,0.01896761359531192,0.017531055928476695
0.0066234943057114845,0.001408931896113731,0.008558149524485907,0.005530186378578466
0.03938050249235452,0.0080446516548381,0.0063914626275986125,0.01793885431939149
-0.02974962833077253,-0.0051459616613601915,-0.0012744468688516619,-0.012056666896982506
0.0010053213370169048,-0.003316256471326737,0.0009081531547480096,-0.00046759352559328095
0.03727420272093174,0.004032970134097733,-0.0044481794281757275,0.012286318855953438
-0.0005046269657867732,-0.001949906319332815,0.020205149866267806,0.005916866276843878
0.004147481605529572,0.013049004979841091,0.00446031038355214,0.0072189251040419445
-0.012357724491154458,-0.012480390173234214,-0.00969941626487382,-0.011512498797243854
0.0556470216210693,-0.0012403763044302402,-0.007760439725091939,0.015548719648447175
0.01747383634971938,0.003458531292498239,0.0022378530611982363,0.007723399177731717
-0.019069131033517265,0.006627851566212794,-0.00046921059510270026,-0.004303492383972369
0.003927188873805995,-0.0008256594684938797,0.0011723794643104565,0.0014246348652379008
-0.01046272579032271,-0.007915585657863163,4.282724788546503e-05,-0.006111821954938735
-0.011991979996540834,0.013644307500746241,0.005183794860546483,0.0022787051762098416
-0.011454262904928968,-0.004125935336454005,-0.007375238258865175,-0.007651804514937216
0.024283770793143877,0.004761934811435671,0.008033095258116385,0.012359587927965024
-0.030615876390988794,0.0008657072896344988,0.00623134228714819,-0.007839601098459763
-0.0005243248249895559,0.002198391481776365,-0.000475265526665797,0.00039959997710662727
-0.021571433441791257,-0.008718843990744192,0.01427640474597631,-0.005337952224228817
0.03149892778370543,-0.0015771503563916933,-0.002485123776444546,0.00914554207140518
0.031521332389897336,0.0011959172414746817,0.003929131685567331,0.012215448223519344
-0.09064335733099144,0.0026442668143003296,-0.013241809066620787,-0.0337469327808041
-0.006308562782277665,0.0183743724816352,0.006138048860566476,0.006067946785355151
0.0028619096277387613,-0.008649289225837098,0.005278125597747554,-0.00016975116369892746
0.020006897327817998,0.004435153401444259,-0.00287053353258226,0.007190498541720933
0.04065727068189845,0.0023964018847860763,-0.0064631932815683735,0.012196814231545623
0.01617186881554017,0.008099116709227482,0.008882556986357358,0.011051169785860833
-0.05468202466171097,0.015055576182276167,-0.012275903348306355,-0.017300766641796445
0.007395386335886602,9.627277287794307e-05,0.002702541691027153,0.003398063535196966
0.017639840556345335,0.0018340523211169794,0.005176115204993366,0.0082166611441492
-0.03098234384231215,0.017402301662771902,0.002031318952023924,-0.003849570559597699
-0.004652206562716397,0.00378185399492939,0.015550300637240418,0.004893311129835114
0.023753573054575174,0.00014859234585450347,0.006447193805427779,0.010116442952166084
0.021926296501186177,0.018080759765580885,0.005036057738298986,0.015014356320650681
-0.02968071013552021,0.004874969866652381,-0.006394393854998183,-0.010400034307910628
-0.026463514407500017,0.0040317844414772585,-0.0037943926954954565,-0.008742032145131851
-0.0020786376198893854,-0.012261670475808877,0.015009025664485443,0.00022290563335653765
-0.02259717111581607,-0.008595911769498614,-0.008209811631443256,-0.013134285037954475
0.036637762419982706,0.0007901035904768612,0.003847621885982549,0.013758482206984739
0.03810737852505382,0.0020948267856251822,0.006781365144269616,0.01566117449045939
-0.008125586291508419,-0.004687741799597643,0.0005622832880523837,-0.004083677517336291
0.02013959599155954,0.008670884018107452,-0.004786741176115716,0.008007904936604148
-0.05424658479102348,-0.00041248152971601305,-0.004837933807422975,-0.01983231354372078
0.03531787259632352,-0.02068439204624933,-0.013736695431416784,0.0002989280739574287
0.01725500346842808,-0.004046450989409895,0.004850108122529435,0.006019547514295672
-0.026971035631541126,-0.01689007303278613,-0.003379825428898488,-0.015746962284097218
0.03738172648937532,0.003011000900442365,0.006338009054512813,0.015576896571198018
-0.06468675236121973,0.007615711213733549,0.009032303204133443,-0.016012896634871602
-0.001959464927077104,-0.00633860061461038,-0.0028472585035192455,-0.003715104299960894
0.03077602492383537,-0.006677646279218749,0.0051384870347405895,0.009745612147497177
-0.02778158890157648,0.0015204345598877679,-0.005531083450806454,-0.010597402000085791
0.054101880510491536,-0.006021200211700208,0.004946295991052903,0.017675641087622644
0.03466611691944677,0.007365159980299179,0.0015311032139754457,0.014520778850447095
0.05157372861213123,0.011953885984984916,-0.001120361469442509,0.020802396906806832
0.01716136467900322,0.011626949999767539,-0.007329435750372638,0.007152952489839731
-0.061140990235164984,-0.009728391674422254,-0.013192465759920986,-0.028020587869220185
-0.005706300820833381,-0.006233371384049615,0.007407153628001449,-0.0015108380147876566
0.03068065397722614,-0.006449851947923306,-0.004494338436626515,0.006578814618737575
0.04646520436551693,-0.0076833475904479025,0.010864432468695779,0.016548746532491852
-0.08120512174102949,0.0067894788727517795,0.0036474909937045355,-0.0235893603688071
0.017702197080767965,-0.0017582898294889954,-0.010998979858764543,0.0016483074825290114
0.04393771078073286,0.008217828909677484,0.006822367407944587,0.019659282706815946
0.024053365491010052,-0.0070515883698551145,0.007597110637575311,0.00819962105328083
-0.015415054819972254,-0.0147260327751292,-0.002599805690415519,-0.010913620181541229
0.0437256098490967,-0.008258449579723316,-0.004830189787019731,0.01021231328179439
-0.025518021835024354,-0.014724846083393443,-0.0028871069509549215,-0.014376643913132614
0.0508913829507371,0.006371821646475697,0.01660885880189309,0.024623996509014163
0.008623135607785295,-0.001827284578161034,0.006426874471288846,0.004407570759395869
-0.018889433846109523,-0.0017517776299973173,-0.0030421170832304425,-0.007894434958669575
0.01371534669848423,-0.007794461431254472,0.002866148992867382,0.00292900849102096
0.012320366034659169,-0.007962024211757618,-0.0027948615016483674,0.0005211595859242872
0.03109188254771323,0.010486745802007764,-0.001664525406913836,0.01330468767623474
0.013171409516924736,-0.007465548936370223,-0.008019281123325166,-0.0007711394097833702
-0.002850852784437832,0.006806720643127687,0.0006972930165224675,0.001551052074017149
0.05231576291443784,0.004420044924241115,0.0037230373500172615,0.02015292824328368
-0.013434278196009973,0.0014585118896487943,-0.009511510790556142,-0.0071624185365467405
-0.031655864297391076,-0.0025806419378563345,-0.0008424137665385063,-0.011692961640955304
0.0034056874200289722,0.00454240569706049,0.004101467086752354,0.004016516051427204
-0.012524768049637536,0.01657482207299433,0.0014812501084354207,0.001843766200162694
0.011294695424497866,-0.004397170057223983,0.009146076471061408,0.005347861931577817
0.02842160426511721,0.006967264013318419,0.0006318740717517664,0.012006902109815015
0.02889962273401716,0.002338857935528217,0.00930942950576794,0.013515956542467712
0.03849307981226209,0.0024503149030193965,-0.010035129204031748,0.010302744867661409
0.020739419038163003,-0.00039873245758461175,0.015096870509126057,0.011812507217382452
0.012196377965277333,0.02494613309890964,-0.005694513346443471,0.010482655423248595
0.0024551833544246768,-0.005553431635305205,0.0015705113273966904,-0.0005092451419156283
-0.0012222194728404418,-0.007943592965657916,-0.00693229450296977,-0.005366030281120396
-0.025891049196603507,0.01618564244996597,-0.0024382664319761663,-0.0040478870116468415
0.061843710375907426,0.004758945926880222,0.0056223550861162,0.024074979721297487
0.00017427300140902043,0.0025005861344839326,-0.006105059162260033,-0.0011433988653890177
0.008325015109782662,0.010044698493775883,0.015695848855852797,0.01135517613128296
0.012359343551464605,0.0009569480504938196,0.014393496401067511,0.009236586764412644
0.04362196415427132,0.014265918998006333,-0.0004449012791012672,0.0191476414767315
0.005513827292299843,-0.004867192247001527,0.004954063129173358,0.0018668975245911663
-0.08113032745198516,0.015986630844673444,0.006336389819232718,-0.019602415993590735
0.02147874752716804,0.007812499849472138,-0.0003452199875124192,0.009648666147700123
0.03326914073900321,-0.01506930468347201,0.003694505311759961,0.007298106490983264
0.003959691150568708,-0.006869575251368951,-0.014075513093157396,-0.0056617934028534815
0.0458337387907846,0.022271404160920206,0.005866002152810407,0.024657023711123372
-0.0018141410622701097,-0.0007185436909478189,0.0012771446131774051,-0.0004185129615001278
0.04939085652623203,-0.005530067826818462,0.0033521419334537157,0.01573762780664555
-0.021295790670020406,0.015357193061274477,0.007360747517452724,0.00047404949551896173
0.041485002501652025,0.003729308722412331,0.008685211506677545,0.01796648961040639
9.791942598108734e-05,0.007853667421949815,0.003419335228908892,0.003790303568639239
0.053642902121901495,-0.007213338614488305,-0.0006060987568250755,0.015274472975707788
-0.0327923091415447,0.005564425080930296,-0.0037210374546018696,-0.010316296855431586
0.02888990658989969,-0.004233633580990861,-0.005086153141230301,0.006523366765852886
-0.016751872716387034,0.008570252714125945,-0.013356049496024045,-0.0071792159868718786
0.02135202315822502,0.011159043150496048,0.006168690929660195,0.012893239519541343
0.04244567288523588,-0.005904007157382889,0.00011753354034834415,0.012219720869667355
0.009072007619330571,-0.007270020615633345,0.006091196227573788,0.0026310584460292608
0.004505248431021302,0.011942103145647321,-0.009173467472654486,0.0024246256100433445
0.02532443805569086,0.006280708042258213,0.005192296664069082,0.012265801988191796
0.015194110678299953,-0.003253970185524998,-0.004781088387423284,0.0023863483154331886
0.005678981818118031,-0.010244141233044528,-0.00024456617433668104,-0.001603240259845863
0.00538212463137324,0.007539629051836454,-0.0015394809082969522,0.003794087130879989
0.030406979489259422,0.004073961542502447,0.009923183276907499,0.014801359968181686
0.00924195796458031,0.007750883744779892,0.01817154697841204,0.011721451174461184
-0.007372497828657109,0.013560994982329357,0.0014607523066897925,0.00254974727037086
0.0011068809246469933,-0.011022609022006842,-0.012524458053138045,-0.0074800545701039145
-0.027252751592736605,-0.010448049877775228,-0.010172741200307525,-0.01595783159909223
0.012039390663596125,0.010305795381865716,0.0033653821904158065,0.008570180841769803
0.004453454700143673,-0.007758596947397681,0.006647443038375812,0.0011140991496070044
0.026772230994059534,0.018179076509267506,0.00865959771690917,0.017870283869776998
-0.0058100243823672095,-0.0008345265046539961,-0.002855110960733754,-0.003166550782697704
-7.315663293737179e-05,-0.013334934783760957,-0.0014208433495310631,-0.004942973312431541
0.015373417299780935,0.0057334321739692315,0.0021440663378833316,0.007750297520239228
-0.04963196979692646,0.000857103923705213,-0.002428350881897545,-0.017067721850634012
0.01870989067507616,-0.013391379128145118,0.01245344554664278,0.005923979773872243
-0.011129360567277462,-0.0005078603216633067,-0.00012345820904211208,-0.003920222445767928
0.08092281283475204,-0.003896232391972633,0.005034724505053257,0.027353740962175903
-0.010588771891696136,0.007386929457672305,-0.000563345355960945,-0.0012550613415989952
0.017378248040478425,-0.006654520439203053,-0.004017491399982814,0.002235409831685452
-0.06324641900499921,-0.0014746428658968793,-0.014270168135255432,-0.026330383671640503
0.008253183691647748,0.012123478997976944,-0.012272743992424208,0.0027013035310939288
-0.04825961027770553,-0.008116753442968881,-0.0012076265002734813,-0.01919464421231922
-0.00233849720528467,0.013595222041236445,0.0014439069818181032,0.004233539705712687
-0.02320150985841817,0.0155545799364473,-0.015648145523737503,-0.007765017383544307
0.010669167373791226,0.0017469918611356925,0.002844075329445849,0.005086739768046067
-0.01997026770142872,-0.006065681460245747,-0.0009333617210333434,-0.008989761304465643
-0.036183124669907425,0.011254602983726656,0.006487699662345747,-0.006146934527670999
-0.016763438562608403,0.014648811561821917,-0.0072799351996503045,-0.003131517601958197
0.026963750583838514,0.005014361181054925,0.010043439849992007,0.01400716986444461
0.023210740587893786,0.01014254537179515,0.0006910286730498023,0.011348093529474702
-0.03269749818717498,6.163186476850467e-05,-0.0029759612743822813,-0.011870597328320387
0.007915369295323276,-0.008253504426281259,-0.00818136234518527,-0.0028398296522152587
-0.038990090014277855,-0.0018451168804216817,-0.00391617239912226,-0.014917111514147501
-0.07786658264246553,0.00840255556221189,-0.004051913639793207,-0.024505289068035372
0.04304810141759412,-0.010767149547439951,0.012729388158090727,0.015003431672634954
-0.04998662721233167,-0.010698799545074402,-0.00817439255490387,-0.02295325015083021
0.013620917935835367,0.009914129236173522,0.0214043286686475,0.014979776967093515
-0.012545286591773331,0.000983409578298862,0.010773209546248252,-0.00026288889285291646
0.03519666600149305,-0.001456513767908012,0.0006658591121893964,0.011468658979921028
-0.016641774230258956,0.004479172044581227,-0.010626562498052128,-0.0075963806315217245
0.0014837965364616857,-0.008235787063514334,-0.0027528441225751496,-0.0031682750482643824
-0.022124517807333533,0.008986158852582662,0.0022178997747762962,-0.0036401494198384653
0.023987710009747077,-0.005201891266938576,0.00023938017442310788,0.006341726630677564
-0.01870715608880781,-0.011004254666002078,0.000807543716358378,-0.009634612711528158
-0.005858933001497363,0.008966160957619982,0.003394715200150881,0.0021673122181101144
0.02070493767145605,0.0050817797126023285,0.0005750198515776197,0.008787236957966254
0.034563112897037784,0.019998067547722684,0.004585839186806903,0.019715653494849248
-0.0034449204839529153,0.011970949432811418,0.004806480886526449,0.004444165500958372
-0.0583334431904189,-0.014025379198481102,0.004952270852681231,-0.02246882804322241
-0.00837860718834936,-0.0077023417062539665,-0.008769604037355652,-0.008283509360468682
0.02253771193119103,0.021494610709253334,0.019383288631873646,0.02113851595223558
-0.04657775398245447,0.004709721750743233,-0.0027033461084468922,-0.014857111256259931
0.027536411528823995,-0.0048534077557532765,0.009417641146396228,0.010700204272940675
0.060175010803839746,-0.0005248803505084849,0.0016985872869265076,0.020449552130513343
5.863657513605937e-05,-0.002824605105967538,-0.0021162428073502573,-0.0016274021519901325
0.006275593217443575,6.024150003907823e-05,0.008691986386551453,0.005009268692071
-0.009469163475489147,0.0017797363183689983,-0.009735930657689063,-0.005808446796483799
0.016091335289804175,-0.006728927210513953,-0.0007599898445792843,0.002867469877430901
-0.01755830739685858,-0.01767346835844062,0.0012057588713431798,-0.011341994285979711
0.001294300458297194,0.011671083341833297,-0.015767210277889875,-0.0009339412253109685
0.008573416829005675,0.0025962155190506634,0.005089136071774067,0.005419584053687329
0.009046040286817018,0.00823282840535148,-0.010316045763631505,0.0023209386552380216
0.03334953362439042,-0.007041362500636289,0.013734658971696047,0.013347596684206695
0.006334485613648848,-0.004514869779119881,0.006853832527505254,0.0028911465628619526
0.03018300374107365,0.0002303908386411457,-0.0036014981925318614,0.008937289858428848
-0.02462297130220189,-0.002146969184420437,0.0005567547904334277,-0.008737719827667734
0.028199730801164426,-0.010112699842328592,0.0152589977498399,0.011115331787549008
0.03581883512486585,0.0038742967736839096,0.005947096010048976,0.015213394089456942
-0.021053586760749393,0.012204371627176991,-0.01919330170496882,-0.009347496265341461
-0.03946841800344673,-0.0024159182677079864,-0.0169396363684887,-0.019607971271890255
0.02320141791918178,-0.01593464162518191,0.007648516972683053,0.00497175945046322
-0.027069414407760034,0.0011446653194002979,-0.00011177635340851107,-0.008678833135080935
0.008572727466365901,-0.006506171128928583,-0.008515932925279256,-0.0021497900461551166
0.030010758091035997,-0.007085991504703685,-0.0007041240702866474,0.007406873431801049
-0.04147724522930359,0.005338701169050341,-0.0005492963814305843,-0.012229267917947798
0.03394904816413253,0.005330692357763223,-0.0074400921179823155,0.010613205521421677
0.018271847309930922,0.011544223156349015,0.01145439148061056,0.013756806892142849
-0.021130850477361286,0.011302244793296785,0.014124271530182145,0.001431887183483933
-0.07712613282188104,-0.0002285148623839445,-0.009530962227425848,-0.028961841008693638
-0.08862094335131522,0.009378646165169884,-0.0013281405560871995,-0.026856785723931596
-0.0019180681890954162,-0.011874433745614303,-0.0011693738612069634,-0.004987286944680295
0.019297789422783915,0.01013959335523843,0.0026299867469878513,0.010689112485880222
0.036308364945881515,0.0026598305781878394,-0.000901489806638518,0.012688889216908372
0.052603200017340826,-0.007372650348558668,-0.0030904737275789774,0.01404667793370908
0.04439362678300557,0.0030719301987823244,0.00485521466456924,0.01744023977519516
0.06059250970456993,0.002164529901013634,-0.0035013052733563143,0.019751891692164306
-0.0515498167156647,-0.004238357670199048,-0.007506576260518635,-0.021098229117210578
0.02725376806515338,0.0006394813615156835,0.007301912563734907,0.011731708931747327
0.004140145235241286,0.0024136179896029957,0.0020686895365092752,0.0028741480463002653
0.023737228135602532,0.00963063887953393,-0.011373815199482438,0.0073313432738674016
-0.0276179382469306,-0.0006850402367223556,-0.007741932076597768,-0.012014958171780053
-0.0575518266223987,0.0009898437824202044,-0.01107265180084595,-0.022544855668729935
-0.024290052842448163,-0.0044942765077258225,0.0004825510674717576,-0.00943391666030798
0.017543697279421577,-0.0020811968445677764,-0.0013653183733889473,0.004699055988094263
-0.015244096482305208,0.01757517931614138,0.002533362428598482,0.0016214801326631307
-0.05241155770133344,0.00729020914491219,-0.004928650712852605,-0.016683316406424863
0.018344289879949443,0.017242407744328187,-0.009868475031568156,0.008572732291495628
0.010990051951964787,-0.00012211031469941728,0.0006510664613891772,0.0038396655265488158
0.0077072041998999564,-0.002230678584191589,0.00835370048323557,0.0046100707562392795
0.009464985847984926,0.006493185888866978,0.0011659144418227994,0.005708023018196174
-0.014402707965826662,-0.010204686885895613,-0.009292544465008283,-0.011299968472263748
0.0008198156314221609,0.00032849202105079636,-0.007396795394630869,-0.002082827164556723
0.002874027013216663,0.017812002305596278,-0.00705535418676748,0.0045435538337901095
-0.008698620270808978,0.0031089566116866336,0.0027040196672675865,-0.0009618803687369221
0.0035921176439047686,0.009149696454704792,0.0036977181489443074,0.0054798386026738725
0.04458779191537775,-0.0065077758106803,-0.010192332318912412,0.009295885299367083
0.009055517925530828,0.008252102653831406,0.008671671529579702,0.008659755376549942
0.013564411896583332,0.0031673150679053146,0.009344664664683205,0.008692121850926741
0.0031468275652447417,-0.0011589246764546336,-0.0077155468329586415,-0.0019092127388415296
0.049112573058676355,0.0018621325657724656,0.001567218206557806,0.017513957096360933
-0.016969415308985315,0.00028087672669401264,0.0011714355979746446,-0.005172362489071223
0.05693624907657039,-0.013530833771402734,-0.0024174233503238764,0.013662650322283943
-0.019663211819372063,0.006392180565685051,0.0041058402685149676,-0.003055060606660353
0.045984415122722805,-0.0010698574275680665,-1.1919421623177336e-05,0.014967531123631094
0.003346135439524144,-0.0020444695529364333,-0.010061066694880615,-0.0029197973496306985
0.024903223017205392,-0.008106957106410868,0.015910795845370588,0.010902343016367784
0.008226401911738427,-0.003941219812669193,-0.0013750107969574717,0.0009700561306468201
-0.06028781823296848,0.013614589857847567,0.002578094204604918,-0.014698363358460607
0.05479884750268748,0.022715658833585412,0.014631038494814952,0.030715150895181002
-0.001161826290947444,0.003276299366398274,0.0007353706615191323,0.0009499469623754083
-0.09721924522267654,-0.0011915878347724313,-0.0018182091938376706,-0.033409647340748125
0.024702827825578935,-0.0006215416481032064,-0.0001959005908632014,0.007961787233742313
0.017052757337416142,-0.01753546135859937,0.004492735213537859,0.0013366757274411454
-0.0018849178910492754,0.021158173682873926,0.0052683354659091314,0.008180522238714174
-0.08466482734262722,-0.002633107997387922,0.0032051187783909457,-0.02803091082293588
-0.04278517347205601,-0.00024010109695250792,-0.009056497457903382,-0.01736057331504662
0.0829570735536822,-0.0008395568396715941,-0.0013712941232385547,0.02691538061484982
-0.0027205766949666512,0.011885607578506081,0.002550058843840382,0.003905026004096695
0.0029524299361777173,0.001301851157739829,-0.007892597996365816,-0.0012127710880437891
-0.034863688827321576,0.009116688201681227,-0.011825578294194726,-0.012524180449085385
0.006915403336139079,7.551311419886925e-05,0.0021964454822212647,0.00306245091506576
-0.04072154550626235,0.0018155659452797302,-0.002334142116331858,-0.013746693479064266
0.03945415282076144,-0.005805954929189895,0.0021953300106205397,0.011947830686221394
0.015544126929210358,0.013505825312797377,0.018077335342794192,0.01570908015250478
0.04276496941653031,0.005879881625200145,0.008139734015609391,0.018928176090918264
0.042419264083508525,0.020059710025291774,-0.006669726641534991,0.01860306388600595
-0.021421713142299712,-0.002985537757538215,0.02167485563060239,-0.0009107975122800896
0.03545904784236187,0.010912591266809685,0.002099236824144372,0.016156942487479998
-0.004913070602279581,0.002877534550539435,0.00616170327494522,0.0013753876990126172
0.03527181169554757,0.01805738007393825,-0.00521877395491588,0.01603678990138404
0.07532972492001573,0.007869855352765158,0.00554395009083075,0.029581147206693758
0.023920987443783143,-0.012568478499249393,0.0071664931740831155,0.006172994533204915
0.013705471128652922,0.01776720955116806,0.0033019501146173396,0.01159153200660251
0.022862456289510013,0.008657726872097345,-0.0005765637638896048,0.010314529484699452
0.0246960115614963,0.006235840029733345,-0.0008609030558039653,0.010023639488159049
-0.002747476006269334,-0.00017119103681949852,-0.007138558849906275,-0.0033524052785897382
-0.03746427925959587,0.01216775071074293,-0.010394726980202424,-0.011897073279266613
-0.009402483137918765,0.0064788538111787254,0.004872714317670829,0.0006496943472819331
0.0816125558264332,-0.010808821838232516,0.006858430486300977,0.025887362270779063
0.05062388220271083,0.010235343440036201,0.020849284711592166,0.027236142881942947
0.027914223894881882,0.014406724469548654,-0.010802141895327947,0.010506258316765374
0.014383332885941182,0.001066431299274635,0.0075028722381760456,0.00765087115691848
0.047850232129914155,0.013706166110822066,0.01210286620839606,0.02455306359662261
-0.030343419083169402,0.01035174624972599,0.011169773964618069,-0.002940630015642158
0.002752673147968297,-0.00846037994075384,-0.0030897899582041977,-0.0029324959844976633
0.08457969345707328,0.001440386674361225,0.01471789558242597,0.03357929165862825
0.032276685375617,0.005254607946658563,0.0029492761376304607,0.013493509659778854
0.09847585402337118,-0.008614081685587194,-0.004006850335656811,0.02861827871573506
-0.013519854439491216,-0.002318046149557137,0.00891961281207864,-0.002306093619560645
-0.009429221123814864,0.00468202962643579,-0.005607908377871455,-0.0034516965067168844
-0.023529705243613558,0.014257029162591531,0.009516925752642564,8.141647579028812e-05
0.03952728316340993,-0.009428671174124513,0.0006696782033664007,0.010256086474787207
-0.01662119706588979,0.004025324662713392,-0.013228579992301601,-0.008608142190341868
0.0315436647373132,-0.004711738514379893,0.001975049491315827,0.009602315635757806
-0.03419757499853118,-0.0012517191079842171,-0.009915435453602489,-0.015121561398462775
0.030263185297896854,0.0065981996740930495,-0.013943633125401407,0.007639242976278884
-0.05107434522907962,-0.007776402217015357,0.004350735348538827,-0.018166652532514684
0.05422033442405897,-0.014372059170337235,0.016455247262205683,0.018767822070801632
0.046559677346985864,-0.004713069598266159,0.0015556229865843168,0.014467395777691096
0.05331071372705101,-0.004327214640666619,0.008835842182025277,0.0192730944830228
0.024156790627501094,-0.00433373285087698,-0.013145294225830937,0.002225918957676542
0.051889181110700074,0.0007874797905514286,0.004118667489192263,0.01893175719837179
0.02678111710124579,-0.006965269168334668,0.003789642834539243,0.007868489053986532
-0.02466351437903093,-0.0005998378511206001,0.0035848740001837363,-0.007226152183829854
0.019158585220217038,-0.014281787873605997,-0.010242632913204939,-0.0017886100669194435
-0.06411706547909415,0.002142159577067961,-0.0137876642131553,-0.02525416478420379
-0.041168638484907996,-0.003826868470936042,0.003385695464438127,-0.013869923293864805
-0.035777403893576615,-0.0017162883114791704,-0.007159827208516042,-0.014884491586684137
-0.028449890336584776,-0.0019785951963455705,0.003514379012141043,-0.00897135986889426
0.07365517626076909,0.00046969736580435744,-3.131251241622569e-05,0.024697829006865367
-0.04991248278761622,-0.006711908251610799,-0.0031568518008149135,-0.0199270610195997
-0.013465570898151633,0.004509471298394218,0.014409730824738702,0.0018178752571166876
-0.06154808101354716,-0.008596129254590575,0.0063411086756984605,-0.02126767926311256
0.021485726898812327,0.00788398131445358,0.0050183173076751245,0.011462663710971835
-0.011056480902341742,0.0022537677675440013,0.004952310694394285,-0.0012834661966670052
-0.007161953169468216,0.0075679077148988,0.007009093931472782,0.0024716803539516297
-0.02494145943286556,-0.004559800523784403,0.006541478175557855,-0.007653252940436775
0.04357754359856798,0.0008572773864182914,-0.006021325017825631,0.01280448585122156
0.039631356949516715,0.009531772002694078,-0.0012004262562235047,0.01598755157776153
0.020722586877394006,0.0008061144624314735,0.008776601322530924,0.010101757452351246
0.012620295311549462,0.011498223890748992,0.014695338101726395,0.012937939496722515
0.030323184299078827,0.0007633559402996265,0.0061927004006074125,0.012426401120248409
-0.0027315109723063196,-0.010066412600522339,0.00041510356946260565,-0.0041276025401820165
0.03223848839755236,-0.017620418660951518,-0.002548891637565097,0.004023055343285883
0.008542220375085022,-0.008046051304643555,3.110367993665233e-08,0.00016539989264040944
-0.008230008392399972,-0.02017777773672614,-0.009764341074364047,-0.012724029677120984
0.01331748277761553,-0.00283199944735553,0.008866787399211682,0.006450750459066984
0.05157532925662397,0.02032205754296302,0.006400821393376213,0.026099376631585004
0.055932346664201556,0.004442841178565699,0.009576040379412214,0.023317052756983748
0.031598878590405007,0.013461199062959178,0.007935742803458844,0.01766525582033419
-0.025618307832636234,0.012220891895688833,0.010041862330787079,-0.0011185167502022382
-0.023115832411103803,-0.011361624273719855,0.004660919990085869,-0.00993883562606703
-0.06806985866762236,0.0014890555659778518,-0.0022763994729469296,-0.022952377905796288
0.016260573032994306,-0.002979279057736296,0.012718583971846274,0.008666617315742113
0.046000043248306234,0.0056077521637273985,0.0164659313204303,0.022691219552912402
-0.030124179158823167,0.0006408229694318214,0.005745344170700779,-0.007912662760226183
-0.006956015474424914,-0.012590776577553751,-0.004047108197275582,-0.007864625551784665
-0.028821728953424355,-0.0243027873459309,-0.005500977804724,-0.01954181182619505
0.0023300016806378004,-0.004548155164492091,-0.004047202866479157,-0.002088450028325699
-0.07368041751010046,-0.00224087010720058,-0.007093104676912643,-0.02767143642660713
0.030623819014333205,-0.010194064997379718,0.005542829902600582,0.008657519315656717
0.02045903432461941,0.00018265201395268552,-0.010417652324330957,0.0034080079300690407
-0.003082000383371326,-0.007812201410779094,0.011151585116986513,8.579435515092322e-05
0.02820095860324128,0.014622819473233316,0.0003663936257027711,0.014396709504001888
0.04665627233725427,-0.013580143413065833,0.010770966346795724,0.014615683807962965
-0.006429241142767784,-0.010350633200344312,-0.002703472592281061,-0.006494442484015407
0.006500923961149497,0.004431207608178965,-1.685129084573586e-05,0.0036384231210674824
0.053693486581120976,-8.091417312693571e-05,0.0033759391493845222,0.018996151522955668
-0.020581750866022406,-0.0003368965047859559,-0.0022493186731607794,-0.007722647625334365
0.03136095911704304,-0.001087756885379524,0.007925399676048436,0.012732854569703349
0.04039836467930936,0.0003494170252892159,0.00493075776891959,0.01522616459832623
0.026320997300340147,0.005734464491455993,0.00604850881866476,0.012701310835496762
0.04068539063911101,0.0010668342273420692,-0.0038997807793881615,0.012617468744873609
-0.029534604433475938,-0.01791264521348723,-0.01495688069479484,-0.02080135597920922
-0.014640372976695314,0.0036804572190121975,0.009326894294492254,-0.0005443399433897995
0.04500415560295156,1.1361611901379272e-05,-0.003846693297428386,0.013722927582866879
0.009314263740108526,0.007504660207152787,0.010445027605755866,0.009087974763021875
0.03094070489547189,-0.002365304844580632,-0.0013166015663111951,0.009086257075260526
0.007542768586795635,0.001536134913317084,-0.004673733500390258,0.001468388531517487
-0.0023366042710010423,-0.0104922142942914,-0.009872590684939118,-0.007567128849607437
-0.03346538196519902,-0.010969637926944498,-0.012260664250333569,-0.018898542482264316
0.050927079439952595,0.0008470142792570965,-0.000544639465699225,0.017076467674685403
-0.056701271416958146,0.000847210546136937,-0.009183951942903853,-0.021679315925237416
0.041327972363862805,-0.0060787706473921736,-0.0038935949344084697,0.010451858475485127
0.002666143711817123,-0.0062196673351041,-0.0056078972898147665,-0.003053803917226943
0.004623000293476755,-0.0009188396508555402,0.00590953537507681,0.003204562134667336
-0.015816646746015125,0.0018787822022760386,0.0006925271363430208,-0.004415108054019552
0.014690513594402661,0.012939729307769895,0.008228956003936208,0.011953054348969953
-0.05789724110173587,0.008577951547047487,-0.006152850718916572,-0.01849069493382156
0.03176930289947111,-0.005887810901984017,0.003828841834939345,0.009903434707364201
0.008113094783862592,0.008415392699200075,0.004813370864003866,0.007113945668402728
0.053788350886076544,-0.0014306084213127376,0.01024618193781441,0.020867953932884604
0.0425681594692142,0.010716178520227226,0.019785315344192075,0.024356526754660057
0.023832792736103482,-0.008041143905060725,-0.0023218813178125645,0.0044899180144875595
0.00926583675154719,-0.0005781288062519505,-0.006339729514030182,0.0007826586944288755
-0.00045385672945360157,0.007294762890838162,-0.00753836627334856,-0.00023248647150129586
-0.0075405209407815674,0.003050818247147119,-0.00014891994354163367,-0.001546205999517815
0.04297044427308439,-0.014098897553947663,0.004925809757825528,0.01126577422653526
-0.02717051563124906,0.006982726951376592,-0.012588922226162204,-0.010925559376441255
-0.05949819141710711,0.0014496281485325481,-0.008700123969684767,-0.0222495401631907
-0.009513368619818188,-0.009562252553725026,-0.003867715935156154,-0.007647771388454086
-0.036999331244851455,-0.006843240745154859,-0.013047492823645177,-0.018963335974528893
0.02686692949218622,0.0002528110399619863,-0.01972519705221189,0.002464845361797612
0.00783096581916756,0.014271747180130108,0.0023738489344023806,0.008158845819046039
0.013189937280957697,0.005461684185355895,-0.0011790844553097434,0.005824173179488946
0.039202338101944824,-0.022770763410154313,0.009480025087321797,0.008637191289170842
0.04196115605167638,-0.010711388174379884,-0.0041868825642240575,0.009020952750062374
-0.00048724926387935666,0.002850676140950542,-0.0038524895867434595,-0.0004963537402031882
-0.028153270641321167,2.3022976772106053e-08,-0.005122303952090802,-0.011091839431627875
0.04598243342421595,0.013775484679558048,-0.004885913751892628,0.01829064982662567
0.0026116256582187757,0.01157872340417496,0.002759634944681914,0.005649989019030547
-0.04036154485292863,-0.010657161690557786,-0.006234862426785578,-0.019084503905567676
0.0068922100800922256,-0.01661812597376929,-0.0010902925133687812,-0.0036053991969458125
0.01323132900071898,0.012103213306262158,0.008930024755674006,0.011421510932696027
-0.023828052691668142,0.004577194804810391,0.0030419275343952865,-0.00540297138117737
0.016203703568977355,0.009116762030097302,-0.015272443209967604,0.0033493374470282217
0.011336193360067378,-0.005713511620380851,-0.006078428019356791,-0.00015191527464132793
0.0012370965917372313,0.006143197207607192,0.0057149884027063,0.004365089702256173
0.00944426823159859,0.005391182932246251,0.01378973485203407,0.009541719130230964
-0.027130439450043196,0.0037185233067868854,0.004189999218723213,-0.00640729923420539
-0.01293518552568693,-0.0008080369035270465,-0.014327228315381853,-0.009356807558048361
-0.02925913878011063,0.00559631163576102,-0.0021543736529930162,-0.008605724993380609
-0.08166766990180666,-0.003202697568436356,-0.008854288440446743,-0.031241520728677946
0.07606118007394247,-0.005664101201465911,-0.007867786399745417,0.02084307664781289
0.035165168088330645,0.0006876061484329008,0.014294559551950074,0.016715761213793277
-0.021803078862875767,0.0005438968988407004,0.0018071624507941422,-0.006484000020407137
0.02291104648437067,-0.00015714009290759942,0.002383476809988503,0.008379119354689457
-0.02770058444216729,-0.009705037892564347,-0.0008566888188625279,-0.012754090963761002
0.015550215786192636,-0.005066092667777599,-0.0012233870477097886,0.0030869089366563924
0.038249588966171574,0.004867520969039604,0.005276287607821853,0.016131116383211828
-0.025593306117141976,0.00462610292399177,-0.009166922655014856,-0.010044698571346404
0.0015733005108384487,-0.0008116718672484027,0.0017445103598924855,0.0008353788324478427
-0.02562279365725493,-0.0072453203060304314,-0.008606436230570624,-0.013824836239768597
0.022611665710657397,0.008269849925822706,0.010544272435915715,0.013808582215535915
-0.04351161234683993,0.00272874870091244,-0.0031497924128927684,-0.014644204042054734
-0.04401159289591991,-0.006060588463042901,-0.0009681486222702391,-0.017013426313634356
0.04271184749217151,-0.0015957736059138469,-0.005036734997336796,0.012026434269860659
0.04025259455967971,0.006192172677996402,0.0004759926606951213,0.01564023765920378
0.009541170175699651,0.010653175580549129,0.012729476279198793,0.010974596370541845
-0.034387101718084366,0.013721272715956715,0.011340419907576699,-0.0031084665897139524
0.030104273622412,-0.005712049968209697,-0.00038312097000035524,0.008003026225033088
0.001898345519261282,-0.0009372845190888987,0.010007346352052538,0.00365613212793919
0.043376785454336694,-0.006280122565197205,0.009666217645324852,0.015587611257194602
-0.0184644318695392,-0.018364918567264552,-0.01176767454088776,-0.016198992126888846
-0.02813957939807663,-0.002489434066646976,0.007766459889024626,-0.007620843571048467
0.0029457520032664694,0.0005765542615563618,0.011391927310619129,0.004971406220402795
0.018933714673778062,0.014526444989784807,0.0028218265730707223,0.012093983318215784
-0.01601673036249999,-0.01201070490433719,-0.00409013175074594,-0.010705844966672035
-0.039671314507605415,0.012264364186056887,-0.001006854305681331,-0.00947125873780841
0.012694168251936793,0.0017048198853780458,0.002536527658386931,0.005645166286728657
-0.0191951931748718,0.003507044550022295,0.0016989835895315844,-0.004663050348717629
0.004526404728327692,0.00892298828125828,0.0031181439420216632,0.0055225067946902285
0.008001521351210824,0.0021443781677903157,0.001989961968708692,0.004045283117282781
0.00024070400502344998,0.0009688315614565651,0.011102642018596903,0.004104055090966444
0.03977342210828343,0.0005748867124415666,0.025548215469454974,0.02196548613121856
0.03611199933886961,0.011222398849847165,0.012753441686939029,0.020029259929271976
0.06965809577574619,-0.001094958215044255,0.02163394202224302,0.03006566312862179
0.053205911889626235,0.02289085457672762,8.678003408917263e-05,0.025394490105632175
-0.024913225399650338,-0.00834272692454148,-0.008310979821882645,-0.013855630193047438
-0.018820933393483803,-0.01645382564340376,0.007628851244824304,-0.009215293382051822
0.01071911925267743,0.022681870533321193,0.0028899917992992697,0.012096981764772101
0.01722160871960267,0.0037719186519086217,0.001383781749070104,0.007459095581090758
-0.03213307890895337,-0.010708785572555514,-0.006876791575695051,-0.01657286877951596
-0.03199320332199549,-0.003497616660944765,-0.0022847384829584477,-0.012591840230113413
-0.0267712692390354,-0.006129127506377249,0.01315845165210288,-0.006580641783788224
0.04983279854149128,0.006691179656143891,0.004956628955182216,0.020493515224070075
-0.010200142082226388,-0.010438205155993857,-0.004245636921023163,-0.008294653091753083
0.0495476079916536,-0.007208773777392326,0.006901252192781586,0.016413345722318815
0.06700082250198053,0.0066224023859723265,-0.005841069427945468,0.02259402922595064
0.02419725793646826,0.006851903175754,0.011007196313770694,0.01401877178987851
-0.001311777993212766,0.009235683565534567,0.010903760500607118,0.006275882415087615
0.050367289323734465,0.0012882970573960917,-0.0025685336583008674,0.016362334545258986
0.01528407558137565,-0.004649306588650228,0.0038696980137254682,0.0048348175006612945
-0.040020715295731056,-0.0005950599729554993,0.0002556688955733234,-0.013453355337668952
0.017505562535273436,-0.0016235475058897753,0.004466264721554536,0.006782753134219482
0.005654925834139219,0.015282936933638195,0.009142588852582331,0.010026807179969375
-0.008119917665056601,0.009539847312971793,-0.006882423076986721,-0.0018208293221926998
-0.044024684842855245,-0.004201376579258351,-0.005652958387839472,-0.017959655310311084
0.03931601479030234,0.005284900713555974,0.015334926036111233,0.01997859386804267
-0.0014902776738861538,0.0039256132236464665,0.0059308428692193445,0.002788723350933746
0.029908683877254566,-0.014927984358441415,0.007664896269296723,0.007548524380838028
0.01939204197927591,0.013339695861540558,-0.01456303733299038,0.006056227446375192
0.05074080699888194,0.01306741412310209,0.009492043930799493,0.02443339725083949
0.013509358831951444,0.013186717492954782,0.0038966624871875338,0.010197569406451648
-0.011860034498777232,0.0007352845087092991,-0.015347982622822267,-0.008824235380052529
0.006570073559149972,0.01022910506724043,0.011929329226277619,0.00957615970805339
-0.022029447979432695,0.00966358947443322,-0.0035003070787649223,-0.0052887165725329375
0.01720003605244072,0.01941982469480996,0.01141995068085663,0.016013254462765292
0.01319201354519206,-0.004448848773062141,-0.009267781370356182,-0.000174872024536555
0.02323208442286159,0.016718853605133928,-3.898510837784539e-05,0.013303971002554918
0.04246756958542018,-0.004913685681829181,-0.004418019246841411,0.01104527717362831
-0.00020616561584072815,0.007161959847694689,-0.007160333825480715,-6.817979636238707e-05
0.009684799067076104,-0.0010918718878347076,-0.009119824702755481,-0.00017563233220552015
-0.022938252115344594,0.008486499580930075,-0.0017063142308023768,-0.005386016869050044
-0.014063150606406751,0.005778741701337669,0.0020362919526341105,-0.0020827035681060067
0.014717762575818858,0.006121270072146128,-0.015609904557039493,0.0017430409539324677
0.06251487694536892,-0.00565795311529167,0.01054921874737184,0.022468691723768835
0.03268073514139007,0.002806356508708712,0.00586869339591474,0.013785247896742825
-0.019549358749425334,0.01968682529159758,-0.0005985832581342232,-0.00015370541828175363
0.01344777866770569,-0.011564717078440149,0.017159815861755093,0.006347619469381061
0.01000495050175667,0.011830442779704202,0.008699325412259215,0.010178229386333797
-0.038891677786010895,0.0009828962168587792,-0.008888219988253605,-0.01559898492013472
-0.02683261476541199,-0.003116352246206343,-0.010636594915093655,-0.013528507113716686
-0.008966916583154459,-0.01124724407561044,0.005273009953252323,-0.004980378588120624
0.004896046753897627,0.0005815996149467233,0.010876587352283317,0.005451405788964648
0.043416030025259886,0.0016256726608559076,-0.007359464536828788,0.012560733489016285
-0.03172345347643289,-0.0013825325376648,0.008242177187450702,-0.008287927987612721
-0.013647520574970994,0.006942218285547836,0.013696949832372345,0.002330546850433881
-0.046056004355343884,-0.006200890153686372,-0.010820294020201114,-0.021025708484014277
0.013718474369086032,0.0015731429889435668,-0.0038129610204425753,0.0038262149529768954
-0.05012158204697294,0.005062104714682401,-0.022573573992058577,-0.022544327897099262
-0.007675474360628969,0.0035567221994403427,0.0006936769301845844,-0.0011416906019762704
0.015258782157682326,-0.008798001291968935,0.0071608028609080835,0.004540523368345916
-0.005862947077655832,0.0034430297231517353,0.0010336320009804933,-0.00046209465574608316
0.002187456433974,0.005994797683505833,0.007482800593870912,0.005221679682098678
-0.011296112565521176,-0.01613908454832032,0.0039087299873802345,-0.007842147866664711
0.026426761107520767,-0.0031928183292673573,-0.006801385210900186,0.005477513711598552
-0.01888763652099501,0.007166519988207421,-0.006312291217645261,-0.006011129905675033
-0.006092495566122409,0.027837360151540914,-0.0037375748369145134,0.00600242391373808
0.009383596373463558,0.0011179857011979666,-0.0015459781457513285,0.002985198324435422
0.05403673584313889,0.008036678875524476,0.009894765094254843,0.023989369281579465
-0.01590635038408069,-0.0027214570243186656,0.0078099245485035475,-0.0036059573473376494
-0.009648228560934766,0.007448147073536345,0.00035654862797842267,-0.0006145103386290463
0.04833184748565151,-6.168409467053639e-05,0.012363668703500596,0.020211257153549822
-0.01797836242421948,-0.01106727574104607,-0.007204090433594672,-0.012083230783043873
-0.04087125670814707,-0.0027161417494168255,0.008827626704695953,-0.01158657899769873
0.0038315783881353593,-0.009187924875123706,0.009188189950341518,0.0012772798771699028
0.009244158070615644,-0.0043805985907701085,0.00979863382004373,0.004887392879231988
0.006214945508636889,0.006441711888062339,0.020528299747162238,0.011061641319634774
0.018221905580039062,-0.0032786018578014977,0.009683418255358244,0.008208899116957944
0.02257134173244605,0.009156222034749039,0.007275719635992904,0.013001081466634864
0.06125952242169318,0.004092980709606413,0.007692404428149214,0.02434827817151375
0.01078502626135098,0.009900991155170135,0.01765837423925544,0.012781451103794967
0.0008529283990382267,-0.010912568188841924,-0.005649066568392078,-0.005236230216496472
0.032149328956005155,-0.0002540367651921862,0.0005771207829762613,0.010824126833792086
0.042514462876902866,-0.00915506739876532,-0.005375188999528026,0.009328059498134346
0.06384994226591392,-0.007670721343524502,-0.0025668652409219393,0.0178707673563706
0.021560083103334626,0.011706543997179566,0.020172680311359412,0.017813084657522064
0.04482295547394825,-0.0010581443706273478,0.01016810555287743,0.01797762090776056
-0.009506540885852458,0.0052964490275157605,-0.011912247377468141,-0.005374107704488534
0.030083578413750763,0.0018776015746397893,-0.0033734282627144656,0.009529241045974787
-0.0032505160196092888,-0.007824286339015996,0.005120674240185535,-0.001984707388103877
0.04381284245476293,-0.018956140791172076,0.0022926457445892967,0.009049773419610916
0.002968771657861876,-0.01480176648890267,0.014243419080552417,0.0008034739463624585
0.05094966597648278,0.010133790533056472,-0.011886803550640038,0.016398867920748753
-0.0026148744639323484,-0.0024884876601530556,-0.0009511738072471108,-0.002018176625598861
0.02353440507178529,0.017760006474438927,0.011494812161167012,0.01759639030605584
-0.04414671566098752,0.0032851155378400914,0.0025223614929773142,-0.012779733430310494
0.05459307492030729,-0.0007803519802097762,0.0003197645345714216,0.018044144447393818
0.027948417175262245,0.00888307974887627,0.002274397372837084,0.013035285063693766
-0.009371212590658783,0.012580394317142553,0.0013359865378773463,0.0015150545730642842
0.003502462774765461,0.00537925375319684,0.017170715346403267,0.008684135273977897
0.03119195402684626,0.009724172735710487,-0.0019378754207558225,0.012992737454516526
-0.05413594129516833,-0.0031532931371673887,-0.011597056725869614,-0.022962074090638055
-0.032399136781554,-0.002672870853817757,-0.0004466636546359218,-0.011839545257112128
0.014104454934763274,0.006498901665339439,0.006450650843991181,0.00901799346336215
0.02246760133786423,-0.01097393430989398,-0.012502080801360116,-0.00033613758832536404
-0.04648029471723579,-0.0005045452671542577,-0.00016523130528744534,-0.015716674713202067
-0.024199518433489525,0.0030571331655603186,0.007083776535624859,-0.004686198224565205
0.09117753972451852,0.0116557765599273,0.0028850939882837916,0.03523943485143978
0.04376123234279198,0.002623554721162234,0.007213698261165172,0.01786614390887802
-0.01891418493766258,-0.00023412652225514156,-0.006171966862901248,-0.008440084334180215
-0.008857514022757414,-0.003150667535347073,0.006298422026089894,-0.0019032512740850206
-0.02131509682324041,0.0021012359910521756,-0.007322558772577335,-0.008845464356115322
0.024466251646610163,0.006785698900495053,0.0019160077782581896,0.01105597505246836
-0.004891261565425556,-0.00550495472574637,-0.0023062604454860474,-0.004234154678060413
0.003205723344193791,0.0008125725298396161,-0.003221088394227784,0.00026573556086604774
0.032901293588386095,0.018299929408773945,0.0036359615579595016,0.018279043239311663
-0.012099010985025832,0.006889270817613904,0.00034416136257164,-0.001621857979753828
-0.010958455279592962,-0.0013228295862441515,-0.009432129786320796,-0.007237797646247752
-0.027840747750557924,-0.006831319511839646,-0.01291490754966065,-0.0158623090750278
0.030721729396298806,-0.008341904511001958,-0.0019545265900173,0.0068084259566604174
0.07478176146185436,0.015244606753833967,0.008663840810673468,0.03289670344538426
0.04089436575649575,0.005162693972086924,0.00512647129522582,0.017061159946759157
-0.04450393321550209,-0.0009433039265048659,0.006040178033692086,-0.013135673233751921
-0.04229067335654411,-0.013544514464377247,-0.004863499412275573,-0.020232875511503233
0.06676522084742141,-0.004246782222446701,0.01142337667706592,0.02464724712007511
0.006488842218033395,-0.016360785397574743,0.0017193315466870183,-0.002717534493414232
-0.014608977325094606,-0.009944277529604225,-0.001442183047985858,-0.008665137302415596
0.08340769175747688,0.004013276459320549,0.016707716614779183,0.034709526900963926
0.029938126484699783,0.006057401157773823,-0.003912527756525839,0.010694322600982626
-0.05317186996350239,-0.012897337042828605,-0.014727943633734376,-0.026932356614304914
-0.0019071692347342535,0.004747837605512698,0.007060620593702929,0.0033004263543974692
-0.012836725813926274,-0.007547591059940961,-0.0004562031224634221,-0.006946833051936887
-0.09133560461992456,0.011344270075483748,-0.0147440644210721,-0.03157843474337132
0.016096543611035494,0.01832420046524891,-0.003822690034056849,0.010199341148057837
0.0358524786188932,0.01194708207383383,-0.0006366920237036995,0.015720940502051552
-0.013493806685245361,0.005019670470453865,3.5963923341316133e-05,-0.002812721284425963
-0.02575077408142406,0.007126709637895247,-0.000618501448883442,-0.006414182216615454
-0.008258707258434705,0.02317891254153642,-0.010719017543391876,0.0014003945128407001
-0.008436263175043932,-0.00922673075494777,0.013181968713274303,-0.0014936735785640604
-0.0012207869188854011,-0.005919625628484183,-0.00340166180417205,-0.0035140212698224274
-0.004504108426668436,-0.00820204907770984,-0.02002642490711887,-0.010910849892971579
-0.009099859204487398,-0.018614380244702595,-0.0047371441932572075,-0.010817117063687851
-0.050278254362175256,0.004677346226647724,-0.0011492754451956026,-0.015583378943513184
0.0018461426844411592,0.022630898637624516,-0.00047670234064652603,0.008000104993693389
0.03895291458605896,-0.007630590442724093,0.0070434768313891605,0.012788587536307686
-0.0066053625517164954,-0.006186130661331433,-0.0035768108424993907,-0.005456095895747754
-0.03549919059473554,-0.0005985521732049423,-0.0014770271286573783,-0.012524910773942653
0.01253364838321112,-0.003798388303868742,-0.00359670604690274,0.0017128496312952017
-0.028218340766332294,0.012362559020316834,-0.005565922185622527,-0.007140560836644686
-0.01866307508041722,0.0020307461746660164,-0.003605422674028047,-0.006745910447342556
-0.025570775724096568,0.005605837391561902,-0.0006521153551667393,-0.006872344356882573
-0.04184374744025786,-0.017792904967969148,0.003987956880629128,-0.018549546626300782
0.013546864941584441,-0.007053444232894814,-0.009005371974072942,-0.0008373162511440167
0.031006150389426633,0.017136665490925122,0.02221539655212553,0.02345271402475495
0.03175000348444448,0.00492799237573523,-0.003134338401905274,0.011181207971538994
-0.01867657105135677,0.006705012697471208,-0.008744883243386735,-0.006905473626943565
-0.011154004161180679,0.014720088977635538,-0.0015353762819946834,0.0006769021679172139
0.07093029128024417,0.01422787190894408,0.01150727748959467,0.032221781337780746
0.06637320184116409,0.015064100355353537,0.010077760948241499,0.030504990543231993
0.021156940129964358,-0.020617500468697765,0.008904454941254475,0.003147961719542155
0.03147181881916786,-0.005252989473046456,0.00647581308141721,0.010898203244298727
0.022107038603161582,0.014001271153738518,0.006896340401089858,0.014334869051113266
0.008645237707189094,0.003399129114776857,0.0058110791070994094,0.005951809357873143
0.02717354221620932,0.010890478288063488,0.007032262551951364,0.01503207931998037
-0.009997262879170703,0.007942542587497683,0.01028071373865543,0.0027419950736629877
0.06061302339345027,0.007867188235372122,0.004990139131178071,0.024490092429883235
0.022971628300690057,0.0011600932455370322,0.01739666495457159,0.013842781657470726
0.031915842186708426,-0.020505733304410564,-0.0016781745198702902,0.0032439748768310697
-0.0004187188570380779,-0.01008998916230415,0.017113524870634427,0.0022016034154917824
0.035425474638752515,0.01310515442314658,0.0013803573462459714,0.01663697883238622
0.0016003803622915151,0.015314455172701602,0.006409431685721218,0.007774747965482371
-0.05120035075676755,-0.00132926621611503,-0.005539744400699105,-0.019356434434740104
0.024222298698195463,-0.004247780147324206,-0.006317022613879685,0.0045524940931652115
-0.055573203631938926,-0.0180943301929199,-0.007590193970565026,-0.02708588217923202
0.003809033193414791,-0.010954909035094041,0.005459267401630299,-0.0005622022511468369
0.02986797052660267,0.009367730820333363,-0.004929978195899545,0.011435229615104446
-0.008917326322156914,-0.0018057604965287847,-0.011670535121119983,-0.007464533182061247
0.017951501406772676,0.014939165041117888,-0.00017020127861364174,0.010906810816270585
-0.014607107464916974,0.007246272541437366,-0.0001857518162684485,-0.0025155263977204387
0.056234353766642625,0.0006583934557932968,0.0037738242655546515,0.02022217027380636
0.026877708862404294,0.002477067134535372,0.004467425560508895,0.011274055911749
0.028368062127242844,0.009256229476128067,0.02020180472963979,0.019275346168971457
0.02346223000201124,-0.0005748427598585535,0.009834592095306554,0.010907315538493301
-0.11159111384293208,0.006990915274869207,-0.0001478107576367235,-0.03491596819256342
0.0264144620050176,0.007803664234189858,-0.0008579579322798006,0.011120044982253116
0.040505836586609854,0.0059148609726899564,-0.006789718289830635,0.013210313212829968
-0.027375183526390266,-0.001723605890617188,0.0015469934220928403,-0.009183922814372874
0.018241657541504884,0.0034811506831160916,0.005178355314821571,0.008967045546093002
0.04133831079354464,0.007033405207899381,-0.001357170475733254,0.015671499503721747
0.03073151104465238,0.01594731906229293,0.019063190241596438,0.021913984868840466
0.02573747153131175,-0.011419451520952115,0.0064177381838626535,0.006911912486154697
0.0434733081470372,0.004385974595835943,0.025416000285623106,0.024425069917737737
-0.05337979434950114,-0.0012654674863822142,-0.001206404396116988,-0.018617203460111368
0.02437310431173494,-0.0005489446345794746,-0.004057688957182176,0.006588816984500856
0.0686318161066151,0.013702477436051243,0.00990012441950426,0.03074477524258421
0.040496192380959806,0.005091216040271853,-0.0038663314493084908,0.013907011750282064
0.029053559111380252,-0.00653411410638625,0.0017993961888155294,0.008106272291656112
0.003945586469412978,-0.008050954999656527,0.001584239809852455,-0.0008403753997541244
-0.04342323311210015,0.004458819457005157,-0.0040225818793268395,-0.014328984182475432
0.04495426008851205,0.0029694023130867643,0.012091847898845017,0.02000515009497784
-0.03743807440895983,-0.003931699130748626,-0.01779185029444292,-0.01972052155750918
-0.03286043364282912,0.0130442450508029,0.010533624805672725,-0.0030941848345965688
0.016245086773465627,-0.001469156220853141,-0.009865805370236722,0.001636706757416861
-0.03486199643783532,0.01389619748894151,-0.0019261671901986042,-0.007630647749042092
0.0349141419228483,0.01628098978260381,0.009388268055882349,0.020194446392644897
-0.05386397493664405,-0.02389125915869921,-0.010925808131497931,-0.029560317848599655
-0.03282770315288031,-0.0035841830593211096,0.0011406658105932398,-0.011757061710129258
0.014374076312103107,-0.0020771121111709447,0.004897981259937723,0.005731642755308141
0.022158932835631494,0.002020089923887275,0.0020810758884549233,0.008753357462625014
-0.02378360183050676,0.009181823965895373,0.0019848499024249545,-0.00420563844841949
-0.05852169209509667,-0.014464557648976637,0.0024001680914720065,-0.02352867035550655
0.0023609946508166037,-0.004695544306503729,0.006945720489776425,0.0015370554076394884
-0.04740258301771276,0.019397565815739495,-0.005877479592110541,-0.011294154303862337
-0.03879512362334588,0.003656637703739092,-0.005992617822219904,-0.013710354203574316
0.044400848723564444,0.010217622679779565,-0.004372291745786908,0.01674870980379248
-0.06425349557696189,-0.0008163750820650112,-0.0042516128404084304,-0.023107138059317276
-0.015571891786106955,-0.010513083689332767,0.0032353080544870435,-0.007616548190428419
-0.031482904879162915,0.00590059872422426,-0.0016931255320721782,-0.009091801470526382
-0.021700013119718822,0.004520096686522603,0.0007575154845441536,-0.0054741281754170385
-0.008344532925128446,-0.0016838398874348798,-0.015045337302588386,-0.008357895013813866
-0.02011648268264239,0.0001943543158357871,0.005004736496714875,-0.004972458984233285
-0.021568288988322012,-0.017252592128742066,0.0036598147662407162,-0.011720343729919005
-0.0396280861757624,-0.013568844210548171,-0.004656205948321316,-0.019284359493831848
0.0024789193337450646,-0.008695978174428019,0.0032864020453030303,-0.0009768846215743759
0.013646474656172641,-0.0023905413485086997,0.000112377025732155,0.003789432988361921
0.03165416780466776,-0.009692676550652864,-0.0007667137348213275,0.007064918774805349
-0.06339749254798054,0.014193239429477034,-0.0026588335858410616,-0.017287678280419286
0.002729004062597404,-0.010077778094574245,0.00010238105392229308,-0.002415461910553857
-0.0066279559996394715,0.013063510751795623,-0.004454270281141233,0.0006604274965768155
-0.007396198586657767,0.013430057176968444,0.0006835347804796467,0.002239128884465651
-0.01392343334270547,0.004406173910089048,0.01419881477070586,0.0015605168855113666
-0.03650501489687452,0.015449616754749006,-0.003581920567824292,-0.008212431357543699
0.07676109735221544,0.0073766891326956475,0.014069839169197287,0.0327358424821609
0.017709837449893764,0.0011305375926172793,-0.010345324680464672,0.0028316806223320033
-0.02265731469641971,0.004685328245345408,0.0008998337282727781,-0.005690711883549601
0.006364429915838242,0.0146405423831856,-0.0030434584539622855,0.005987165294515904
-0.028169164304521894,-0.006321890568196546,0.00486153920189736,-0.009876495347101803
-0.00626078077592716,0.0037193317637136906,-0.01249562611644103,-0.00501235336385979
0.011335669238904953,-0.003961962721221693,0.01544710499792359,0.007606929564931778
-0.018360716423948636,-0.014575569924242814,-0.0012563803087009733,-0.011397544154741921
0.026421665511050813,-0.00029453774233935035,0.003862835679434454,0.009996644486060823
0.03376145628513707,0.00534217512882493,0.00283320600389095,0.013978931827005178
-0.05002140810706818,0.01383758260530463,0.01226399368342964,-0.007973269299500695
0.032634244524081556,0.01011917298038913,0.015729525753928903,0.01949429492515211
-0.020032391689463434,-0.012749396940128508,0.0009600308600629079,-0.010607241982590422
-0.06293357386764957,-0.005482963044507999,-0.006698340001334294,-0.02503826726620498
-0.006759218393367164,-0.008161494964751107,-0.009288519435158835,-0.008069736194681437
0.025316152207144223,0.009430682104493096,-0.011503236426278799,0.007747858213920212
-0.0019162358049607986,0.01650656634362724,0.006884879436280333,0.007158396166578933
-0.02552159939988165,-0.00041292231687770694,0.012281008620452092,-0.004551166480931389
0.050980635728135625,-0.00993748916821407,0.005331607388929967,0.015458235858032522
0.06026834198205417,-0.020721233485945068,-0.004070057169672438,0.011825671949795112
0.03130360204243673,0.014041005550034805,0.005795651996074512,0.01704673614942882
0.007740175988856674,0.0007136024662427219,-0.001218822149610299,0.002411649690177597
-0.016403826006001394,0.008516798684766702,-0.013023442856785533,-0.0069701497558500155
0.00704076969112588,0.020074052573160986,0.01118527717002437,0.012766687044737266
0.0346538462737145,-0.0032813108595777444,0.01196396227458783,0.01444548478407563
0.03483092511545737,-0.006372279025060527,-0.003286800842863049,0.008390606691896183
-0.05313059556000148,0.00445874930287899,-0.007934790094728264,-0.018868859915071468
-0.018647894490409146,0.006008006558997095,-0.005259051103340531,-0.005966307045271182
0.018309923778679914,-0.0020271230465502862,0.011656944931228506,0.009313239241204157
0.06580300538105999,0.0005700825679547572,0.009731250677762772,0.02536808750747963
-0.0021940312757749952,-0.010446163262931853,-0.0041624537226836855,-0.00560087715291409
0.00964230546391383,-0.004451873834965262,0.00018829266970996138,0.0017929063066447432
0.016598282360392798,-0.0016459281803994884,-0.004417946345392025,0.00351146576673115
0.022401727228284065,0.0021821794899689875,0.013557041909728456,0.01271363682901096
0.10789814845164272,8.672385258186104e-05,0.007355317093349946,0.03844669135246171
0.05779957173158353,-0.0017056654500454366,0.0071926639681077625,0.0210955023210252
-0.017455366553457547,0.0191835476693088,0.017536055541786406,0.006421405797800334
0.027319214555013377,-0.006449897480066491,0.005711447782257474,0.008860246092146501
0.03229416342454043,-0.0031460746161330816,-0.0018579145287877215,0.00909671566314845
0.07137694440718349,-0.005387729370038435,-0.0034463318225101216,0.020847606890583906
0.030804814020746155,0.004171180094302806,0.006078827621763783,0.013684926893997001
0.006123451768125732,-0.00040941327996962026,-0.010148370364029755,-0.0014781091471805891
0.026602590331828598,-0.0026434132803068544,0.01642391140408687,0.013461016024173387
0.007603294009014645,-0.00855575762809003,-0.0019499677363306765,-0.0009674761509915688
0.01905966377331042,0.0036671641162443038,0.0016143246309888578,0.008113709393130353
-0.015634021368957432,-0.012501190684806388,-0.0022411306558615318,-0.010125437444427548
-0.03525850053588357,0.00895272040926379,-0.0017345825021744016,-0.009346778196143851
0.02719024807462599,-0.00040186146982050845,-0.0009373995434065218,0.0086169870701373
-0.02063405350531461,0.007868321981174596,0.0024539318200242216,-0.0034372631307720294
-0.020662090763978656,0.012115533734269693,0.020817505317521464,0.004090312005621405
0.011613857726963462,0.01778797726608541,0.009036108348818,0.012812634967974511
0.0018899493068066406,-0.0012408394012844663,0.0081096307726813,0.0029195773064875988
-0.02082108358793872,-0.003689617806602779,0.001442153940662139,-0.007689508128443968
0.00826924327391997,-0.01046168697729594,-0.014875665296871525,-0.005689363977379498
-0.0014048654920519091,-0.0021199412711401114,0.006144928165613963,0.0008733729274335132
0.029897878883685964,0.015890269172674956,0.009439717730332716,0.01840927018627595
-0.004436682431297211,-0.008915245447946267,-0.013391992322651926,-0.0089146311526584
-0.0327037731393688,-0.019514444539088342,-0.011843821508734132,-0.021353991708384028
0.045046524459540375,0.0052693748125544155,0.0052714079528463405,0.018529083879211303
-0.01575883880406476,0.0011504187991503553,0.012473345621359244,-0.0007116907494935925
0.03825317404035848,0.01359786050546245,0.016772437241966705,0.022874467721438616
0.07564666711386969,-0.0037372632236262354,0.028869549967860068,0.033592951026383225
0.003341963282670563,0.010406784426553786,0.004050802632124,0.0059331775139326685
0.004870814743668723,-0.002369580247831258,0.005216248485062625,0.0025724917544723697
0.03774925347884309,-0.013411458213368692,-0.00023993904924377008,0.008032610706124804
-0.020937276706894683,0.0020250583492659627,0.010309952784821618,-0.0028674189901805093
0.012292767352614458,0.0010060486756085737,-0.005963448409012579,0.0024451200946142776
0.03622505278039417,-0.0031233805083006475,-0.0020785186385646284,0.010341040870125086
0.030488777711589723,0.005096533581032534,0.009849547237594422,0.015144937698452716
0.02374646857694856,0.002214302515230344,0.0028435526918644443,0.00960143165990652
0.06470337025439725,0.014047664157061846,0.012333806829152237,0.030361583385256696
0.027367717913857836,-0.01019796258753797,0.0061469249057050195,0.007772218971781552
-0.018979594217584703,-0.015234870431713548,-0.007036435004128894,-0.01375028613417583
-0.01889912030765268,-0.0013404110955892619,0.018603694877219204,-0.0005452782967287367
-0.06095071523364309,-0.0021808732953641054,-0.000965355244538836,-0.021365626558867416
-0.04035659178288282,0.002467005544590403,-0.006407594289714344,-0.014765712076942076
-0.02490310363980451,-0.0012300805172934695,-5.272093907004733e-05,-0.008728626303420977
0.02956516050722487,0.015451906533781375,0.009897389564524827,0.01830480056369149
-0.026587311429851546,-0.0019558529513856843,0.009699236696633282,-0.006281302946892087
0.025778513128901864,0.010482764416354554,0.005371549524526568,0.013877595145651971
0.006800440663447047,-0.0037604959916033693,-0.006790651490455334,-0.0012502343559682794
-0.03994292771875247,-0.017179451358836324,-0.008684939024135684,-0.021935750764802125
-0.03797305603417674,0.005766716936624427,0.00895104849689651,-0.007751755781788401
-0.030069445387831354,-0.0075525140248858865,-0.0043184760417480424,-0.013980131171343274
0.09907232974624106,0.01042454728478475,0.0053191782986162,0.03827198017119556
0.035351130787916636,0.0016188316263114266,-0.00017322933423326932,0.012265565427753904
0.029965164238074913,0.012326912015251287,0.0010755480877997002,0.01445586032450052
-0.032952976254546296,0.006685365311396697,-0.0032451528926187895,-0.009837578107668185
0.018183941138333395,-0.002988841289540304,0.004136533101560286,0.0064438712062401425
0.10186706150356505,-0.009086689713333351,0.01490759187661702,0.03589595199296168
0.03719376337475784,0.011093088816387358,0.0032022962067582224,0.01716303230291834
0.02886232564457114,0.004566342009316639,-0.011814724452323264,0.007204640529207104
0.04074120163387745,-0.00899630790597093,-0.007895931639656805,0.007949646079762542
-0.035876570211335695,0.0013139096854459624,-0.015871663371725596,-0.01681142448776381
-0.016988831865649815,0.0023292610287414363,-0.003405001903695078,-0.006021518225343571
-0.004581706107012997,-0.005426687223955834,0.0038699737239539693,-0.002046137822865085
-0.03392978013222531,-0.00021694353154084588,-0.012818119231643497,-0.015654931976855583
0.019806132449454842,-0.02587150815454429,-0.0020886342269196057,-0.002718000592666373
-0.07274313184293028,-0.01393397582325321,-0.007217093022955706,-0.03129803559831284
-0.005584855221878753,0.0053013177960830014,-0.011962533396246613,-0.004082019525323847
0.003667273942114551,-0.008066018712131022,-0.007163760924212666,-0.003854164710574481
-0.009116849897194837,-0.004540691700676693,-0.00914162689097099,-0.007599715229891344
0.01794263171688882,0.011927628818753491,-0.0006692353984750763,0.009733665312047364
0.044104903334764974,0.005781646298294111,0.016756033496631472,0.02221417216236914
0.0333566806796493,0.0017475798263560313,-0.0009251345884274996,0.011393030579483971
-0.03450629052553028,-0.013794678477471536,0.00019893193513251435,-0.016033996321944077
-0.006062994935004583,0.005521088030959176,-0.007500632261298554,-0.0026808437076015984
-0.06012449178105996,0.0037028077974330235,0.003506280520323592,-0.017638450182633294
-0.03157131205145702,0.0017612705886179093,0.007555674983889017,-0.007418114741527872
-0.020312887051767984,-0.013478108771007339,-0.009585967390315137,-0.014458973278709082
0.04475278264692162,0.005592845274076625,0.006947307628854284,0.019097626085638992
0.002200678307675439,0.009008260773277807,-0.01149530581691276,-9.545548319759291e-05
-0.011094560559566627,-0.017751999085469854,-0.003067312338754202,-0.0106379466899729
-0.016194366053949374,-0.005767627283147333,0.0005250204253178998,-0.007145650491601965
-0.026411341697790237,-0.0026807620652792557,-0.004686891380005005,-0.011259653788026451
0.028962758065976615,0.002696058799689728,0.005757195111500364,0.01247199152038491
0.013627122508265201,-0.002858441715955929,0.003768159633489954,0.0048456086296529335
-0.022986139181265644,-0.01118248418749251,-0.004476512360009916,-0.012881699027877447
0.045606858425753495,0.004678073006714076,0.005329040692487016,0.018537972170327485
0.06345212243899981,-0.009888364803207044,0.001809249774132062,0.018457650678972475
-0.008012247370328674,-0.009627655315927592,-0.008703803080499443,-0.00878122647434998
-0.015118280145101127,0.0016044803976838018,-0.001367567372100096,-0.004960450746050101
0.02936522710440822,-0.01183137541046235,-0.005179128993018969,0.0041182367820680665
-0.020575882317051524,0.012955130045890311,0.013528478932105858,0.0019692402510726615
-0.03048766401399401,-0.0004735005502653824,-0.0034246156169247754,-0.01146191526513466
-0.007703977153449868,-0.01453750192733106,-0.01965907023588313,-0.01396683580537158
-0.022289904268677784,0.00782209787124432,0.0018270706141864143,-0.004213574380837089
0.011274101685191109,0.004591091803348827,0.00275691563765531,0.00620736350136204
0.04140887735895842,-0.0023614826925321135,-0.012387382775651075,0.00888666174358778
-0.01368036714404966,0.006072723708136709,-0.0075925179687111755,-0.0050667154014875735
-0.003842223004578108,0.013679165875836537,0.00561015729970046,0.005149028241286239
0.05012108310048196,0.0004505506575927619,-0.003785742073310635,0.015595281632957467
0.018510405600284,0.00061657907199573,-0.004430856172270558,0.004898704601293557
0.00435144542813429,0.01199012343994738,0.01025938137217226,0.008866974546434562
-0.05247093273890926,-0.024906957593311175,-0.011265880570806405,-0.029547894086418645
-0.02354573166271323,0.011224632240497181,0.015311629322787212,0.0009968423033470879
-0.022450746062701834,0.0008813435995574177,0.009395601079113627,-0.004057929736743134
0.011263888973744595,0.0035744959969986854,0.006302973914919335,0.007047112581434576
0.03879304664626543,-0.00429810848142276,-0.00730373575372073,0.009063725073306508
0.03669461786169914,0.0073827936105359164,0.011566435278625638,0.018547930369004647
0.02305600208630557,0.014319010269672024,0.002279405025209057,0.013218125908923089
0.004435516210743769,0.013810999714822062,-0.0034578917249386784,0.004929536470667651
-0.06517575832047909,0.007004849435697288,-0.0035470107619933852,-0.02057261930961851
0.014868538225646374,0.0029785230359958433,0.007481616830833081,0.008442884254599069
-0.026865467161092445,0.005707510910944445,-0.009063782005176739,-0.010073902677862161
-0.0386182053528794,-0.0041669280471792166,0.010516930068794497,-0.010756057021020263
0.07540790094184896,-0.0040195077090482995,0.019065041462655995,0.030151114747340654
0.01464657393422046,0.00215245591970633,0.0045296800908498375,0.007109562872022227
0.02153597701926362,0.004735488890798588,0.0007939274814212789,0.009021788775363365
0.02411616994815087,-0.010434164413117354,0.0017755699950591601,0.005152520024172382
-0.0041922153405071685,-0.005725574692909584,-0.0040677399409027645,-0.004661838662929847
0.028230991995023942,0.006510941076230167,0.0046051384554701685,0.013115677393217584
0.03773011160373888,0.007251045021824592,0.001277446003364355,0.015419518790108399
-0.06654111714898583,0.022922368419785545,0.0034344216272352316,-0.013394762305879318
-0.05270739473572893,-0.0038526788521305723,0.001881336631752258,-0.018226227425790095
0.0008721329917779947,0.012179340828694271,-0.013087297890787728,-1.1941344830464242e-05
-0.003221287842256526,0.009223167153330988,-0.0027906001182601893,0.0010704253271783598
0.019352240397388757,-0.0200496553113676,0.013616417006448087,0.00430632972448905
-0.003296738196765693,0.007553236586822014,-0.006459097293014809,-0.0007341989001198618
-0.010810271170630317,-0.01426725476008771,-0.007504527723944207,-0.010860673690869526
0.08034820920248993,-0.005496064224924755,0.011281531342310108,0.02871119672873299
0.05467251600104101,-0.0005899089086859702,0.007217366469141234,0.02043330408717424
0.005005435195009896,0.004830091070184176,0.010752742290933351,0.0068627493226196224
0.01670855928076886,0.019090242328386395,-0.00800011636699058,0.009266219147826478
-0.037142245541647405,-0.005910515644988391,-0.003305392908746847,-0.015452702579076183
0.017918604595422088,0.00841687225257266,-0.004021577093074054,0.007437959147006979
0.01675927735808047,0.021077360478775006,0.0033490317165604526,0.013728542789248791
0.013802822874925942,-0.0041238171880893845,-0.0005602370229289518,0.0030395865150463137
-0.022141267233476643,-0.014287697235422666,0.0023398860583701236,-0.011363014773816925
-0.01136567094223994,0.0027508004231498588,-0.007147857766964274,-0.005254237507775357
-0.019900229938030575,-0.015176395573152493,-0.003636641547381442,-0.012904409448432484
-0.05883716739498727,0.015026778940912996,-0.006895874375446377,-0.016902070707752605
-0.024699173822503133,-0.00576660525299647,0.007410001564299367,-0.007685251485140909
0.003636022806705245,0.00866551556883186,0.002161030659817851,0.004820851524261973
0.05212951064099624,0.009116991221324196,0.014873761703660806,0.025373395815239223
-0.02391026550060452,0.001345494008237475,-0.014415884004791936,-0.012326872838834494
0.01397518618971336,0.008362009527083126,0.013908981048034166,0.012082046839551296
0.021830585580546534,0.0103860346736696,0.005877947021734414,0.012698176393794424
0.025162384255747603,-0.009454997836105756,-0.007456561993394015,0.002750272058474469
0.04777456516922364,0.02036291252545189,0.010677151148266397,0.02627151667610436
0.02046652849733845,0.010246860136144587,0.015107852686617077,0.015273731832952931
-0.018768829528273245,-0.003239811928593099,0.009118501791663347,-0.004296708925021111
-0.017939286190094356,0.009848021909411399,-0.005388251474508219,-0.00449316742522514
-0.022938657684526943,-0.0038552310454512714,-0.0010137001238301792,-0.009269187015406515
0.03145246203192978,-0.0017537300397974988,-0.004381343024036232,0.00843912121690236
0.007688252129133549,-0.009812583195249379,-0.008060252979726273,-0.0033948579537526856
0.05345983281818855,0.008447237458344884,0.01488311210661956,0.025596701864323536
-0.004647379731319748,0.002902929670311406,-0.0028706178657570474,-0.0015383544372324874
-0.012796451014705019,0.006697334668376398,0.004620033596863596,-0.0004930270901274254
0.026982192671339108,0.010665951297508719,0.0009070426704030777,0.012851716028021421
0.015470236744282766,0.0008241426348808869,0.0036020689573158958,0.006632142813343737
0.12266505311075389,0.011873928271497443,0.009192531792431454,0.04791045648105653
-0.0458569918130473,0.008136593911981696,0.0019784904211182608,-0.011913957246013289
-0.04573862624973562,0.009523928903536072,0.004367800500694973,-0.010615621666202576
0.0295328560858747,0.007814186236084774,-0.0013329574828992458,0.012004682941658462
0.028013838830588677,-0.02407300975782011,4.9604142611840924e-05,0.0013301430749823979
-0.03131420542065913,-0.0002582420769239246,-0.014536291200332402,-0.015369564196392254
-0.008489816667921606,-0.0065597943892068186,-0.009397913972085597,-0.008149166860562997
-0.02829681457897983,-0.011027912238750902,0.009585331611449909,-0.009913121822295205
0.0166216062994009,0.011367881086270938,0.002762138225575755,0.010250531619873994
-0.04298334641997993,0.02043517916183205,-0.011303830784430324,-0.01128398806352672
0.0003390851955018385,0.0043660270322319,0.0021516837542906717,0.0022855963750761424
-0.026611012993468415,0.009483226851838137,-0.012788543588348513,-0.00997209993788302
-0.06275631594917805,0.010161377430707443,-0.008172562872443953,-0.020255813541137722
-0.032446377170096255,0.003158631026129603,-0.0008755760168760978,-0.010054430665840197
-0.011553849073740512,-0.008093697685401949,-0.005954804282191603,-0.008534108479661007
-0.047079719498847664,0.015553953322907418,0.00947807747712512,-0.007349222217042142
0.031187528721054826,-0.010630722720513191,-0.0004418593789360867,0.006704975502219642
0.025143381988664375,-0.0067045681736217924,0.006712558613558529,0.008383782425742895
-0.017605650371188074,0.010171273513132061,-0.0007634114599775164,-0.0027325933734150703
0.0032277268817722873,-0.0009199112393611029,0.006360313951494216,0.002889373641925269
0.06895772101743898,0.000391395789573709,0.002468137934888106,0.023939060974882017
0.03034257244389702,0.008327937290632161,0.003661219994802979,0.014110562465867478
0.12009713668521313,0.012161639371523316,0.005230919768830996,0.04582985277862387
-0.014086712730547388,0.0076513762494087555,0.0006887054463097209,-0.0019155417627326255
-0.046434396013650424,-0.011517017647490638,0.0006232647548440533,-0.0191093638593827
0.01997373695844014,-0.0028773179431310415,-0.0012871030133878246,0.0052697667308684235
0.0102338883447988,-0.00105666410647649,-0.004139901499884649,0.0016791059003716411
-0.045243475644437724,-0.0008886570319692216,0.0023467170529477806,-0.014595123946014513
-0.042610786261450664,-0.005689347434700527,-0.015648434332436133,-0.021316168026673098
-0.01096345984090892,-0.009292983115146947,0.0035334765724872033,-0.005574316553534094
0.03875596165678437,0.00466834673846675,0.012583856529887427,0.018669369638991205
0.027285327356063555,-0.0002151051594098262,0.014765771805996737,0.013945317388885487
0.0050345899116925824,0.009234369712409887,-0.002905825999011147,0.0037877074206525653
-0.00783592311947057,0.012410006738133701,0.0025764420001475356,0.0023835061560950155
-0.007045948403509292,-0.012426802578480342,0.0007983330457128686,-0.006224799753952943
0.027227705485048194,-0.00793033847883373,-0.0032485432410084536,0.005349602572127415
0.04274899483651005,-0.0005214187612557847,0.014485413535721851,0.0189043109659955
-0.0026139007562972923,-0.0038586519891146754,0.012080882288316814,0.0018694413115251012
0.04989685188330215,0.017161683957823075,-0.0031838026771430525,0.02129155642974967
-0.009218345989908665,-0.005106634835627224,0.010450844419836588,-0.0012913775105209647
-0.004629735001529332,0.003917506640527646,0.0016334913835229672,0.0003070873670860863
-0.002308565288393224,0.0077201403846538725,0.025063876134601634,0.010158473585137016
-0.013564015530527659,-0.0031723424777945876,0.0034106678638219255,-0.0044418922729367255
-0.019321916820351382,0.0029202045138245905,-0.004748152071296375,-0.00704994774265293
-0.015443820131501734,-0.0009983843058448418,-0.007408054289552435,-0.007950078292213428
-0.042689568572812635,-0.0049806217641975665,0.0018847684145349127,-0.015261792045684454
-0.04175697024441402,-0.0015589023244300957,-0.0001233318604684549,-0.014479720330036047
-0.02314320952216996,0.006011400659711436,0.0017004730625181609,-0.005143773456201522
-0.0020656021924285914,0.0026446832627402294,0.020023519707278448,0.006867526724996436
0.047844169584436484,0.009553096399597387,0.017534190165786608,0.024977127072788107
-0.020387125601041983,0.007210646244959247,0.006782618945010758,-0.0021312846724038555
-0.04522671274035289,-0.007173502643128585,0.016012248548789323,-0.012129310148908442
0.05907460527449741,-0.00675474299480156,0.010976628555540413,0.02109880917958181
-0.025389328334230823,0.002407845266049576,-0.0025565789023960974,-0.008512678810838458
-0.010829900588651811,-0.008234441501807339,0.001596973742800094,-0.0058224502934302366
-0.03060371365904895,0.009053266229661378,9.66661250019062e-05,-0.007151253283534787
0.03326018577547767,0.002151551695826076,0.011480791326594299,0.01563082730178975
0.0010498205731158537,-0.02212725403027362,-0.006135877910288202,-0.009071094718044867
0.0018308581728066792,0.0014104439684477512,-0.004067948685227172,-0.00027554857244206583
0.005777662220492059,-0.009166166389354365,-0.001678959464691048,-0.0016891528553632398
0.02890276192036483,0.010463039242415997,0.0024619340652080024,0.0139425644667512
0.0021727750510170205,-0.006024519867193381,-0.012481603662286015,-0.005444444048371299
0.014654158808450836,0.004562067127581686,-0.011773860811282377,0.0024807858941283396
0.03046402911014298,0.009316828267211209,-0.000660761008598063,0.013040019082886585
-0.0026071186545994014,0.0033499324707007253,-0.002953094449037974,-0.0007367594742186725
-0.010340102320731938,-0.01867523513043501,0.00612700156835911,-0.007629437664823983
0.06603710324294007,-0.002053059058175206,0.002286796437636336,0.02209025811718686
-0.0018174566951196856,0.003641666355369571,0.0026383947008287844,0.001487533299491436
-0.0013398757927644725,0.007847219939962898,-0.003961793824023951,0.0008485159258747169
0.017815236478872485,-0.002478151574813447,0.005456483334664357,0.006931182481718386
-0.024539988491909307,0.0034036927992489997,0.0025035116393062593,-0.006210921806856665
-0.02716781121717715,-0.009938932796045036,-0.005376064176886432,-0.014160921902433475
0.011177464336456533,0.0022793855697793857,-0.0073086892371532295,0.0020493848403073402
0.009770340233826388,-0.007166326903963058,0.0035718396730037775,0.0020586156090047015
0.012646399336906753,0.0012429203689340927,-0.004977909279781456,0.0029704671715496548
-0.019255354983940973,0.00145788395789033,-0.0024169523106243236,-0.0067381343740838765
0.015316440153305385,0.0027261859797829127,-0.001220976092521176,0.005607211072972361
-0.018740720206078084,-0.0007037499214277463,0.011908025421831338,-0.0025121457230765955
-0.04444027172549733,0.006810194042411201,0.0008210119245651152,-0.012269676316485085
0.023491017368950744,-0.001203923478469122,0.017612181581960238,0.013299745191055463
0.01332827754117687,-0.003525347937809393,0.004327676252926046,0.004710197241895889
0.03596972406491738,0.012034805451976034,-0.00262761587760823,0.015125622754123848
0.03058841465811357,0.02433846065225177,0.015748802868345534,0.023558535834344228
-0.06239316132542929,0.0013319927914362028,-0.01431208587685452,-0.025124393012531065
0.02448226741870573,0.007846030311860354,-0.0033623308597291,0.009655312634956704
-0.023542588231442126,-0.0039403491195563935,-0.011786126942895166,-0.013089675008276463
-0.02016407191506928,-0.01795728238532801,0.007919425710946353,-0.010067299462507449
-0.09096755310287243,-0.0015743974845257211,0.017113463367122144,-0.02514280393059626
0.014495796619036251,0.005197976592311631,0.005905475054586851,0.008533074222228822
0.0230391615952816,0.0012747868568363145,-0.008332242160551262,0.005327230103286788
0.011781620230223918,-0.009901543862172825,-0.0029661578824845066,-0.0003620268094506332
-0.001435066721721783,-0.006556344669144592,0.007383520315625773,-0.00020263015578317532
0.05741660726219501,-0.0021170616288339584,0.0010080270418357312,0.01876917212254137
-0.0009555161642120368,-0.005351975926464595,-0.011241625336205806,-0.005849699959255003
0.0355810370804328,0.019527916423287914,0.005434686088562322,0.02018119301621448
-0.03911407491089402,0.004061041380417334,-0.011260899477809139,-0.015437962231450938
0.018972139137682285,0.01675897243695121,-0.001261088612938963,0.011489996163890522
-0.01016809342852624,0.007431818352872712,0.011571352418814981,0.002945022836028036
0.005901481872175254,0.0007580326537394165,-0.0011578849480951372,0.0018338746920633184
-0.021372122367553398,-0.007545778782476991,-0.0009521332290289828,-0.009956668169674996
-0.01517965574910881,0.0005768046982744642,0.004113737245015417,-0.003496367772235041
0.01449911744234417,0.0016951323228375946,-0.00025429858393754374,0.00531331174709768
0.017726227844840764,0.005743716247203641,0.007441317759313299,0.010303743646698617
-0.03791824064221305,-0.007149357204912599,-0.014672657922622508,-0.019913398676497465
-0.03870920103547855,0.0006850666332981139,0.0031878579037558728,-0.011612080554049354
0.03271053459226539,-0.0005371264406280957,0.004783357629878204,0.012318909608249905
0.05120452366707752,-0.006708894938411914,0.011961497748836222,0.018819023340125116
0.009797440564361085,-0.010245756713618085,-0.004286512671334671,-0.0015782746952542836
-0.02612959973951671,0.012497296418488532,0.023024945434992963,0.0031308775737742232
-0.04425891209219083,0.006972238817873479,-0.015599757714963402,-0.01762879270094992
-0.0067389996024748156,0.011576165665462969,0.00792506544251847,0.004254072914425039
-0.010802026654354625,0.0054085265411909405,0.010849115948328335,0.0018185367931829383
-0.02220262679379794,-0.008360245867494556,-0.003939897985690621,-0.011500912048070822
0.04983599471274154,-0.005675993464162757,-0.0007941537977717023,0.014455268028319876
0.04814791036698067,-0.015110294543217048,0.014743059387549032,0.01592687581021248
0.005721452207849266,-0.017911024258837015,-0.005110322832488738,-0.005766625861193868
0.014761512416692095,0.0021051935919141665,0.0153553166816236,0.01074066348940239
0.029277193672507733,-0.003413191049341294,-0.003544291196711014,0.007439896368914667
0.01897843529780345,-0.006681011918299193,-0.003939786157907004,0.0027858762879866767
0.016372215152344466,-0.012796626685263233,0.009603688900339849,0.004393088062714571
-0.017513401876491475,0.007043269204460133,-0.002133254245404303,-0.004201124771349576
0.0014256158819198864,0.00048150130762333464,-0.007264913943021161,-0.001785930465227062
-0.01919061271206559,0.0038290612381801873,-0.013162343055799377,-0.009507955335263416
0.03331804044034329,0.006004621727981416,0.004125439784188127,0.014482686168136959
-0.057261139254779554,-0.0008030187848255603,-0.010142091209218706,-0.02273539368085819
-0.004006027589625528,0.002645943181781811,0.0038084374007222497,0.0008161168481751799
-0.014796174105252868,-0.010063035193987213,-0.004386561733508093,-0.009748580595659046
-0.04890780765711733,-0.006640153054962455,-0.010720308050418155,-0.022089400831409728
-0.06760295359288349,-0.0018589731168169145,-0.011120698837371561,-0.02686084832148214
-0.04911707101596275,-0.018392768093958376,-0.00964672920806565,-0.025718830387139485
0.019358780815111817,0.0007322368694328834,0.007676958158285244,0.009255982691618033
-0.03771996160082192,-0.005568147412482592,-0.0031026192568711446,-0.015463560626482463
-0.04565392641218755,-0.000674944012627519,0.005733243240057794,-0.013531862196376698
0.013012326455847472,-0.0024264070482186146,-0.0005734961506812396,0.00333747108150812
0.004493235625374584,0.00042801036017112143,0.011744683686286868,0.005555304335300967
0.025914587863897522,0.0020824766609929086,0.019937538920381904,0.015978185170222963
-0.029067460685960857,0.021638540511166558,0.002134629594362538,-0.0017647617620470597
0.06303326418963598,0.018642987332701928,-0.014129767398416685,0.022515472192479034
0.007327154247213899,0.0103899649049735,0.005235730826598983,0.007650942341978802
0.056276269394298854,0.002516711563736519,0.0014721879014019724,0.020088369531422828
-0.04488767787230828,-0.014728226291384677,-0.0014181628045941697,-0.020344668644740053
0.015593465946259343,-0.011859624632736229,-0.015542939362873513,-0.003936362080084116
0.04787126089082712,-0.0032671650114778797,0.02036972219942364,0.0216579177016516
0.010530880137318174,0.0062207821628432304,-0.008245887969392721,0.0028352552749981177
-0.027095128281827995,-0.010340335523379067,0.0013281626720469482,-0.01203575500861966
0.024049370331906714,0.010669684063657179,-0.004566610476102623,0.010050804589005783
0.000739387081819851,0.012918766181874361,-0.004222855442191852,0.003145096128734847
0.017167138076895808,0.006650560118354948,-0.0003793648275728157,0.00781276997644819
-0.01150306515591337,0.00036308612766519134,-0.0024477290853515605,-0.004529231508630542
-0.0029851183067586945,0.00870528574784675,0.004346505539151151,0.0033555543045220757
-0.0025546562920112444,0.010755425157884831,0.01232563548750132,0.006842127942323518
0.03151642306940623,-0.0023524783472686954,0.010907909729754561,0.013357271460012548
-0.026360778826415063,0.0005323733341340065,-0.003893931836403373,-0.009907435868782366
-0.026664549380411493,-0.004272671033058519,-0.007762184266294173,-0.012899788660119834
0.028163666127323406,0.018655438154568667,0.010337190619707653,0.01905207924843494
0.00648042656105836,-0.009859297818721162,8.641352865663987e-05,-0.001097484812182811
-0.040572867100500516,0.0024658225159382876,0.008075507810478642,-0.010010502247515603
0.0215513122030902,-0.00163441184202098,-0.010622887820997906,0.003098001082019591
-0.004965303591163187,0.018101306799199423,0.0047038912907700695,0.005946625552970601
-0.01060251021444168,0.0075015248513059605,-0.005900927885944051,-0.0030006347490555067
-0.02379272281296284,0.002110933538574119,-0.004177529758407702,-0.008619764391159131
0.0027878496094571486,-0.02484377817882821,0.0007172871401075155,-0.007112873363540705
-0.034076882298447346,-0.004485978897065236,-0.0019551943444103097,-0.013506005007289117
0.08091956789631106,0.009865710587855927,0.005175741432376398,0.03198697465184116
0.06447461359447587,0.017420722038501864,-0.005144365090648757,0.025583631263786145
0.004575098943328862,-0.009156708114872422,0.006270097699404009,0.0005628289464573071
-0.009595199102895404,0.013609817062467038,-0.010693834077207396,-0.0022264031461398815
0.060129662599520496,0.01539962910619492,0.002660107332040875,0.026063106949452415
0.008001673939822826,0.00858834899063557,0.006862568211082363,0.007817522562983206
0.010471312923142592,-0.0021845737278268496,0.009488168846427525,0.0059249634222784085
0.04185110424939002,-0.001792216372198867,0.0022297006550185887,0.014096182081207071
0.014261078306673952,-0.008863726267768195,0.005131434858407247,0.0035095921228420353
0.03388061566019107,0.002346459906169239,0.005662309052145877,0.013963114243040522
0.012424356111965683,-0.004788771733758715,0.0017024689325874723,0.003112681324247043
-0.056543331994645604,0.012432836931662578,0.0006153417237231707,-0.014498369948035505
0.033831214615374285,0.0005965468100402481,-0.010323685983203863,0.008034683779378408
-0.007744235732202497,0.007684034108623432,-0.003103798630822011,-0.001054665696800274
0.04959350480147383,0.0030914919486210134,0.013387926302285396,0.02202428565981906
0.00382111252630616,-0.009004660064224526,0.010786422370822293,0.0018676230766763646
-0.005558446459690612,0.003995283038997825,0.005365157528567038,0.0012673301019600475
0.021490131547738992,0.009465887719869523,-0.007001467821924942,0.007984842497044042
-0.026807243753353593,0.002684203823031846,0.0012760660694738806,-0.007615650337958002
0.03751133218372038,-0.00010300802948871857,-0.003450356023015524,0.011319311391082668
0.008086316308430664,-0.008738627919232187,0.004087420805338145,0.0011450352531424757
0.0020497349505464914,0.00792357012424034,0.02768750945786249,0.012553592290611596
-0.052433930041407784,-0.00503507958594078,-0.010709984538358076,-0.02272630866223749
0.006322002082212884,0.002106911854262438,0.011825257881604549,0.006751383854636018
-0.005214940016820763,0.008380119996518292,-0.000563248595510928,0.0008673095940850721
-0.032794196540929785,-0.017950273294076086,0.0041269992101477145,-0.015539141335795842
-0.019785526438336618,0.0106872379216337,-0.02297812588406161,-0.010692127441450042
-0.0062440130398540555,7.818593509254911e-05,0.0012263008853313933,-0.0016465070933012979
0.0008469617537789718,0.010485323146916003,0.008893294737292425,0.006741853137469254
-0.017129289809553937,-0.008167628246719216,0.004015959960378367,-0.007093645604978896
-0.01627608129968389,0.0038387002061606268,0.0003054236367971381,-0.004043981774922889
0.0001058501832500937,-0.002926245111870132,0.007431890857678935,0.001537163772520989
-0.017408055965940115,-0.023375099664957696,0.008532330190729673,-0.010750264396447566
-0.0014275921040400228,0.030073551125243132,0.02151060383368192,0.01671883756610739
0.02074224986475015,0.009049433595620044,0.0018564323327591242,0.010549361381671176
0.018855432623164668,-3.3957896651966584e-05,-0.01100705478293148,0.0026048040430537594
0.03822179293768661,-0.0029116487665515195,0.006736900071649701,0.014015667398580183
-0.017269523659427445,0.009401296818105987,-0.0050207188004982774,-0.004296310917624698
0.01931021608703797,-0.004802379979004263,0.01184574684877954,0.008784518867743429
0.07020884730346903,0.007888685665949243,-0.003095440087386683,0.025000672626646236
0.05714304884047502,-0.0075131958222537775,0.005553832637285615,0.018394543490607068
-0.010484763562039584,-0.006294675621381189,-0.006403230600047185,-0.007727548866932724
0.018552595166720056,-0.016903700313676728,-0.006681098736799692,-0.00167739961718416
-0.019560999658569556,0.004840804134703329,-0.013880202967676173,-0.009533456630381302
0.06892061201705942,0.004666968571245538,0.014924982509163371,0.02950415819496841
-0.0212402822007619,-0.005203628533747399,-0.010753857277872992,-0.012399243604871426
-0.04941398535368764,0.006925989971775054,0.0017158528602186696,-0.013590700583183799
0.0031156690920911057,-0.0013303311879783006,0.01095740532506391,0.0042475768288111615
0.02564472780856694,0.012768107251188572,0.006915925185861356,0.015109571638952206
0.017635122832340956,-0.029512598587063905,-0.003960051958106343,-0.005279170625100526
0.017024352944166442,0.014994439752365273,-0.008134072514661977,0.007961565432383185
0.036069527085989164,-0.003125344905623245,0.01302317719071787,0.015322437801241472
-0.03263550906484378,-0.001404500055754015,-0.004678648716306433,-0.012906206372748799
-0.006245209041519217,0.0003633293546046088,0.014080953985174166,0.0027330220330617533
0.010484288103164378,0.007415376785880455,-0.014056510957040745,0.0012810500296167183
0.01061122083576417,-0.0034586374750705446,-0.008810297296985547,-0.0005525707595259948
0.02874774215053811,-0.0015196517241613176,-0.01028482137977203,0.0056477507011119055
-0.030886305522226955,0.005311590397062408,-0.0026078198460337135,-0.00939416892955443
0.038937399540018666,-0.00799151126359642,0.01973293785005132,0.016892925149215813
-0.022751137015602826,0.004384941381214298,0.009856979485559145,-0.0028364025465377443
0.013971670905100748,-0.012858179264517218,0.0030472405133103193,0.0013869093310538982
0.0978676717971472,0.009379566848350425,0.017541406343104894,0.04159617339998584
-0.0016648573293834962,0.010947882432758004,-0.0007085993585396371,0.002858139056803042
0.06416411007387023,-0.002668707474417776,0.021237949510306664,0.027577756458802335
-0.022005039492544634,-0.02100493575900092,-0.0015640853662839916,-0.014858005347922976
-0.029091087477661207,-0.018032017936049683,-0.004974309800103377,-0.01736578770546635
0.009343961559751913,-0.011758982820691098,0.008399412769138855,0.001994795174602721
0.018590188205537685,0.006903954391934625,0.005268613237915975,0.010254241690877483
-0.022503118947210903,-0.0031056172192555805,-0.013583296191360493,-0.01306399772193154
-0.05863486341082192,0.005159728607542233,-0.0033634092621013614,-0.01894616240894566
0.03379395758151343,-0.022138891514764888,-0.00374484954653909,0.002636736203330977
0.031054626694132042,-0.007934756205534767,0.0056155452355015865,0.009578462329561045
0.010258629325939623,-0.004137182282768547,-0.0071254811308054476,-0.0003346776945334279
0.01905394890456346,0.02173913476071916,-0.0010135775084179463,0.013259822125786172
-0.05436874911660318,-0.015070527857115143,-0.007936949948592455,-0.025792049848694616
-0.050372651182722265,0.0012231176462214764,-0.004144019826869438,-0.017764500023272286
0.0016454257839484156,0.002273173438536379,-0.0003456291469941652,0.0011909888341735178
-0.03382263178810356,-0.003470228209603463,0.0028473917793829275,-0.011481811257618624
-0.029358727366552016,-0.0009811553554487803,-0.009547977961403381,-0.013295940265181164
0.0473855777331675,0.001074237508398552,0.0023613675395800495,0.016940377319987772
-0.0005158021351617686,-0.0060310888739640136,0.019047022034494644,0.004166706175079278
0.04545764810549706,0.017959251422515546,0.012576899857817726,0.02533124113067698
0.01551901729755064,-0.003199743353591754,0.004926239141984279,0.005748498613476693
-0.03858643082505962,0.013862792212860069,-0.0012637855586641118,-0.008662466061146498
-0.011040913589038791,-0.01201242291778041,0.013032830678602204,-0.0033401652692370554
-0.02714620614093256,0.002668623026347957,-0.007413522879574726,-0.010630358034351112
0.021155971037123966,0.00452450042696284,0.008713460637038551,0.01146463256906442
-0.0052981936216304135,0.012891304430002946,0.0013871328657517545,0.0029934115646268705
-0.025060372261080367,-0.004574453506789786,0.0018116518911264687,-0.009274382017856603
-0.008318678858334257,-0.014127075892395882,-0.0033957646218891464,-0.008613831177033305
0.015411822182311193,0.008184848077771421,0.006444134990348434,0.01001359173654193
0.08247146178527937,0.0049677955648206274,0.005672271153106836,0.031037145130559444
0.04684489240478584,0.007688065491411274,0.012705524435064725,0.022412805030926502
-0.004117144734496753,-0.0011828553422533815,0.0022321942518633915,-0.0010226009190269728
0.0009542607536780893,-0.010305090733070904,-0.0023201252118278974,-0.0038903145067551736
0.0512389215686063,-0.012879486287432147,0.0017938158104008717,0.013384403646107976
0.021774685158495358,0.010858427259866094,0.009007029812226125,0.01388003353014845
0.008101769325340175,-0.011710163358722438,-0.006195365906248638,-0.003267916711956987
0.030561450116064356,-0.00862845385785961,0.006589204151672648,0.009507390629225662
-0.0016963672722134673,-0.005121303488190263,-0.0018600455192872185,-0.002892569200658223
-0.0038716086161919698,-0.011084465817568093,0.001149439734678694,-0.00460220696414889
0.010561112053652203,-0.004472417974635731,-0.019666753413864195,-0.004526015252262795
-0.06351278007610758,0.01506067596468193,-0.002911947339353168,-0.017121333362242457
0.004261592580550824,-0.0006644561208174455,0.008591466071477254,0.004062863447536033
0.03806008831304613,0.0009269369994032201,-0.0015506028353219248,0.012478795013568316
-0.006187032832863254,0.0007399534030925992,0.0010953414290718199,-0.0014505778829869448
0.02088781777554907,0.004773669033696413,0.005817423134521667,0.010492959488285734
-0.02701475667129369,0.007237263766715577,-0.005535193761021901,-0.00843755378430445
-0.016798290267391044,-0.0017538805186886964,0.00547853817260115,-0.004357873179948658
0.03218570032781767,0.018061350236285925,0.004813355891939342,0.01835345046521216
0.0284924059653082,0.0037164565250572042,-0.0015741509581179047,0.010211560299178656
-0.020750966325188885,0.0020974597998396623,0.00117324905465297,-0.005826746663479594
-0.0015654215651699503,-0.0010443410498751715,-0.00022970062569132926,-0.0009464868004244034
-0.014062589083568808,0.0033474397994345444,0.01213403973093059,0.0004729630093019594
0.010417472785746196,0.011587142314212373,0.0069041746710753905,0.009636253620748063
0.0303472504660011,-0.010024488372610633,0.016431833000592647,0.012251519446462673
0.029818967738864232,0.003167613065533389,-0.010732343164509503,0.007418071795216826
-0.011392062479510775,0.009480539194887888,-0.0017771770725268248,-0.0012295655561497844
0.03899619711295822,-0.007215254289831042,0.00829188588984286,0.013357596213380441
0.0015992636367722127,0.0038661797536339053,0.014819754003890484,0.006761725703033069
0.026550672512010234,0.018581109927838096,0.012669332876526674,0.01926701917175323
0.0398270884524784,-0.005752054802466466,-0.0023290958303477842,0.01058196869124211
-0.014945193348616135,-0.008611717164933938,-0.01342517508714313,-0.012327349539535867
0.0210636916234187,-0.002197302553841679,0.013340241088044134,0.010735532650330332
0.024278407990873135,0.005088254923189001,0.007683168239043374,0.012349931367758119
0.022870235698635697,0.003979254118996694,-0.009208585328494069,0.0058802956160779445
-0.06873496018354028,0.011061881681196864,-0.0022488045394407296,-0.019973941039967035
0.005937808536009876,-0.012099964258862188,-0.014379422367496956,-0.006847185849590392
-0.06062575410743006,-0.008612914752488984,-0.00308577511550895,-0.02410812388366134
0.03589449271252103,-0.001401675821638742,-0.003720511343928382,0.010257424924882784
-0.03796865022306519,0.008144033172923443,0.00023466914427631048,-0.009863306105305843
0.02064641633329095,0.007655359098109991,0.01053939665409208,0.012947044414773646
-0.01257602459373822,-0.005411322778670813,-0.01670495827280145,-0.011564090317634945
-0.029677710481810195,-0.020416644633922974,-0.012590270718356026,-0.020894854383154454
-0.057450154470636935,0.004860422867807273,-0.012346281666998207,-0.02164531611127153
0.014176687657114714,-0.005768122627382112,-0.007595154673403048,0.0002711365143063988
0.023147264482608964,-0.0038409377026475786,0.0004633461296882803,0.006589884379992251
-0.015589257411814099,-0.003110940339564965,0.002214836449160292,-0.00549511493895249
0.017943728066780167,0.0015368329607008393,-0.005374633350326572,0.004701971190408919
-0.03905721007650968,0.0019931506057208693,0.00791765487684973,-0.009715458482511496
0.011309525546171198,0.0004787027527232225,-0.0026802932855156496,0.003035975301814586
0.035995660239798256,0.019234981907408945,0.0012629398223409586,0.018831175158655396
0.013586534554453761,-0.0034782271256852833,0.00814963260377519,0.006085973924867878
0.018093699493814563,0.012393508172407766,-0.005499430001860537,0.00832925089219471
-0.012020961548716297,-0.014845509799037126,0.004433100885784526,-0.007477782676199478
-0.019990661533519506,-0.009835366536317136,0.009288507747084547,-0.006845833261743924
-0.006879370404167945,-0.004265171673239514,-0.004145930436210241,-0.005096819074381729
0.04723225498490909,0.007752907265807055,0.006139520239664298,0.020374873788565985
0.0023157001961265945,-0.01599073387284328,-0.0046871003468464175,-0.00612070522047636
-0.03479446648568931,0.004175147156835059,-0.0026474217930751716,-0.011088902618396101
0.04590388356095729,0.006814216184619825,0.010040491846204518,0.020919509611063345
0.0035466302258610046,-0.007825400965253365,-0.0007744100479350378,-0.0016843919113822034
0.01587316698746613,-0.017056609160369295,-0.005668555810968817,-0.0022839970439579985
-0.034707954436562244,0.0012188617531090503,0.0045099414917065955,-0.009659707404198468
-0.025494994169030196,0.0042766008029381875,-0.018541298497227982,-0.013253217367876042
0.0031819450590697368,-0.01119443769972106,0.0007496974933547013,-0.002420929294833825
-0.011471631710620716,0.016868297836074863,0.00018696556344235124,0.0018612087017549361
-0.010218349753346335,-0.006358071150839098,0.007275441887342303,-0.003100323238621371
0.008308051842854583,-0.002679748723331229,9.436146715486107e-05,0.0019075529546712093
0.034178370516123796,0.019661707875442407,0.013315585798815564,0.022385199011572526
-0.0017748393247105994,0.010059483078753187,-0.00900574371797687,-0.00024036641427810606
-0.01731362009959169,0.0009394907071992879,0.004236334575454488,-0.0040459275597143655
-0.057592278499245864,0.019129065409042696,-0.0016259303280747438,-0.013363034443044831
0.01159113834508319,-0.007222917003012393,-0.014740526873640013,-0.0034574317197545615
-0.05913843385066799,-0.0019279426772264019,-0.00465863629614055,-0.02190831569967404
0.009199277023795705,0.0018350049104836922,0.010157734734958826,0.007063998492407185
0.0383607357441893,-0.00029449847571289217,-0.0004182289268841999,0.012549323564527955
0.029116133043420638,-0.02177060331649823,-0.0024647299309017746,0.0016269316384069454
-0.015283005543388097,-0.005814608320619331,-0.014124251464868379,-0.01174061003567016
-0.05411166967491183,0.022542010966932757,-0.0007053271679892488,-0.010758317866994148
0.018473175799354674,-0.004431750084831698,0.0017002144121969435,0.005247208128359931
0.009258138220457455,0.0035117361837452934,-0.00558203849919397,0.0023959429057242914
0.05194963465873129,-0.00599282054548436,0.007004583865395422,0.01765378167241479
-0.04852581210767185,0.004203030583081649,0.004636748717552668,-0.013228664373668243
0.012726833620223962,-0.011884460220359739,0.005071347785166155,0.0019712384237697313
-0.0039705182528793626,0.0008767933597831913,0.008292644612155982,0.001732971506713364
-0.0172450548901913,0.009439969339267681,-0.00782812338875132,-0.005211064435488666
0.012977645739812301,-0.01497648686666173,0.004945144558130905,0.0009821001616593483
0.03837013125820152,0.008284614826168844,0.01616477446190702,0.02093981924225228
0.040709055880477935,-0.0010228107332552142,-0.0024179041034991244,0.012422767925127517
-0.0497657735455102,0.002824152094432001,0.007688426003377866,-0.013084385398168292
-0.001578621312137428,0.0035540101985117646,-0.01424390707118236,-0.004089501972096613
0.07455956743238595,0.0038773931070936202,0.008440776286531042,0.028959216649424593
0.03913159310114817,0.009494952352994872,0.010899698309579143,0.01984206141249281
-0.015186038442751796,-0.0006800657060924297,0.0055693287519539975,-0.00343225503337161
0.04058292051508991,0.00044067100583942205,0.016403818313909156,0.019142450802476216
0.0002868071332688799,-0.006498524355927507,0.016680199309992573,0.0034894905396172862
0.04839213459888747,-0.00922324663829996,0.013425495617528774,0.017531443661244237
0.014775293190346076,-0.003766243083849891,-0.007977568697739633,0.0010104927924250474
0.025505101317643816,-0.00407563787236587,0.0069459081487554825,0.009458447739553944
-0.032109449695085536,-0.013500151312432191,-0.007069266858062412,-0.017559605062237423
-0.035755486833322504,0.00018426506028841247,0.005616777537424905,-0.009984804760388316
-0.003258821052935106,-0.004400750431768036,0.0020369532759837512,-0.0018742041953670608
0.05483993803658107,0.011426940913075652,0.008870264485297496,0.025045689432603595
0.05807401537701007,-0.007183700064071732,0.008373718313901001,0.019754658120935235
-0.008263646436697502,0.006334561267424699,0.013441342173452293,0.0038374151639741618
-0.06267736025454229,-0.0037060508036953813,-0.0006357182679412475,-0.022339687435683195
-0.002798957992235208,-0.003691451023973943,-0.0020581909243858913,-0.0028495304639983674
0.003957016868977647,-0.0131540872304102,0.014755452703485801,0.0018527922612236352
0.04923535311287879,0.00591881184306099,-0.003879410033606419,0.017091567882526144
-0.047752956653552114,0.00808119840313824,-0.011129976719010413,-0.016933894722563108
-0.016715065063998863,-0.016480640587495553,-0.0013290776447337557,-0.011508249590481624
-0.003617346387229939,-0.006690033772433266,0.009172753053527197,-0.00037820865716963424
0.031889580599726325,0.0036102274072420002,8.16238916077159e-05,0.011860465439048047
0.04062405838680859,0.0016185267558884537,0.012480440954741044,0.01824099045813733
-0.014675926615288996,-0.0056844558980196245,-0.0013751807325840231,-0.007245180503443132
-0.01373732487726028,0.007865556298609688,2.7088565619817675e-05,-0.001948224722783587
-0.00278955399091791,-0.002682548407177334,0.0018686795768653058,-0.001201139739269039
0.006379458585350967,-0.00425896146868125,0.02476415299577575,0.008961541075931785
-0.02563206394905972,-0.003018861886629454,-0.004122811984232975,-0.010924568348728108
0.01786266034831382,0.0014392859309483217,0.004440037051725552,0.007913986529668121
0.06388437022663025,0.017407748059112084,0.005670124474073163,0.02898738526585758
-0.0040167361240315835,-0.0013320943840490645,0.01164761626596873,0.002099593153034108
0.0504366110378054,0.0044192876620565156,0.01745054367013703,0.02410212335451886
-0.0012897979820438604,-0.012350038576321406,0.012355224643654825,-0.000428203543366175
0.025976305872867474,0.00287019733914068,0.0009014552816925215,0.009915976248580727
0.06620377087949693,0.0027577274383251763,0.012636566498582275,0.02719932773944652
-0.01361931854788231,-0.004075762837185271,-0.004929815061482887,-0.007541624607218008
0.0254778512453302,-0.00823648444443962,-0.005066834758542202,0.0040581732892721115
-0.006640840614487543,-0.004797343225777889,0.010068814394493716,-0.0004564560254674235
-0.028091982638602738,0.01398986946643195,-0.005670292831101995,-0.006590795410288926
-0.015137798583266637,0.0019239812760204699,-0.003439813884063962,-0.0055512048458929795
-0.02938291364912866,-0.0019419804731332863,-0.0016451950396925274,-0.01099001873062177
-0.022660979689667786,-0.0009193485332795612,0.011390855225816406,-0.0040631536025526474
0.028634923503649937,-0.00797176780650583,0.010822745135730527,0.0104952897823246
0.04738343268620096,0.001841082808539105,0.013254906933444015,0.020826453316253886
-0.03379167847946346,0.0030585952613852814,-0.006417038189505902,-0.012383361419154224
-0.026468475099868213,-0.007182420848585062,-0.013242472273750071,-0.015631107109611707
0.042251154239548734,-0.0018118244069746758,0.007443228865527576,0.01596083693851431
0.013740253193413455,-0.0029660729239745103,-0.0055478889668672225,0.00174209535876014
0.0716897006484193,0.006014445303179911,0.0075747039047563,0.02842625485916855
0.012626954623050557,0.015579886175455776,-0.007663623433739964,0.006847732273849668
0.019951250458973894,-0.009799752246175991,0.008178643194603135,0.00611004102575321
-0.03489126747773948,0.009623987548145242,-0.007432710417799998,-0.010899985882467962
-0.012524435458877669,-0.006210101895181746,0.0006104702354867509,-0.006041349664835182
0.06826925301253318,0.009944626362302903,0.008073365894526842,0.028762386327372554
-0.012048411633902165,-0.006656518713123463,-0.0015931593716540758,-0.006766023140196662
-0.0075292203693414755,-0.002123218441486958,0.004738068537460845,-0.0016381217863324384
-0.006544981467225829,0.0005606791598391573,-0.0019114007970475353,-0.0026318984029103675
0.000912611071546175,-0.004210835959538738,0.001102196839274101,-0.000732008617563471
-0.008393032335452516,-0.011783745897506904,-0.0022955632668017543,-0.007490773009139891
0.02544781920602161,-0.0026745191690109907,-0.010022942713361575,0.004250114857763907
0.038384121528218705,-0.002566290939590815,0.0060143720557308145,0.01394405360405202
0.04383997842664453,0.006651062792054139,0.0007017415429357007,0.01706424385628387
0.01932250891292882,-0.008772202350262314,0.004081509796058515,0.004877267242302888
0.004392905339275102,0.008907433092888616,-0.006879083049820028,0.0021404163203627693
-0.04196872034959246,-0.0037559141735560232,-0.009219519715982637,-0.018314699764992292
-0.019768595261797813,0.001408154190497089,-0.002556915497598569,-0.006972445217180908
-0.010842530282225307,0.00752995497303071,-0.00019704511858926522,-0.0011698723060544782
-0.0010113248327443332,0.003085616089051256,0.0069359095472163994,0.0030033972644408395
-0.05670332770296693,0.009837922479877177,-0.01281795175177441,-0.019894432430502394
0.06847161120995568,0.005491360946725455,0.0013165636488387386,0.025093153508661356
-0.002536874241235247,0.0035889881264815036,-0.0113244479379271,-0.0034241079267822634
0.062279746949868445,-0.0005757091379362231,0.005137051452142036,0.022280340807661666
0.016265720893403744,0.013956321905003573,0.010429332215453052,0.013550444787495118
-0.03724995835850627,-0.0005775457704117014,-0.008888893060527774,-0.015572116824349518
0.0009147484358428171,0.009518889381229639,0.012581891893682199,0.007671835565074981
0.00011151922926927894,0.016479818127808514,0.004141769024433872,0.006911028549468427
-0.011594842195107166,0.003845805499773326,-0.0010619893706888478,-0.0029370057516655405
0.043623384490468486,-0.0013469502173243898,-0.0026216582655519596,0.01321824545093871
0.07266842994631859,0.0031925037874526874,0.01400163367058904,0.029954159180597635
0.016575773222459077,-0.014902092464030006,-0.0006027797101394567,0.0003569666591295222
-0.007558612342457508,0.0016668949875965982,5.3205626415335364e-05,-0.0019461686299779486
0.011600719850953832,0.00210916323512566,0.006228379405772418,0.006646080851196473
0.03373492841961471,0.013641664363003835,-0.0014990056078189404,0.015292513765737476
-0.06268653448761177,-0.006438928618924955,-0.0033146140241155585,-0.024146668230191716
0.03801552639307669,-0.0033756206117780507,0.0005789028412481849,0.0117395911345794
-0.004010903312682114,0.00840623442570912,0.004616979128195366,0.0030041004096373765
0.016495029764929777,0.005666541496211796,0.009489293389275868,0.010550277666517597
0.05319029659201052,-0.004554331330720879,0.007539753640565434,0.018725220908712058
0.03164285721397424,0.00905010346427566,0.003940143919301858,0.01487768665481572
-0.005950343933853949,0.000607838622505576,0.003812104860191002,-0.0005101329735856401
-0.05313405055425242,0.007961863416227835,-0.013700139513450511,-0.019624089259716145
-0.022704450286148686,-0.015416029089448623,-0.003487827137663837,-0.013869421634984877
0.03908670137890308,0.005650505016850864,-0.004099272900341079,0.013545964285826455
-0.017863251313797675,0.012428384778197028,0.001543680645043204,-0.0012970606664571842
0.03617499010776253,0.0014647253077825152,0.0002450021090519424,0.012628226546626488
-0.0018470944664376863,0.0029371746595927227,-0.006544069340827293,-0.0018179945645610362
-0.01645302298023054,0.0031492535050576015,-0.007373617649977611,-0.006892455482587808
-0.06883578853219055,-0.004950541807500295,-0.006835708222133198,-0.026873985979928492
-0.041479498258417624,-0.01587613863065756,-0.009153125485268131,-0.02216956528852698
-0.00819686061664954,0.009192503477504273,0.002169338804982963,0.0010549928336186767
0.009825000510826673,-0.0015790177077872189,0.003151084085662891,0.003799018497211819
-0.014055074765540403,0.00135122425410808,-0.009689040437847744,-0.007464289518796373
0.03369824635874771,0.00692320538399351,0.0027983159969659816,0.014473241439979821
-0.030960410039351075,0.010612033758804474,-0.00039390023587857013,-0.006914085258049552
-0.027754536763580827,0.0011956731920687142,0.0029138226884968263,-0.007881672412658134
0.008173511561492947,-0.000771328709919802,-0.0011833919992844757,0.0020729282111659393
-0.018708315467651063,0.014224226973371994,0.0016480397350121107,-0.0009453486410727331
-0.0065658234372701525,-0.008038006920137977,0.009123194294799037,-0.0018268768606576765
0.0170610806678915,-0.009838474365455666,-0.007482097133807238,-8.649685729352483e-05
-0.038812378041576695,-0.005052391117159827,-0.011177873782068313,-0.018347529299387298
-0.00679658796072859,-0.0007845960623859008,0.004794673735089213,-0.00092883583383833
0.009935651398870201,-8.50389163396995e-05,0.0120829028334825,0.0073111644608325616
0.007110621144106341,-0.005670512415725933,-0.0030411034741269203,-0.0005336643815839221
-0.050569798282169405,0.006610215034712336,-0.005151589746055174,-0.016370374627446414
-0.046819205334023846,-0.0010696370023712187,0.010120790124102162,-0.012589338148080229
-0.024723743784522065,0.005982511008272893,-0.013489830239127773,-0.010743676928104642
0.0036059834051546157,-0.003220398023109869,0.008901819194807419,0.003095798429815863
-0.04865271476047198,0.0030198479163772436,0.005065247711739614,-0.013522526188245329
-0.02106926151964856,-0.010442567360682163,-0.0006867981694496665,-0.010732864950384445
0.06676426943116459,0.006774406923828526,-0.002290114709592481,0.023749496798946328
0.010314903532831573,-0.008280361804710227,0.0004713837750569001,0.0008353076657509139
-0.03301694181615508,0.0001725388827097218,-0.011993341851126226,-0.0149458999822756
0.08522206359346667,0.00222119735227616,0.004755978457418295,0.030733049067973906
0.034612711394521274,0.017982456756008167,0.0033030017641660445,0.01863270467217519
0.009959100955515965,-0.00530441800965934,0.0006127474396627969,0.0017558083726963456
-0.04948271501943108,0.005780885966742641,0.006684208613726499,-0.012339194473780499
0.002413847612617136,-0.004122569290564446,-0.004459526701433776,-0.0020560807370442356
-0.030831903167182362,-0.0009882586616008298,-0.007291632315979823,-0.01303725167765629
0.003507349502290193,0.0014613378318568458,0.005156361059614542,0.003375012756237729
0.041454602144530894,0.0009512919870548881,0.0065293242856820435,0.016311723160683134
0.002650205655780586,-0.012847626193289273,0.002095108700883799,-0.0027007679114376833
0.0036523891253208967,-0.0019229556634919967,0.0023463868537768077,0.0013586054132617973
-0.010322764098920483,0.016687215645186056,0.003573798993398195,0.0033127468671377428
0.05211395131939757,-0.008725346643223554,-9.402175259047942e-05,0.014431513209666869
0.009926207073284366,-0.0078871107146708,0.001539976348126529,0.0011930230425557962
0.04009577590821108,0.003178202961856911,0.0013723745132591817,0.014882102912324596
0.05968938765333033,0.008604570143708624,0.005808773077716413,0.02470088559067483
0.005985703233163298,0.010403823956945678,0.013977220148649099,0.010122238990670244
0.006588906614120598,-0.0005880362916494958,0.0038692107018546943,0.003290023718081591
0.02932351046613622,-0.0015334832752864633,-0.0012924168380417573,0.008832527951732548
0.032086105575339655,-0.007315972438226634,0.011744319924815939,0.012171472182491965
-0.019383199211982432,-0.00644795992571,-0.007334693210785366,-0.01105527306087515
0.05496004692000991,-0.015985167349816774,0.01447237182705981,0.017815732650000516
-0.04616910271052863,0.005219808632939868,-0.00976408191131496,-0.016904441758509244
0.037222168611066565,0.016269770938225365,0.007894400639989866,0.020462092934313867
-0.048746579653768676,-0.00031605242689277345,-0.0002077218546493306,-0.016423434888318947
-0.042166659996214724,-0.002426615021841883,0.013410959953707448,-0.010394094627344698
-0.06087279349593221,0.001561894782975777,-0.0073591738864663,-0.02222333530978338
-0.01879500134219572,0.006074308048475439,-0.007788618552090858,-0.006836430445499764
-0.037557673183502005,-0.011217646542956077,-0.004754578919030838,-0.017843281705196758
0.043721331161721444,0.01200998625287842,0.00844458522777189,0.021391946155489703
0.019026400790323406,0.0013600707697027513,0.010371174086502507,0.010252538296294338
-0.019242273188198534,-0.009100438734506193,-0.012106551564014864,-0.013483074345818701
0.014704116684742549,-0.00664737714624543,0.002500182408847478,0.003518970463474216
-0.04678535798717725,-0.009101445878332214,0.009137870915790292,-0.01558296206692874
-0.013420907684001532,-0.007988015804991757,-0.005949424325480252,-0.009119440152041908
0.00269467247613448,-0.01131813480252741,0.009441789037547539,0.00027277529760929897
-0.020806790910759754,-0.0028605621704997303,0.009239684049315296,-0.0048092182014250525
0.07346848792385484,0.012967533362076726,0.015258499897180082,0.033898139829530154
0.0032310354997178463,-0.004648646956789348,-0.0005587122308710576,-0.000658773903872957
-0.01566636969789914,0.005630359921484814,0.006187631738240227,-0.0012827913965986872
-0.029072736475598344,-0.015877291088756823,0.009043023700421291,-0.01196898931897667
-0.0036803066329617125,0.002142330741137271,-0.01128463971549028,-0.004274200928233038
0.02010298478337094,5.212730461578161e-05,0.010180711914482722,0.010111931222215147
0.02358716744997868,-0.005547583726115446,-0.00018085060515242793,0.005952905086659228
0.009458596492821542,-0.00024356629047735427,-0.0022230060187319327,0.0023306723971960237
0.01665946593850507,0.016254081423954,0.005495729465486128,0.012803079472889457
0.018563910342990816,0.00442178924971899,0.00659155781375473,0.009859075943069043
-0.01821135570659917,-0.004482877522077738,0.005711558712905001,-0.005660885844365797
-0.015131462393079116,0.003913449839749517,-0.0027632693313538984,-0.0046604226344672045
-0.007032507927181235,-0.008144188203965435,0.008287046919010919,-0.0022965474408288464
-0.03533301398984801,0.004520434891971296,-0.0008586835490087051,-0.010557076991874258
-0.018206183927335504,-0.011468860937651593,0.0026636822098575026,-0.009003778547922312
0.005366851572715312,0.014060712872206269,-0.0020745300696052658,0.005784339007427313
-0.004756721556871199,0.0004201820098276669,-0.008560775364702964,-0.004299100671477194
0.002782499680413091,-0.001702733306823457,-0.009311938135924295,-0.0027440545100542993
-0.03305617088372529,-0.00037051313453714374,0.008447601883860947,-0.00832635238510645
0.02044104819617111,0.011118829518009767,0.002123756557952123,0.011227866862832909
0.00643593563092468,0.004655902981402216,0.0008249559877382441,0.003972260894423514
-0.007423902285327012,0.0020300413958297503,0.0002137530740697227,-0.0017267008784399077
0.058999615952886796,-0.0008956735429470824,0.003003345617611029,0.02036907564008757
-0.0483471877893891,0.012022163976424693,-0.012652895074560563,-0.01632595663653536
-0.015978631600858523,-0.00015959916568578873,-0.008733184400156533,-0.008290463431761892
0.053061162477013486,-0.01476650625104864,0.009635781490082077,0.01597679659520307
0.08305094488152061,0.002433501590078645,0.019871949513523314,0.03511876354290886
0.0187517812589791,0.0060392265852525625,0.0015521474793885178,0.008781042993488286
0.03849841930697645,0.01345229549969756,0.016295932648374575,0.022748859736133713
0.06284081369763067,-0.0021085052936938953,0.010669789985839707,0.023800675662559362
0.04948115917977906,0.006671312261273767,0.01574877445336184,0.023967057997722925
-0.014617553730932202,0.0023252408828431654,0.01012822530003794,-0.0007213617946545161
-0.03511482691023051,-0.0003051658735331995,-0.00908281893876166,-0.014834255739904548
0.01703859014527253,-0.0008855818147374628,-0.0003615952798207958,0.00526379908643374
-0.027015524252026805,0.01682268201037113,-0.007030668080005999,-0.00574116436605045
-0.0023704915931779427,0.0063689862742251505,-0.0023979939752732543,0.0005334997017577492
0.06071871265571641,0.0022324666164296805,0.004563616502923722,0.022504909420091347
-0.017630985564573137,-0.00012469578284069946,-0.00174702035662936,-0.006500894067113831
-0.03550255326654854,0.009427566631048984,0.006108277858424023,-0.0066555629367889176
0.05769090475243189,0.012503878193586766,-0.0011789177951539798,0.023005265378333174
-0.02190339259704414,0.0005934383558996605,-0.0007797960709494142,-0.007363242740781194
0.03946745006431307,0.006233296392435589,-0.0009918569505342097,0.014902948265774981
-0.010004891203119702,0.005308569002662805,0.012547510986952106,0.0026170603117688074
0.056598509783060365,0.004648192500628223,0.019181277584580138,0.02680929981342962
0.016833043298731466,0.011710138883692755,0.007592500060480144,0.01204521536907404
0.01892421190150523,0.011116212719962174,-0.0031210763549830533,0.008973107115712028
-0.08547960517728716,0.005440051735508235,-0.018313145671131875,-0.032784200253403895
-0.044314842644377905,-0.0038256238219154548,-0.009871845421555303,-0.019337417958512258
0.034067029655326965,-0.0035708447781737126,-0.000787825184290869,0.009902776661500896
0.06680446689451695,-0.011691878202283026,-0.003310429139150007,0.01726736925030812
-0.04396879494887846,-0.008899087824354984,-0.013627734221089795,-0.02216518349956875
-0.029504306699129772,0.010231443437536398,-0.012636898573678815,-0.010636576641836785
0.017569041826449038,-0.001104000434006555,-0.002624507091006045,0.004613506820300712
0.013857320305152692,-0.009060133032573607,-0.0012059408022063877,0.0011970809597087425
0.03097938898058979,-0.005061257731772982,0.0020614024000453874,0.009326501889776182
0.08511217412751126,-0.0017511780728794385,0.008168051335833074,0.030509651953805835
0.0034859009559728175,-0.005158329542165233,-0.0066835496777947565,-0.002785323302669636
-0.008348313697878848,0.01268093451166879,0.007931579883013616,0.00408806281086762
-0.05992457157490138,0.009436451162210962,-0.005851417283987732,-0.018779827119046816
0.026948058639755804,0.0030062197044538677,-0.005374565798280016,0.008193229322072369
-0.010044815156842891,-0.008300189828458137,0.001070314306295317,-0.005758224468105011
0.060747541886418295,-0.008681936791189697,0.00851282841882608,0.020192790978540386
-0.023365600502633397,-0.0037979842050322164,-0.0006111380171467558,-0.009258231650029881
-0.02869752505795641,-0.014112288067027594,-0.014240900686815485,-0.01901688558702856
-0.03145272030055857,0.0008133074963155219,-0.002220470477683058,-0.010953283474014273
0.05349182760272163,0.007101109942447343,-0.0017007100361345973,0.01963072287226895
0.018150855336909428,0.011642799117530769,0.002252682539776245,0.010682101649293148
0.01733147888342657,0.004468894021617993,-0.009876166153486065,0.003974731609117249
0.05075387713252836,0.000984137963248772,-0.0025238976519173957,0.016404689409914096
-0.03151268051372848,-0.0037719294750333684,0.002022772513136129,-0.011087268071262747
-0.04213050245802357,0.00359130910321276,-0.005435434660500459,-0.01465819468022775
-0.024471891388951943,-0.003929525074199174,-0.004019217979752784,-0.010806867340756485
-0.0417259630797955,0.0011831328701378393,-0.0013993244241132705,-0.013980704230538767
0.0022914717962927147,0.008436175426041167,0.004345622334012753,0.005024418161025693
-0.04159669395309143,-0.004418240125942346,-0.0034837189464567157,-0.01649953450894582
0.008503683461195777,-0.003951694928155457,0.0055581095608946505,0.0033700293279456256
-0.016579522170867007,0.0021291155693892875,0.0028479902453278708,-0.003867468251244497
-0.01263369569113278,0.008410357679423159,0.004155541196971327,-2.259891564716004e-05
0.0733545658113161,-0.0032373358630930055,0.00906646590744155,0.02639453889065626
-0.02107982028544878,0.002586328738935393,0.0026153648681823366,-0.005292703600068123
-0.0420085912479354,-0.01254088457132548,-0.007009492296934027,-0.020519635519075596
8.497637997285923e-05,-0.004956968825280248,-0.013508022047128395,-0.006126665370807097
0.014088074298840599,-0.012963370839808103,0.004376529865389569,0.0018337426077295797
-0.00918350406126254,0.013330935484692438,0.00443041370990279,0.0028592788518291847
0.02304140287015795,0.0005202447236193271,-0.0044868144074731095,0.006358271370490327
0.03517907213782088,0.01599240771217009,0.018402636711452147,0.023191348995775515
0.01645602902111851,-0.0002855733071812802,0.0013306669949132333,0.005833701735909251
0.03786140710520358,0.015009864797433844,0.0002131598050318373,0.01769479287441252
0.02736634662188945,0.0002994301232764878,-0.004194200534382799,0.007823850913068977
-0.05299101259820387,-0.011730949969306962,-0.0006155953403041924,-0.021779164190085708
0.008099601181908982,-0.0115335908358484,-0.005096889999552465,-0.00284362370753741
0.004225291361126664,-0.0025702449249765972,0.005421850053042056,0.002358963137431878
-0.017169691268951553,0.00557790614062006,-0.002836794813094694,-0.004809521837615415
-0.01678334060625755,-0.0049364095842282275,-0.0055867646462382445,-0.009102162510069728
0.05446610902869519,0.002229831828454459,0.00964275919002124,0.022112877902823614
-0.055381019435201344,0.01042325543981393,-0.002515837334748553,-0.01582451795217821
0.01668204673520299,-0.010424591692732642,-0.002681920858080601,0.0011918435362851879
0.033247713020110696,-0.002201356184195506,-0.0016036922466391322,0.009814211715537155
0.041925349861511294,0.0048341592613251085,0.018812153185213606,0.021857198912129235
-0.008843810740274684,9.079648139972702e-05,-0.0020771032642666683,-0.003610035564341367
-0.006018764964044656,-0.0027209137214847232,0.001430664574248578,-0.0024363356007555633
0.00010742395538049189,-0.006873344819243941,-0.0019088449380163562,-0.0028915857090380014
0.03568036618695865,0.011976239396505845,-0.008910693858571546,0.012915290992993739
-0.06143381278706595,-0.006276093278137756,-0.012341687230448895,-0.026683837748019766
0.011606564550693746,0.002320727214112823,0.014478791416969191,0.009468684925230859
0.04951251925842528,0.0012612790293653764,0.003067503927870952,0.017947082791453132
-0.022619752355788236,0.005463889844192366,-0.01310868656924685,-0.010088172938764546
0.011091548546772693,0.008992488437247415,0.005106275929104282,0.008396762574270493
-0.043446315011440806,0.016348129894589964,-0.0026055752298858375,-0.009901243547658777
0.02084015725383234,0.00249243016013847,0.008625805020175265,0.010652786825251212
0.009519029644367733,-0.0010532150497420197,-0.0044147922903553394,0.0013503394177493565
-0.003333415773659801,-0.004216221326070769,-0.007234832387738477,-0.004928151567666519
-0.022288897134719515,-0.003190506262800535,0.006346001459476738,-0.006377794268213791
0.010152612264167325,-0.0022705258175529644,-0.0001012392592634507,0.0025936131355012407
0.006440371029597094,-0.002837515752080589,0.004125259698596308,0.0025760357493326124
0.04535830908894043,-0.005534164642611333,-0.013852371423656258,0.008657249016966606
0.025391133014301518,0.0010211142717048436,0.00571067217099052,0.010707629111359142
-0.048224859403534416,0.01646720605565222,-0.0004907793327287254,-0.01074946681072608
0.07220065651474196,0.0015956056782808936,0.007649967820063405,0.02714871618895208
-0.04846583964330506,-0.004485894454100679,0.004253036940068584,-0.016232882819546664
-0.015054048043817818,0.0075852143003706275,-0.009037946864972786,-0.005502254700546456
-0.006707196544116887,0.0097654266245798,0.014123586768714001,0.005727266555786688
0.009440270555880991,-0.008087905469048345,-0.005854243662458063,-0.0015006246912489466
-0.005150861704275244,-0.0012106629106413101,-0.0006795985561192555,-0.0023470387099708795
0.018028224712138993,0.00016417742584151748,-0.005869042485777366,0.00410778244294783
0.0428524351505054,-0.010736105195952056,0.00495849962247929,0.01235826416740102
0.002182113558942378,-0.01285311416035741,-0.006350291836290014,-0.005673758472137536
-0.03886499716765482,0.000715710772144297,-0.009939668304657711,-0.016029635537071176
-0.05589356979887748,-0.009070002274589005,-0.007312494123577531,-0.024091997973659275
-0.020649113763161843,0.0013124699215554128,0.006369988678790364,-0.004322214065386967
0.07997017603983067,0.008932701521000364,0.01656286206354486,0.03515521138621209
0.012200289772311997,0.002682409448603329,-0.008688436971830346,0.0020647520182742432
-0.05576221446287272,-0.010563642131500135,-0.008502166748237864,-0.024942649504862455
0.016155224679792815,-0.012928310732570458,0.012651872479526224,0.005292923515987385
-0.026051458805768073,-0.016239255802249834,-0.014620461404523456,-0.01897037303378845
0.029235761229952147,0.010392632420228438,0.009660737979393019,0.016429694113480657
-0.002666322075197952,-0.0002920452244320552,0.006713578643513456,0.0012517358628907015
-0.03690097820001087,0.014171507973823407,-0.0013713083292439775,-0.008033584818217627
-0.022984530367410883,0.00604895470640581,-0.005159751790369593,-0.007365101785349071
-0.029998586863873845,0.011572621724013665,0.0004723498815528257,-0.0059845324348973645
-0.007803023801842885,0.0032362816735600716,0.007497880938609314,0.0009770452930625635
0.022556626134378623,-0.010477205878385725,-0.003075668162160724,0.0030012476966933604
-0.017683576635475443,-0.00461166108204353,-0.0074129020565297556,-0.009902703355302984
0.07006238606854187,-0.0007509022875087408,0.005037945663607692,0.024783118365070456
-0.014475163623188098,0.0032617465073404525,-0.002703030496880171,-0.0046388112320934006
-0.06258328318761928,0.009534543440819433,0.006087754189536243,-0.01565364619875935
0.022027968544923816,0.004897153568181498,0.0010512980222491457,0.009325464052978108
0.0291126665870488,-0.007114295163174686,0.010821290131142266,0.010939876245118274
-0.011305353790281681,0.0019860994795318668,-0.007473581165123493,-0.005597606227679277
-0.012145401971832623,-0.01714260139457972,-0.00973024636040556,-0.01300607023618939
0.015568557909313043,0.007093813659426598,7.962414383175004e-05,0.00758065765685856
0.09287995887031049,0.0018949395583802045,1.4161901455219013e-06,0.03159207328084053
0.05639002060970705,-0.0014572866730400628,-0.0053837941088473295,0.016516296759626608
0.015684523771931122,-0.007803879653053016,-0.012870757697994038,-0.0016633695296674506
0.05268867261716477,-0.0032616928846260318,0.011744647087527147,0.02039052188281302
0.054349488751337965,-0.0029113400208178783,0.007384414567658636,0.019607501491871807
0.07009802020614714,-0.006588597597544535,0.009370587726478781,0.024293312485023682
0.013614716844173088,-0.012687517102139036,0.005752435172464189,0.002226542744954442
0.0003150162082021439,0.007004102128060689,-0.00479103807120039,0.000842692578994059
0.005055930458701875,-0.003277776325230373,-0.003077113355367605,-0.0004329859743122936
0.0750891391285747,-0.008671110681043627,0.003358982555846639,0.023258980408788904
0.015462779159009673,-0.010278659075440068,0.009894725620497369,0.005026276875073756
0.09497779756008108,0.0032218670555663733,-0.004071565242062479,0.031376001748495204
-0.012938203526808453,-0.0025083914269223204,0.003861394063482567,-0.0038617297683491056
0.018943443446601513,0.01828347827720384,0.00475349531425059,0.0139934583525463
-0.008763283855576426,-0.0052438205665371685,-0.011498361690223662,-0.008501813535623714
-0.03026879830223834,0.004353106507714672,0.003140407703340852,-0.007591753771966242
0.01964624473844283,-0.0027490346770924134,0.00783359516471022,0.00824359349841847
0.04277794921210271,0.007089901274625875,0.007189084396214435,0.019018959275336044
-0.075598739856807,0.0005646716321158755,0.012513760879649671,-0.0208400816082447
-0.061377443362205845,0.000529296921762794,-0.0055165715151213705,-0.022121550530282155
0.026425028979282856,0.005581946933376498,-0.007226781211742729,0.00826005664024064
0.006855853694932098,-0.010391620934299147,-0.007924180866578265,-0.0038199788819990696
0.010294598751173752,0.014422814281947798,0.00945115539701313,0.011389511420522082
-0.005001591758238836,0.00048556764428757924,-0.0014285818741327852,-0.0019815333478260177
0.013160054823364454,-0.003248832383473796,-0.00018512694219751128,0.0032420285905325496
-0.007147256055102214,-0.004367747201977017,0.007464820007822488,-0.0013500597330244977
-0.019050182599968157,-0.00553725498866602,0.0094934553813185,-0.005031322371111156
-0.009835267589929222,-0.012394344307878894,0.00015028984547551757,-0.0073597666576701816
0.06361608702114722,-0.00914955562440535,0.0020352544795445345,0.018833909791500177
0.005399164189091981,-0.0007523783688937635,-0.0022870895281601206,0.0007865646441139349
-0.00473359235929802,0.002190644031214582,0.011264423120901665,0.0029071553571144776
0.007342458890623221,0.006483501887541949,-0.004167578787196015,0.003219457444195721
-0.005346161718437737,-0.002159248304510394,0.0024576872479442147,-0.0016825725757603801
0.03569836065108325,0.013607512811537494,0.012733695109750438,0.020679835510934202
-0.04578863222094992,0.003951354730375984,0.011952971478915378,-0.009961425375784183
-0.005584818563069497,0.0015459943005192928,-0.0025304825094198367,-0.00218976673422109
0.049055176358910796,-0.004460819717569787,-0.004471876966875428,0.013374146517328635
0.029956350883035252,-0.0021247683172716542,-0.013717436327155216,0.0047047107081540475
0.05263643995656454,0.0014283041872549087,0.006566027745951804,0.020210237086333124
-0.013488864121372138,-0.0038082538360117084,0.018648812138469043,0.0004505642764636721
0.011057496148900755,0.004955150604337901,-0.0034741373995911535,0.004179498938379383
-0.0008127448034119613,-0.007817730335949945,0.007219388784216166,-0.00047036164801979503
0.05135493134295404,0.0029370125551829366,0.008286695376444426,0.020859525565314042
-0.015800907705201008,-0.0013068799107108261,0.003378559530392432,-0.004576404785430439
0.029914644794261425,-0.014473374113537331,0.004924764056925421,0.006788671457204925
0.0469484043731772,0.013797218235663123,-1.7217020107706225e-05,0.020242781620109007
-0.01895644719265998,0.011911102515537205,0.0010353364719007862,-0.0020033340650712607
-0.011425976171758794,0.00017465442195961427,0.0019056485217978712,-0.00311522129410936
0.038485775370361366,-0.0018213964855659996,-0.0028270893254397286,0.011279085240688692
0.01401396238440287,-0.0013155215283621488,0.001649818805292543,0.004782748437691201
0.002449417640287583,0.007856139699624894,0.001093852158491495,0.003799799366331491
0.0029404413999005964,0.013625435586186998,0.0019482219046873706,0.006171360125558691
-0.01019753629385308,0.00820005920039049,0.012209592808511941,0.0034040351676445446
-0.038825862545675424,0.0066153713129431906,0.01149479601309573,-0.006905224834647094
0.008494230229509568,-0.0014419330549242252,-0.003578753164987207,0.0011578468453513752
-0.02591030492263425,-0.001447702081492972,-0.008249232031168268,-0.01186906780935215
0.040418771059626005,0.01367830827234017,0.009513627645509797,0.021203547788922996
-0.014748492774074612,-0.005051962224282839,-0.0032809922865649874,-0.007693808067825051
0.0400912583680088,0.004506152090989866,0.013879829540159264,0.01949239384063931
0.019661855099413712,0.0027252186649278118,-0.006026268543361782,0.00545359628672484
-0.008121076469044192,0.0015474169864674084,0.008980555273992216,0.0008022977948398802
-0.021779489609680194,0.0045652501184037025,-0.00021243384131501499,-0.005808885301972724
0.021006337718250702,0.01553073308967083,0.0005701628862777568,0.01236906552898853
-0.002894647280969834,-0.0026442600553246193,0.0004900891794953849,-0.0016829377026603039
0.013607648527622768,-0.007158055708976022,-0.0008623424577743513,0.001862414924540678
-0.018444461871293817,0.02548694841691659,-0.022904095938219304,-0.00528719784366238
-0.006308523772371132,0.013142594887981375,0.0032234479422633975,0.0033525030001181942
0.013772739210908339,-0.013617832530051508,-0.0005316440766207616,-0.00012557900634217848
-0.0017083401906231636,-0.007554416698662816,0.0005172123388062324,-0.0029151786016450654
0.019227875914514223,-0.0051186040018691035,-0.009238820785078296,0.0016234820857052319
-0.007822446726722412,0.013060855882907414,0.00646385577983199,0.003900751077917352
-0.001366698790365079,-0.009655939045824628,-0.015858753766262244,-0.008960454907020115
0.023125922744587735,-0.006665793568425165,0.0020975399223807567,0.006185883513624743
-0.0025800618873340763,0.010233882560475707,-0.0006840335850906273,0.002323260039421305
-0.03705995460120341,-0.000956551498309492,0.0008591701371006294,-0.01238576626835877
0.006224306446742793,0.008426579343575191,0.0114984585975244,0.008716439412832665
-0.011362360406314592,-0.01673577391686312,-0.014659516125491278,-0.01425253589700618
-0.023862114645334498,0.01072911541052821,0.0042414360231756475,-0.002963851440022476
-0.029036993991294797,0.018026184880895486,0.003706496300841537,-0.002434768501748321
0.021187933584576248,0.006163701716444738,0.007142653275223813,0.011498084693985406
-0.03299730465885276,0.00029660739309088043,0.00020050195036873603,-0.010833387605065943
0.00021012683941442007,0.003437268449707656,-0.007062100581115758,-0.0011382339590961298
-0.0324871812778078,-0.003841576308290653,0.00022593484341055766,-0.012034262213288384
0.029419513584765595,0.005784576079289375,0.002971210770000541,0.012725087419585026
0.05260135466973355,0.018017100349601786,0.0054981542233694565,0.025372177708698516
-0.013337045944882105,0.008472064280649701,-0.005452505301674846,-0.0034391588828067616
0.02976292034153284,0.006225444578764263,0.0017202817123698768,0.012569536308006782
-0.06663989100990761,-0.012904705185194468,-0.00013772872057177038,-0.02656074841111631
-0.03432560312770178,0.011380110121086905,-0.007301048454537794,-0.010082170404870403
0.04012479945747024,-0.008262116681914554,-0.00458354600007046,0.009093036498782814
0.04386310533814879,0.006102328191637787,0.0034677370144838623,0.017811039037033297
-0.004778816955183904,0.0004915390484108307,-0.006350773081952253,-0.003546013450224779
-0.018986067070534143,0.005943799808952789,0.0002307311867616069,-0.004270507754427891
-0.018844712843622477,0.007049865160661745,-0.002686694005385445,-0.004827175735601497
-0.015943767512703756,0.00848966730808037,-0.00048431583906727543,-0.002646136035091539
-0.013878901231165666,-0.01889491074922734,-0.002521544978221756,-0.011765107221085933
-0.011157604650434144,-0.001431167807736417,-0.009433278025869673,-0.007340676153996583
-0.0004565273070244614,3.4887928601233173e-07,0.0030181584449334537,0.0008539924850716624
-2.506294135292894e-05,-0.0018278996622975168,-0.00274715138789232,-0.0015333697971429247
0.001118997536445006,0.011945907512431164,0.002365641888603037,0.005143510502310756
-0.041439930223153704,-0.0032012739883381675,-0.0034424461594316897,-0.016027867429091062
-0.05809690534549481,0.01352413031636484,-0.007047077105728505,-0.01720660017166878
-0.05189071718407795,-0.0005791322649636696,-0.00489892194393424,-0.019122904674734823
0.04223701760739518,-0.003488829304617918,0.006134321876084181,0.01496082176545042
0.0389588166149306,0.0037400764479574773,0.001508525445241743,0.014735791433570438
-0.005902147383551678,0.00671821114531838,0.012692676331196478,0.004502908861407695
-0.026286539609879898,0.0035453379443432104,-0.0015914591046199745,-0.008110878812498631
0.007692686675102055,0.008612023628226068,0.0005328083619556773,0.005612500609255044
0.012517326687832623,-0.015298420306719962,0.0031831552595547345,0.00013402041286858477
-0.02617155425158055,-0.0003536637550397673,-0.010308042971011032,-0.01227774138145679
0.005770345691142294,-0.00423681186793905,-0.01093411525755264,-0.003133524011255987
-0.01657031824532024,-0.0224534493909801,-0.00032004372480558957,-0.013114590672431524
-0.042664764475586266,-0.004962116031508894,0.0038164369172025104,-0.014603466593149688
0.02676284360776547,-0.0071713864586456615,0.004709527339847055,0.008100320062660791
-0.005113613752479167,-0.009364470689653055,-0.007690977531515443,-0.007389679934861897
0.009984987583111251,0.002749303375828929,-0.006237192651894133,0.0021656972699825795
-0.005146919297453751,0.01239306517828525,0.013188839290685253,0.0068116549121771935
0.002052163434678914,0.007282477785775342,-0.0034631929794847736,0.0019571474565070806
0.011111926211263078,-0.006402592980766074,0.0031763342054767613,0.002628553183435443
0.025612994228283,0.0068044034953388165,0.009845449955927326,0.014087601805567155
0.026801796427248347,0.0004981896620151281,0.0032717999074741034,0.010190585141650527
-0.00572656613217741,-0.003581431204904726,-0.011431900200510436,-0.006913292265898345
0.06428171552154723,0.00249299723201964,0.019855598940088644,0.02887674168778127
-0.06111678774688429,-0.016198341875927662,-0.010858220499685753,-0.029391087316382528
0.06033757478089845,0.023854134236577163,0.008029800764264362,0.03074047252007673
0.010071145301429493,-0.012494334630253096,0.003437489729812748,0.0003380997955629146
-0.003914742635080919,0.010598617812121144,-0.0036185605017896335,0.001021770536645305
-0.004640429192223676,-0.006501393465407571,0.0009175348293750232,-0.0034080925346561316
0.03705124887411555,-0.005053273521988098,0.0042791587247711675,0.01209236593325485
0.037449992421561155,0.006519035826109806,0.010718599044511959,0.018229190868185207
0.011541297799858366,-0.013958178058389427,2.2484254232134067e-05,-0.0007981312033009742
0.019163646924162912,0.0010453692485002475,0.002520143060824308,0.007576378834776078
0.026303279163751067,0.007274998199214507,0.010421647075727285,0.014666626812922808
-0.024309839662441622,-0.009180352908586212,0.007794926931956853,-0.008565079981268446
0.022135812514722304,-0.010729801237270959,-0.009456378634129844,0.0006498768978962859
0.03561779524805121,0.0177610679752047,0.005616203930126273,0.019665002719438343
0.019883837615221514,-0.003982797753802862,0.0021563915267605515,0.006019137776915938
0.0420477012867595,0.006073281835063047,0.00227283902060494,0.01679792391620178
0.06082903130881722,0.012651785479512677,0.002636721258516827,0.02537248730976956
-0.043179232594238365,-0.003947449070958635,0.0016917743012016123,-0.015144953976362674
0.051945878891455514,-0.011572535024831397,0.009839968904527128,0.01673775418594616
0.06760674138370136,0.007173969261126113,0.011248958254809701,0.028676527623322758
-0.017603235637887144,0.006707155921845213,-0.0006067597512218899,-0.0038342759881414513
0.022314101646181857,-0.002861642125800127,0.01042092616729291,0.00995778527142965
0.029200073559022138,-0.005100180001171028,-0.005972238507367134,0.006042545640942976
0.030859401209186423,-0.007952629130533635,0.006831177530637838,0.009912639957113672
-0.02452805972221517,0.012376473568628938,-0.00022250935291944114,-0.004124694377470055
-0.022724806113783674,0.0024294137046160518,-0.008712126563671764,-0.00966916332177347
-0.012503766333798093,0.001667263716698347,0.014797263001633086,0.0013202521412576517
-0.04689420916255649,-0.009397863805414684,0.005086796420195707,-0.017068408447499638
0.0010514630354934227,-0.009767634944625701,0.008824141801590867,3.598992816289854e-05
-0.0038888165139753087,0.007126839079028773,-0.010913407935216703,-0.0025584592315926226
0.0060978454884387905,-0.00873355885825627,0.005218658980096897,0.000860981009111269
-0.012283548303347172,0.010050577271406754,-0.01254044802987082,-0.004924468096130725
0.019470060718632682,0.004547937604800506,0.000799014834357899,0.008272329446925977
-0.015735495854756237,-0.017102182252744645,-0.00586205849352271,-0.012899899300428995
0.010284441505732848,0.002768252147161912,0.0031092135448370995,0.005387297011941554
0.030118245370501777,-0.0007805237122643914,0.005641822315748115,0.011659836331480508
-0.003328977725134885,-0.004530697921910818,0.0020671524854773277,-0.0019308391230150712
0.061392565514827774,-0.0014019052175154602,-0.0017375864601228913,0.01941767186137186
0.03822914957692571,0.009939158669703609,0.009976019606636391,0.019381423236312617
0.009670706472145189,0.013970314886198064,0.01008493085117776,0.011241972827856267
0.05001280111705285,0.000151529314240608,0.0054893114450774265,0.018551195407576337
-0.023830560608068808,-0.0116925409323077,-0.016370269940001292,-0.017297773195668772
0.0048242569594121616,0.0019561897973102444,0.004972803236309876,0.00391774607992743
-0.003514258674692484,0.0046647327312115796,-0.0015967834154645907,-0.00014876963754537862
0.039841181009176066,-0.007941922341580084,0.003646794150530519,0.01184867242402456
-0.02613481356773577,0.004250250260925537,-0.004877949137432424,-0.008920828560576738
0.038967726672070976,0.0013206138583132495,-0.005077307764866196,0.011736999184828421
-0.05713439070976362,0.009481046602855083,0.002683237252021891,-0.01499002062825993
-0.04709635091971995,-0.006262227650697658,-0.0033362139233489353,-0.018898245266324682
0.03383322240668451,0.011306143249946499,0.012932504751856437,0.019357270778872344
-0.04503592269337524,0.006089782086096481,-0.009246185396733893,-0.01606409260389555
0.08263326133819529,0.011529269065653769,0.008861493693158154,0.03434130702432771
-0.04816334810983713,-0.007261685252875618,-0.002727040580811259,-0.019384005263816687
0.015519952615728985,0.0023272692415040623,0.013614752505717927,0.010487314300325536
-0.0037295776187054835,0.020203853569025793,0.002277046077775822,0.006250434425591367
0.030734156202656286,0.004631644119977658,0.008593203858175646,0.014652986740601802
0.006314607813285869,-0.0020050868737924374,0.010699746725407036,0.005003084218544267
0.027131844275780595,-0.01281431602548855,-0.008069734455741641,0.0020825958489188697
0.0003691247710487563,0.0026869909032226397,0.0024649477156117212,0.001840352622939909
-0.010432241034948064,-0.0014203567312955911,-0.006799615314232529,-0.006217398142754368
0.04115078561610954,-0.018373945410865438,-0.007762435555315854,0.005004796545174532
-0.01981400686080431,0.014509343305430784,0.002362281550792687,-0.0009807930207329442
0.0089517343486867,0.003925317672379444,-0.01953744127166584,-0.002220127530070148
-0.0026058750093058652,0.009493408367507342,0.006431592767158144,0.004439704268744499
0.03672200885061624,0.009621447447806054,0.004054014214458567,0.016799140038470113
0.03781162709233573,0.008812569214962944,-0.0036085018982598056,0.014338550464448152
0.06382108507103357,-0.002954228659199412,-0.007213629249382942,0.01788439116974135
0.009834636423759287,-0.003949968878485124,-0.005382915777018648,0.0001672504221679158
0.02977673286829532,-0.003438768030518399,0.010023030996184071,0.01212031982432172
0.041981423729933506,0.007558736517304573,-0.008173353537903136,0.013788921780842744
0.01655599736401695,0.002994593976112493,-0.00433096096917027,0.0050732050504429345
0.017559425287061576,0.012897923441416003,0.006930758900750485,0.012462690080373479
-0.030974877896693082,0.010743443053452997,-0.00248855694427996,-0.007573323022509419
-0.011632998104811831,-0.0061611903776240705,-0.014609927505966607,-0.010801361194762174
0.009077692628295199,-0.0013019071832804938,-0.00030389280584361433,0.002490628389092817
0.08320652058436893,-0.005371433062260644,0.015815278368022295,0.031216757413254897
-0.0005872222209055366,0.010725228351174853,0.00024767626082872814,0.0034618906684718846
-0.053730097111504074,-0.010310945855358833,-0.0014935329277586027,-0.021844836786681872
-0.008316352919518112,0.006538927864858026,0.0007462285508831069,-0.0003437318241934915
0.005560291543209198,-0.007883355573573772,0.010051044406852163,0.0025759908828357375
-0.03351678383572619,0.011211059996290558,0.004368228359690744,-0.005979159180749803
-0.01986153268161718,-0.0035814932464454563,-0.007177501558007199,-0.010206832288514116
-0.09103133678881986,0.011839167719373923,-0.009474057755043048,-0.029555379386087387
-0.0027956670192437563,-0.015358480638255519,-0.012175659830187254,-0.010109925719293013
0.012546198680170834,-0.008205315574128434,-0.0019733704218447275,0.0007891701055616631
0.01441370301474591,-0.004546163227734699,0.0018440778523366327,0.0039038686425767345
-0.029468318816041065,-0.012032535813321525,-0.0033386727045834606,-0.014946494164806238
-0.006120725189150118,-0.0026741733655992576,0.0030326744527472095,-0.0019207394465926878
0.0011346816587515158,-0.0024923007864530835,0.00925841998584124,0.0026335976524462716
-0.046344106468498486,0.012171800497743737,0.0022120371608471334,-0.010653412283212933
0.02542210860648411,0.002897261701921708,0.006329265188041057,0.011549533615937127
-0.017459876458698648,0.006079916839196068,-0.013817606405345196,-0.008399180275760584
0.03628163171355628,0.001104176875451137,-0.01905824078446689,0.006109183158990906
-0.03533996123951395,-0.008257131955534937,0.005854510281622389,-0.012580848390281195
0.008740732012413287,0.01730801452463598,0.010881492118206154,0.012310067241672254
-0.037123649477867685,-0.00657709600372383,-0.009614879424835288,-0.017771857196933964
0.0007410069179563466,0.0073090370299903435,-0.0034114901980939936,0.0015461830370996485
-0.027655612963730446,0.012399889187283304,-0.0038610259437281695,-0.006372243534475197
0.03844223510467524,0.013988342803552498,0.009172381721973603,0.0205342993424139
-0.033602020086669,0.005193569763665191,-0.011841368787539717,-0.013416592953574806
-0.022707748081404168,-0.01272054851205636,-0.010880129931643723,-0.015436126738892574
0.018467953416839666,-0.007535850606217436,0.011881644009990856,0.007604574668955421
0.019388936676641103,0.010852206314498647,0.010761052920102878,0.013667384969682238
-0.02218955031634212,0.0013986375673749193,-0.004897601295524178,-0.008562829451992444
-0.028184102939457816,-0.0026702336825586803,-0.008472642382814111,-0.0131089798926172
0.000935246139108485,0.010369070501933223,0.00989333073729949,0.007065875393564606
0.011745171421723806,0.004725659818045172,0.0026546498734676665,0.006375153995918511
0.0022870273449496588,-0.008521422218724083,0.002200631053391836,-0.0013445865955395895
0.008678927115205412,-0.006728549877199498,0.0017192430652929358,0.0012232055445595155
0.01725914484800393,0.0025237494658195627,0.001243074826673698,0.00700864937150935
-0.012919425544178242,0.00439886434835218,-0.001862713574260131,-0.003461088128937141
-0.05954879331065561,-0.007063129056955174,-0.011957340808269845,-0.026189728202205817
-0.0151627160679918,-0.0018492712043749501,0.0019976898562728794,-0.005004760800598818
-0.0006139792427554123,-0.010474580465613328,-0.0006842295333436407,-0.003924259156307713
0.005824610992907256,-0.008746182211507466,-0.000556519253344237,-0.0011593623312846585
-0.00031027467771907154,-0.0018446207851745139,-0.0010111107296269673,-0.0010553343421714533
0.0031974099484047207,0.0076579508493971995,-0.002581761113494785,0.00275786380356915
0.03551661333581962,0.015751846805834198,0.0013595821567179158,0.017542663223443142
0.009246207959586522,0.0006815273649973761,-0.0009245889209810632,0.003001045800152144
0.07996346636101016,-0.01349113663089811,0.00910774347610578,0.025193332542048207
-0.009699866757038872,-0.013391945820224613,-0.013008382593394683,-0.012033386356820998
-0.058224411470450564,0.00661983137000474,0.0012728066585029833,-0.016777241036723133
0.04452426045840035,0.0006832727264172536,0.006543746252501632,0.01725040922867993
0.008731085453146619,-0.005513457865003116,-0.00026376461818801997,0.0009846200053641708
0.019744559180236168,0.003857953799041313,0.009637281401923062,0.011079920380468719
0.02449567259014216,-0.009739305924466734,0.008208489691931622,0.00765494446425023
0.05709627331319715,-0.012893301165180079,0.01579800873654727,0.020000306961194484
-0.004895564063992096,-0.007358556450480081,0.005794669761941901,-0.002153148097693175
0.01301089382869535,0.0028350326080876366,-0.008319030842759425,0.0025089626890426563
-0.0010455497438521277,-0.005029897444678678,0.0026872319775859306,-0.0011294039409098882
-0.03118167006518806,0.007751133574170455,-0.0028840760195445155,-0.008771528731983204
-0.05809064898000402,-0.00023047451804276335,-0.0015735587017676376,-0.019964874101710738
0.00453097861333192,0.003492694752598175,0.015135112709701882,0.007719587638948633
0.02020565440596885,0.011952195990447211,0.002478342139259199,0.01154538596649424
0.06837369751340981,0.0105603962960138,0.0007282710681573136,0.02655409507173868
-0.01724434450680399,0.0035543543302332804,0.00788384477778527,-0.0019353798642133472
-0.04139228940161484,-0.0066379908582046895,-0.0062855381174515765,-0.018105254687150907
-0.0017687258418901306,0.01391659361883532,0.004423710834273996,0.005523854013213525
0.03050311846204587,-0.011216926429766173,0.018932101944297144,0.012739418586094288
-0.013497802756266289,0.01816878108638386,0.0034471676569419237,0.002706045956304503
-0.00017086421831481345,0.001759441485067017,-0.004812066869922575,-0.0010744954598935895
-0.004661851965714843,0.01354664016484247,-0.002442139298718998,0.0021475474859199094
-0.01816796596494502,0.007364030438520897,0.006417281820075884,-0.0014622164398981775
0.04892212879480543,-0.011100566133811019,-0.006933009755184478,0.010296174005752343
0.011076872850405779,-0.0004414166229930286,-0.0036044633889434495,0.0023436619358254873
-0.00135706317727559,-0.006859497184101641,0.005579195637366509,-0.0008791206955486658
-0.02220376628169758,0.001841348502395537,-0.0014104120216706759,-0.007257602676047639
-0.0717897678699804,-0.007063418787652593,-0.014008204699302989,-0.03095376616518154
0.00010708428823092298,0.0038165725033178495,0.0007780700261107808,0.001567240705310912
0.04227684463490718,0.0005370532891673894,0.01786522717163945,0.02022635480552964
-0.016975196018921702,0.018216606039658353,0.015997734516082843,0.005746375765891652
-0.032316429479109926,0.0009064638789001084,0.004602164778046633,-0.00893592467145412
0.03040232247211007,0.0015280957783679464,0.014978611847503707,0.01563632772965054
0.011410775694786598,0.017035571598677978,0.006956226443708344,0.011800846111533059
0.006524937046897224,-0.009487683420181766,-0.002557335204874722,-0.001840025352692562
0.017514625985769704,-0.008156602388876598,-0.0005315554630539628,0.0029421531024570033
0.028167869897738475,-0.008993847755020098,0.0003978052321873172,0.0065239359343594394
0.0038889477298952994,0.00198607670762602,-0.007224797587715617,-0.00044992393347371594
0.020609874713713207,0.0016417996828357278,0.0007455943498034161,0.007665748583027868
-0.03803139715752213,-0.00453187681178983,0.003346459985505768,-0.013072258255664068
0.0034454014940519064,-0.009360959165289581,0.00039649323867004677,-0.001839686304501065
0.003411517157076623,0.0033010273169934786,-0.0058272452508213845,0.0002950994459831647
-0.012775421358060104,0.0019050539368919207,-0.003680556225619256,-0.004850303031954597
-0.032775218441426404,0.011477397436123533,-0.000709437671352113,-0.007335745556465435
-0.029672496490201306,-0.002780719337747042,-0.002784406946058849,-0.01174586251212814
-0.003949868875919832,0.0029244770632163865,-0.010958312444559377,-0.003994564091186188
0.015771574014659888,-0.011042636283635953,-0.008010199898434545,-0.0010937529620494806
0.013535625501312267,0.005820143460318701,0.002732955470829697,0.007362900781245411
0.022456993223697763,-0.0034560726147550174,0.0021329717130045313,0.007044623729351652
-0.021940328543391705,0.00985838553685892,1.5930473688739537e-05,-0.004022000155610505
0.01129916357345606,-0.0009068587411230556,-0.005604144223063165,0.0015960519403697433
-0.025238943464919096,-0.007632744759820849,-0.011914487436225451,-0.014928710291596578
0.01795102248442597,-0.001250138388511646,0.022344574710872176,0.013015139920442564
0.018673258393305678,-0.009897252603575843,-0.012313102117136224,-0.0011790309301033537
0.03553529837348819,0.00964292485971205,-0.0006312438564557851,0.014848978276588359
0.012144184950942966,0.009123045190471182,-0.0020416839693494543,0.00640850898217284
-0.03392274409919497,-0.013255784213940443,0.001122973534867895,-0.015351836240904245
-0.013269976077331356,0.0007438242994528281,-0.004101618768422532,-0.005542584639510171
0.03497503173278846,0.0015263652270378824,-0.006326140590529826,0.010058408731346714
0.03532544907271869,-0.013242158853455251,0.013046767449461788,0.011710007512889186
-0.00868355741527655,-0.008439380872019535,-0.005199896783648029,-0.007440937582703014
0.0467849139749534,-0.004833062845295328,0.006114173468157586,0.016021992177263685
0.0005914948669816875,0.00016909719574926998,0.008319330778381739,0.0030266379203966183
0.03543889891313554,0.010808897459102618,-0.0015163619415497443,0.014910463233084661
0.00048693189338266506,0.011686602826707679,-0.0007120365979215752,0.003820495553556882
0.026815319973381505,0.007445664612102679,-0.007162818187726549,0.009032713099863745
0.0011266479051040808,-0.010369807556893394,-0.00223616935502021,-0.003826439175826839
-0.04619442200129019,-0.014083835961168434,-0.0013204290117190044,-0.020532875125163552
0.0007006466067908863,-0.001570019034135812,0.006078071068850522,0.0017362311442689848
0.015048194260745978,0.015792733279100576,0.011202807268768177,0.014014564254959973
0.03962235233122591,0.009895337465296517,0.006544955228048283,0.018687529653975226
0.005802535360021576,0.01237785474758721,0.006732984905378006,0.008304450033203925
-0.028909507078115574,0.006112368360786672,0.011226860871240352,-0.0038567554252702343
0.05510096243791253,-0.014888947171103256,-0.005028820122594493,0.011727719987006544
-0.0021131779298448733,0.01685269192696163,0.006070815393587427,0.006936769526791597
-0.0037545927407376133,0.0027039087675282416,-0.003325941273079827,-0.0014588736232213175
0.03459098090350867,-0.008183474459350193,-0.00022413503197092686,0.008727781742938713
-0.046501177515289156,0.004956692635023179,-0.004067727162743465,-0.015204055476932465
-0.023185241141653802,0.016989000359415425,-0.004466653021784152,-0.0035542943803762413
-0.03184448984899307,0.014485284178964107,-0.010816662662023593,-0.009391946718728074
-0.05777818855152076,0.010432995201688909,0.002273867407438606,-0.015023760290355768
3.402063218050115e-05,0.025288109377494688,0.007674931687950439,0.010999009566854644
-0.011309148419162297,-0.005096004245677631,0.005163860345188606,-0.0037470936927863343
0.01660943925144008,-0.0032253841295814653,-0.005300595833061824,0.0026944837351125005
0.049148474238095055,0.01684286216012484,-0.0021061118269192058,0.021295053562025372
-0.030060638503049446,0.01198729823389948,0.005271819850141928,-0.004267169205829206
0.011412531129414129,-0.0017765334952574343,0.011501232693464186,0.00704573639679685
0.0178980664750639,-0.004228971656015177,0.0002770654755314253,0.0046487154494732836
0.010035636169349193,-0.014988766835556083,-0.016141745700302714,-0.007031618423877745
-0.037794278071602405,-0.004784144699882848,-0.007511108621969027,-0.016696493767974295
-0.04993493089243331,0.016370283983589348,-0.0007449800278967261,-0.011436530875704584
0.04323839381119054,0.0011752621244672547,-0.005461919617516032,0.012983899122135148
-0.010460771251859121,0.003157338866995937,-0.002891483654113294,-0.003398301948020146
-0.008796501269462494,0.0054969967673543715,-0.006842833396534277,-0.003380775918768167
-0.08652934694190816,0.00818570955490637,-0.01971739475335229,-0.03268697802644064
0.029769035283428252,0.010071060045649732,0.012678779591673607,0.01750627413395889
-0.006633408320239511,-0.0020180006781259064,-0.003694749193371569,-0.004115381948526265
0.012349890634699066,0.004315613886445837,0.002149193163129723,0.006271559623192314
-0.023670988435377738,-0.004224246768901323,0.001473016202611702,-0.008807397526482784
-0.012456750958860476,-0.00804359807802325,-0.0009705464245317644,-0.007156957996840009
-0.007349187875358813,-0.0080099438511009,-0.008344897505950096,-0.007901335176126859
0.030526308356675837,0.01107880201234399,0.007903515110883334,0.01650285865709256
0.06371939785067322,-0.0013155811324186205,0.0029746804405352827,0.021792810593430908
-0.03351826991103708,0.005948291373048882,-0.001036201067761239,-0.009535383666523277
-0.03197052931380351,-0.0103030147804281,-0.010823371913628966,-0.01769895430364819
-0.002473957938729289,-0.002957937370843662,0.0022176425722805508,-0.0010714165076798877
0.013344080057249302,-0.005032461807846204,-0.015866490620500384,-0.0025182882720749715
0.01708164606269191,-0.0039513539131886335,0.0037198498139313263,0.0056167083710975466
-0.03969090153526427,-0.00996760946500958,-0.007983654915870553,-0.01921403609132616
-0.03937832485782239,0.0031826436913596295,0.006740435856805468,-0.009818405284803993
-0.054674493661420555,-0.011543315735482599,-0.0063238726378893415,-0.024180536497703485
0.013349153462809755,0.013199743440236203,0.00867101326318035,0.011739958315438715
0.03970165193987433,0.011568181025777636,-0.0024491687508032462,0.01627353846472817
0.018214975594324986,0.0006214796851422653,0.004002922194413495,0.00761311821150109
0.02346143705125749,-0.007340625750816732,-0.0025224961188119914,0.004532767194437862
0.02819846508522778,-0.005692855927568656,0.01592034398598682,0.012808638239230933
-0.006917816833208065,0.00749979828295971,-0.009529272683656624,-0.0029824274288712486
0.010818493123662858,-9.648936497892496e-05,-0.002056394226695991,0.0028885336221261366
0.056344609670919414,0.005599208936930196,0.017720155090763003,0.026554631344879637
-0.043688450441197776,0.005212551123388566,0.00514513294484072,-0.011110244347400705
0.04213544452829745,-0.010874302810113966,0.0009707095504159497,0.010743939678916055
-0.028385938031625434,0.012689602102023967,0.008894775288814707,-0.0022671846130753737
0.0036808809032931075,-0.008962596420571884,0.0047373750358164525,-0.00018144664570728098
0.000697246185932724,0.0037085252189844905,0.008164956088207873,0.004190238307465864
0.005386348962617695,0.010601401392877142,-0.0027206187312226356,0.004422372785713525
0.05055791907997921,0.0034562545962854023,0.013729187471240932,0.022581097801381463
-0.002909084008695616,0.0029375243485983637,0.007861559683939713,0.0026299973779474787
0.03051513370169831,0.0010903828479048713,0.0012681067575748778,0.010957863477851583
-0.022140881127027813,0.01567756800533649,-0.0019552488711841263,-0.002806184524771152
0.055841025121322455,0.0011769278760836435,0.014084740371019639,0.023700874088577455
0.019194494371731218,0.003204869614153779,0.009852487623114605,0.010750606452382664
-0.03149613797159833,-0.0012965773798598893,0.0035719461106785227,-0.009740246673336818
0.03800945856038954,-0.01573802795505653,0.01428836724774115,0.01218658709775877
-0.014147847312170066,0.019461340304951304,0.002295833732972358,0.0025364397054756234
-0.01714654750169147,0.0004019733857240241,0.009824915264999005,-0.0023065506437698635
-0.01594146555837433,0.0061085542535569215,0.002000926893572148,-0.002610658859753617
0.03253709002146337,0.004498077620118961,-0.0003724219055051775,0.012220903024443806
-0.03301256122323589,-0.014623530213798735,-0.01855656627918292,-0.02206419717451994
0.06625590996039311,0.008474627261426348,-0.0046199734890012435,0.023370164540751494
0.001638412258094005,-0.00965365348412585,0.009034968695879931,0.00033990881670687177
-0.002313974008474781,0.007356105170013252,-0.012943274951417755,-0.0026337119629118314
0.0023473552877094324,-0.0016150104882464906,0.0051536884563673675,0.0019620091232656844
0.026820056597382468,0.008910196559517384,-0.006543387722646463,0.009728945415795984
0.07780194629427899,0.01629492798227597,-0.0014313757414736407,0.03088846862319426
-0.007467042400386882,0.006224278065605761,-0.0020459911687819767,-0.001096250738269198
0.03318411517017198,0.025155331465719005,0.023994875880558292,0.027444746727375586
0.03626800497925647,0.008915225772258636,-0.005777122874362212,0.013135356157015004
-0.02760786573363688,0.000779629417282526,-0.0076251859261491205,-0.01148446259636041
0.01693726450450822,-0.013069704288872604,-0.0039549884072729285,-2.914270140304016e-05
0.009713267143632165,0.013852447520823973,-0.009120340160382896,0.004815120019566245
0.008293883050230778,-0.004825916653299859,0.008046436908945865,0.003838130597157826
0.07598045695754924,0.013799998882358834,0.005524537213931695,0.03176829924961557
0.0035382386061985328,0.002252216084124247,0.0005176187328590707,0.0021026890383694756
-0.010591432051633704,0.005577374404977205,0.009415618438787882,0.00146718546352353
-0.011434445324324097,-0.0011685124832079862,0.01224650403707419,-0.00011881780466804076
-0.045223686050233754,-0.0007104047839945005,-0.026962067027980964,-0.024298694988683783
-0.04819063195143682,-0.012747725974457518,0.008977543171397056,-0.017320254264560846
-0.03628791914738456,-0.016161983549481458,-0.000670637196842197,-0.01770682892438944
-0.03941295927482973,-0.018065547500149097,-0.006916000979638093,-0.021464814453369722
0.05403712837357034,0.0036834089260134547,0.008269226254473006,0.021996565854764415
0.0011507130292600664,0.01553400473248156,-0.006891508571526024,0.0032643997990021373
0.027122330804191446,-0.009683319728947532,0.011278517710307936,0.009572500022674355
-0.02572038237486245,-0.008918629115049669,-0.005086513006261289,-0.01324182825688297
0.05974996728544436,0.006796636296007328,0.004534011998816876,0.02369351483321766
0.019367141596581948,-0.0004911700597955516,0.00501590568972491,0.007963951111544694
-0.023483872287432102,0.007306755624007514,-0.013653341689091743,-0.009943476174019325
0.018565041291417932,-0.002461898927878676,0.01054701993567538,0.008883378549684112
0.021932751129446742,-0.003933156144906548,0.002673243580220855,0.006890939297307494
0.002728688270260286,-0.005540695292034749,-0.00677842489221174,-0.003196807441184763
0.022334627526126378,0.002985642337212229,-0.0022485399980855204,0.007690568931174407
-0.013433486979330764,0.005727317657899521,0.0035801197521106677,-0.001375348481090335
0.0069797290626634765,0.0001577821107911373,-0.0027796348534299595,0.0014526239873827779
0.014374866387963658,-0.00035479971879040907,0.0028279936444642736,0.005616014488525736
0.004782881517704528,-0.01123538018706417,-0.011430559618972002,-0.005961013468424451
0.004638152175976508,0.013184838917615363,0.008629898924555703,0.008817621188419186
0.03958351241577121,0.005030853447283436,0.0017304801933696505,0.01544826657052608
-0.005650747765528347,0.006718969519215626,-0.0022123173066242556,-0.00038136480294714094
-0.042679644103861956,-0.0015310674511251655,-0.007261235644817636,-0.01715729857595252
0.012414201893304893,-0.012489370475033344,-0.0053263132199398485,-0.0018004921333954992
0.02568189825242417,0.00858428245150541,0.0007688017062755586,0.011678315791740909
0.022590267668537615,0.015078302476993745,-0.0016555204976952892,0.01200433787826214
0.03072684549058342,-0.0026121256277663314,-0.0017212474820068,0.008797815329112637
0.01016660128944871,-0.013347775553828977,0.00657723979664588,0.0011320207120666934
0.012659916084610144,0.00859001204884788,-0.0025721295302639615,0.006225926641798486
-0.018918496364895277,0.0028390461919268624,-0.0027767321232436506,-0.006285387813343256
0.02929466419426,0.007133816026304845,0.007472084082613207,0.014633506800871249
0.046717093678774635,-0.005217718530941982,-0.002942949256010612,0.012852129111798715
0.007678812387220995,0.012253160264373748,0.0053648555184820906,0.00843226762441622
0.01341010809323418,-0.002453103842545619,0.012245488859417586,0.007734156635871012
-0.0023697458157226864,0.009176407354601563,-0.0020368834312226823,0.0015899244459593618
-0.015359358561407969,-0.011642434440947933,-0.002533785567866336,-0.00984518301154789
-0.019196201257822978,-0.00883961504143908,0.007456597014831347,-0.006859732901737143
0.06644392241992761,-0.005848143327921672,0.010287213753791876,0.023627640654268322
0.046749182619591954,0.011662215787593478,0.0007626269927635794,0.0197246554086412
0.026711569368273243,0.004807898404198106,0.005825435311812089,0.012448288579793451
-0.023734040155937355,-0.007089362881972676,-0.010400776268321298,-0.013741379360684007
0.031110927328334835,-0.011470287635056663,0.0033184840384435396,0.007653033590865993
0.000985161635864991,-0.003335710312063219,-0.0009698220742464922,-0.00110678914335799
-0.013816206671129792,0.002386937697874393,0.002660498737428114,-0.0029229204890190165
0.05232780878719476,0.00967171923953079,0.001768736295079738,0.021256066851180318
0.015369133379205962,0.01032264298864657,0.0009090997183010282,0.008866949828425823
0.05276061852759451,-0.002423967651262971,0.0021087714588160977,0.01748178996324177
0.05812497200230257,0.00843589401610605,0.009851813370732114,0.02547086765882045
0.020735530039691783,0.007310426408793183,0.003826557780126724,0.01062416078536582
-0.008580365944133552,0.01118594074591445,0.008517995491650353,0.0037078530566203188
0.029358924261075225,0.0016486156476439016,0.00256936346369925,0.011192289931838335
0.02016099837794576,0.01063507033538918,0.003320042706138483,0.011372025767787335
-0.05054166336002086,0.006414355696624159,0.013407182977150621,-0.010240031322040466
0.012335019926414037,0.0034757660162825434,-0.006285131125358785,0.0031752150972276594
0.02863478757762318,0.008408997300091493,-0.00312656126056781,0.011305729899974417
0.009216888791420049,-0.0005122834311719948,0.01577109726047571,0.008158559381673714
0.04113181390669837,0.00020092077276297193,0.005040075036919769,0.015457587781190465
0.03858108681354766,-0.0031654915266815173,-0.0015843407591099624,0.01127707356550055
0.08492483131125697,0.00021172694706580395,-0.003301680743277052,0.027278265226722737
0.03782943450674896,-0.0033289827993789015,-0.0012776952399969504,0.011074241081538878
-0.0254455140197656,-0.008740172141715396,-0.009559942646421416,-0.014581861687424534
-0.023557276542299593,0.0005652240680907039,0.017255011226385453,-0.0019123451702607293
0.02597993744877155,-0.009652891486280029,0.00527068680997011,0.007199237058242953
-0.007036254056465283,0.006525709740630531,0.0012167867611733428,0.00023541391303204848
0.07312128960372431,-0.00022845880908461318,0.007658884241739123,0.026850544828221263
-0.001693966642517759,0.029238863998523382,0.0009716284288865347,0.009505499089455458
0.027669556826493073,-0.0018888952144098135,0.0037765524497133524,0.009852394834860851
0.009685040022386885,-0.0018748235169007681,-0.007944186893065322,-4.465675120293913e-05
-0.01626616181643584,-0.004884733552048176,0.0006908026043715206,-0.0068200241013399105
0.009956259974398637,-0.016042878381699488,-0.000912084437125941,-0.002332898615241316
0.034580642939982045,-0.002540345324194407,0.007698341729948642,0.013246199869032312
0.02281372680952972,-0.009071827871421563,0.001562987616402397,0.005101623749874667
0.0795987111282375,0.0012817919208913111,0.0025118795817783237,0.02779743307950817
-0.013607335779368256,-0.008342187838402213,-0.0019027838870119035,-0.007950761217491623
-0.05083200244756256,-0.0008999508709373135,0.002052949426039399,-0.016559651404485527
-0.023005528315058903,-0.0012351462995681436,0.004873672193066142,-0.0064556610181861615
0.02306892447469799,0.008268318662711808,-0.005674058436994376,0.008554386345743573
-0.004739162010192921,-0.005388943032732822,0.007684138550095884,-0.0008146546829544554
-0.021797437203115444,0.005513248888783534,-0.008355070807933903,-0.00821307816100223
-0.010395515490080364,-0.01113958142698159,0.0017790168798707717,-0.006585353427037048
-0.03157000009008913,0.002763492762975953,-0.004225574598504405,-0.011010682964511886
0.02730769669289252,0.002029381607774389,0.0022365240921898453,0.010524523606418121
-0.003254119052256889,0.0019631933447789057,-0.00010140890181492839,-0.00046411107231943415
0.028984681409292067,-0.006844070229244485,0.0002992702929270919,0.007479953011031067
0.009322358123725704,0.010715545030206976,-0.005763458565004558,0.004758143438161178
-0.03795534065994031,-0.0009285417179762167,-0.015333768915236872,-0.0180725323585007
-0.020903062743000387,-0.008171354927370414,-0.0028572732808312467,-0.010643886339837032
-0.04759395934491585,0.001150467128505608,-0.013478966176569969,-0.01997413282350727
-0.008011742260069954,-0.00013312342490860675,-0.00496382278006831,-0.0043695584521194685
-0.016322518849033966,0.011797008663513055,0.01182882905788503,0.002434437189681748
0.0314711285133741,0.010164984503858788,0.005225377039124873,0.015620481064955902
-0.01018384631053207,0.0008628264559618093,-0.005852739158440047,-0.005057914613083765
0.019405427079209836,0.011388511596109976,0.004046180860079113,0.01161336156509313
-0.03174276728457438,-0.002479566732942073,0.004528979859614979,-0.009897774821515772
-0.04387311838432258,0.004905001752316239,-0.0019212682650897816,-0.013629781335903743
-0.0654783931099106,-0.00914888772576584,-0.020458716522678267,-0.03169530075745245
-0.009453695247035385,-0.001824474379955387,0.005868786092380637,-0.0018031260417422001
0.027469780673289052,0.010284681452970443,0.00048373635094406945,0.012746053413001696
0.022841131914437963,-0.0026466473965315496,-0.008677736457444145,0.0038389121812380696
0.0223457131292161,0.013847883662862276,0.015088055335460955,0.017093866948629067
-0.037735978579786514,0.0031369268957196945,-0.0031016701134991315,-0.01256689469894805
-0.010739007216704276,-0.01334751337016162,-0.0018606304436313906,-0.008649041694448753
0.02576787340421954,0.018036454673631973,-0.0002902483878191892,0.014504678725317546
0.0006846431137006478,0.00570178999228763,0.004180846973151823,0.003522423170620007
0.021368195441230402,0.013292413203023462,-0.002819665257003742,0.010613637182102245
-0.04749102098966578,-0.012811662236766502,0.00676817266458663,-0.017844819009111695
-0.014812966496888676,0.000404783690342578,0.010381742031779353,-0.0013421455827753233
0.004629242730712915,-0.0010468572485194758,-2.8416464224364753e-06,0.0011931800854090558
0.09937737187246536,-0.011660502251607726,0.00616438993151569,0.03129372189037125
-0.007339136811647702,0.0004985805001483984,0.0015047056378562768,-0.0017786151125974508
0.02362564373931503,-0.0005997731597607382,-0.00888713411304775,0.004712907442590026
-0.0022430864447174482,-0.003735775283517841,-0.002679638118694069,-0.0028861637294765037
-0.008604091083272104,0.01134967916478523,-0.00366738319760871,-0.00030726473143348937
-0.0031042886834628295,-0.00037622057798053423,-0.015024667427902814,-0.0061683860613898295
-0.013628056792809266,0.00536664465159599,4.91470565587292e-05,-0.0027374189574631536
0.046004249021735166,0.006601848628265617,0.01351488337354624,0.022040304967521997
0.002250600608566503,0.004232554457249635,0.0012157234878309706,0.0025662902849228515
-0.012167362615165265,-0.0032971976813312236,-0.002125073844060066,-0.005863205516974138
-0.031685322054441314,-0.0096314417242629,-0.001724109073244686,-0.014346943270358684
0.0018351238652138395,-0.005782165079578988,0.0009534880508153737,-0.000997850056665537
-0.030056946764158602,-0.005239488528923643,-0.011558366232227654,-0.015618251556836125
0.03785876463444203,0.005069310789997901,0.012528999811543835,0.018485673259636175
0.05450180922837825,-0.0022257524807300995,0.005883609667775069,0.019386536085252266
-0.03354259985357083,0.0016531713597288215,-0.01183860427676689,-0.014575996347525376
0.03419488888133089,0.013030013580584546,0.0030293517900164394,0.016751401332559205
0.00819254620900615,0.0069265452871729635,0.015398463103793504,0.010172508027472672
0.04645240348737397,-0.01271622986098933,0.00814319650412558,0.013959776083713363
-0.026112062949184826,0.004910874657205612,0.0034400217183389735,-0.005920382937491222
0.045247178368144875,-0.005743392299688041,0.0004864902123363942,0.013330078763505648
0.017205545404603284,0.017991278598540404,-0.011834815962413559,0.007787328226240696
0.03774862336572414,-0.006812204710378252,-0.003024819865425137,0.009303856959440653
0.008439928866384998,-0.009484781729344237,0.012029806384528703,0.003661647512205314
-0.03906671575171116,0.012906875276315736,-0.012841684203890256,-0.013000495225920334
-0.07200781051802552,-0.02123030639893314,-0.010310464057907023,-0.0345161591420949
0.04506292858647733,-0.006106116036058755,6.601241767901426e-05,0.013007595315090872
0.0073612289207805204,-0.0077074610639215006,0.0007394014398782965,0.0001310563011893398
0.04140014431035371,0.0027760760194939834,0.009350402454637198,0.017842189752620703
-0.013366527525228763,-0.0044427533756199195,0.0055219802309575475,-0.004095762794196821
0.016693423499037977,0.008355036598117415,-0.02269574682371872,0.0007842369735744656
0.018516203686445167,-0.004393290584745323,-0.0032028136459282494,0.003640029511890713
0.0176251835929829,0.007347978894734237,0.01235719291136435,0.01244343935624203
-0.013195540766914635,-0.002294518463216554,-0.015152865221049689,-0.010214297936085475
0.008627786151374758,0.003959742906514567,0.00017911595133373248,0.00425554408085935
0.022859702907105584,0.0019582038850794433,0.009435673327475828,0.011417848622026912
0.06597774311683548,-0.014028810764710896,0.0031853751658435926,0.018378084127886885
0.005852253608393583,-0.003185286324154662,-0.012102426164769598,-0.0031451498150239323
0.024315242275032768,-0.0012711901770105609,0.012493513740356404,0.011845843433604257
0.005405337646573617,-0.0015527694989173556,-0.004559362300950966,-0.0002355978155001838
-0.01198894260981717,-0.016646467164942596,0.0015794458997436616,-0.009018645606350743
0.006135243916726779,-0.006507670026201777,0.0030735467596110697,0.0009003726496718071
-0.012933647301565016,-0.012132340670745196,0.004076742059196897,-0.006996408307955801
0.00801536444299767,-0.003658313731188309,-0.003513244944647919,0.0002812683077852252
0.03323715056222781,0.0040087138599213465,0.0033522498160669352,0.013532691213367285
0.05882983970145407,0.002100370517849193,-0.01752705194400799,0.014467704957378999
-0.08366482368353362,-0.013827111096461583,-0.011906598182865448,-0.03646614118810923
0.003527243881922276,-0.0003499031591364356,-0.004224480708433712,-0.0003490463128359621
-0.002822665616516566,0.0019976177928647094,0.0002556264961432719,-0.0001898069193624191
-0.003053524508931593,0.011623486368628323,0.00489442648244281,0.004488124959250399
-0.00170089073197733,1.727121150686792e-05,-0.0013924690719978568,-0.0010253618387932421
-0.03366343350712274,0.002102201171021261,0.0010061673055415357,-0.010185011491831637
-0.03869507339344122,-0.00034288168338339226,-0.00031269714003010125,-0.013116870955400832
0.007236701170878407,-0.009089920707413024,-0.004563707935665524,-0.0021389736850908896
-0.03778997195635083,0.0026957482400847194,-0.007804114616433731,-0.014299431811453836
-0.018965937718178172,0.0010586627068904213,0.004693439493977036,-0.004404607434491732
0.09201564583469346,0.0042750208578244304,0.003949107386975242,0.033413224613239687
0.03786186627855299,0.007857370946722321,0.00104535215748961,0.015588180872725177
0.004231416358678613,0.011558770568347594,0.007550876463376828,0.007780346683113214
-0.04101921807924556,-0.005035810874785033,0.002605896474608671,-0.014483029676763147
-0.03224608289248354,-0.01572530785624125,0.007746974719840743,-0.013408125268156008
0.018935550569223743,0.005202084016589312,0.009864869595614877,0.011334156726307916
-0.019956993978024636,-0.011505872050222717,0.010218763753313877,-0.0070813603436104
0.0036898737715977716,-0.00037418745613632066,-0.007383575962115011,-0.001355961859587971
-0.06572070346246713,0.002478605008984229,-0.00514011802522036,-0.02279404936549559
0.014687580923109895,0.008412412249289675,-0.0014236723967537227,0.007225433033108357
0.02011205884638502,0.01485992339378753,0.0008491277497148514,0.011940358056259136
-0.059730876260460385,-0.009734742755145055,0.000662427282029193,-0.02293437431012817
-0.03307332683897987,-0.01132997520355679,-0.020086294533101113,-0.021496510695347065
0.04309758210125023,0.009866796545520654,0.0029509577134970814,0.018638426814977203
0.01287217515479108,0.004193470344352976,0.004563024882416082,0.007209549584296586
0.0029075062894285,0.012535281827025924,-0.012294697273240916,0.0010493625650408885
0.03544320539118333,0.006903221328977925,0.003181607231694685,0.015175996141273995
0.04028177791507617,0.008847449081575288,-0.0029405876709242707,0.015396197712362622
0.007390180154366587,0.012179647955587417,-0.0014369693021292229,0.006044280224988658
0.0461177589092656,0.005436750607599465,-0.0017125792310697463,0.016613960147955013
-0.025705986806716,-0.0033856126110516486,-0.0029439559693161896,-0.010678507783842817
0.029135815321931453,-0.0036563516079583234,0.0064522520790571865,0.010643894620438172
-0.000647310511825904,-0.014307570822900968,-0.001187625690133527,-0.0053808302941177905
-0.02637388046472267,-0.003028672544773613,0.003169342040356852,-0.008744394911976153
0.028877502911953422,0.0043890871660088,0.006664801842824987,0.013310450663131761
-0.00788198197053239,-0.006825267496906923,0.0063219335329147575,-0.0027951025164028734
0.04903374337748411,0.009658513520329393,0.008885072958263768,0.022525754092915806
0.02821304005238877,-0.028806053246036384,-0.004349762898342236,-0.001647590383071252
0.005947708609196712,0.0064169166868725,-0.0006851265550541054,0.0038931623538387885
0.0027119758838208166,0.0009116512999263408,-0.002736295201063974,0.00029577703178373347
0.01229847192144202,-0.01415664247104121,0.007130350306177523,0.001757391494799525
-0.005567165632216705,0.010487179552028207,0.008349062534393627,0.0044230210617095585
-0.046579009380517504,-0.014286564952036654,-0.0017689896279353581,-0.020878167108641852
-0.04286484823526218,-0.002671384471368264,0.0019093478499987273,-0.01454228040991562
0.025040122668250054,-0.004685087211503887,0.010980063992956757,0.010445022704867824
0.022088355600803952,0.00830168166270878,0.005667043123632941,0.012019014776688429
0.011270868882980095,-0.0034478344177813216,-0.003802805881895721,0.0013400748543581562
-0.05333377752135731,0.006869842664170358,0.00986297631529841,-0.012200307313643334
0.027280823527138877,0.016053239688561316,0.009994835113312818,0.017776281666704894
0.011903763903932328,0.014790939134127124,-0.006916054680863065,0.006592876192849343
0.003902475262150374,-0.009151710749092897,0.002015964762115691,-0.0010777558305187023
0.0018335333623245218,-0.0033662940481799628,-0.000908376377381081,-0.0008137115406998195
0.04917096588841593,0.014603869833500135,0.007233182805714968,0.023669315839870832
0.008701936240211613,-0.008405215505305416,0.003978560103320905,0.0014250921876487544
-0.015685050794372775,0.006171297234899019,-0.009372536030499519,-0.006295423567894562
-0.008629860458545798,0.0021243598014978665,-0.018583653580032975,-0.008363043049308889
0.030087245562046155,0.0070118074763817085,0.00584603897625793,0.01431501635653126
0.029524780042424866,0.0022833663298858693,0.0014006018630056479,0.011069571675522716
0.008541475404816196,0.008617988817347173,-0.000992619016908847,0.005388943012803105
0.03834353215243878,-0.0030878258946764325,0.006260236988150836,0.01383863390998998
0.029221678793170048,-0.010757215782969948,-0.00429743090053835,0.00472233931420988
-0.04552307395605062,0.01013138419570056,-0.01494492200377246,-0.01677885380917025
-0.009484969049695802,-0.0018714890247844645,-0.0005481996902245523,-0.003968215286682351
0.02443938044363187,0.0028998493578166673,-0.001110623691822099,0.008742859960340108
0.013533626076815256,-0.006695121670242449,0.0002796304451732522,0.0023727092445370687
-0.016268382495601322,0.0030271465291299444,-0.0021856277764255075,-0.005142282772011047
0.042055752984052015,0.013590155266584306,-0.018762360865842445,0.012294503500415497
0.022268587362672492,0.00043431178339892364,0.0065242125632265936,0.009742360827395434
0.013240677061687875,0.0036922985785577903,-0.01497842001176162,0.0006515178913094718
0.0050351126078369834,0.018230432151454604,-0.0022386717164477503,0.0070089506719902646
0.009921710696864336,-0.010992402143830638,-2.5461217343357998e-05,-0.000365383856052332
0.00314870206836055,0.0027176848388483603,-0.004114705089564654,0.0005838933553208129
0.021847429144452854,0.0011709996625393162,-0.00897093460143323,0.004682493386021578
-0.01629804270576683,0.0013112541800309454,0.006606588685995205,-0.0027933971531802796
-0.02819266829807127,0.015627899253976806,-0.000174065497903157,-0.004246273934387693
0.03075897330270622,0.019612179154980636,0.0012667732605848604,0.017212624693448666
-0.0761574098244728,-0.011699157004246423,0.006936642807282579,-0.026973281033837542
-0.02357988521280711,0.007283620950821038,-0.0013743819986200214,-0.0058902095299866114
-0.015164149331722023,-0.002040682613790712,-0.005899376089296915,-0.007701394976867205
0.053894027025800366,-0.025617854076815424,-0.0069020272315351485,0.0071247081144346905
0.014143013766699542,0.0006536847503606307,-0.000404735599453705,0.004797316175214517
0.00010705267696839958,-0.010056341618974214,-0.004282595757680455,-0.004743956822600523
0.04121359209681841,0.004321078591779051,0.0008209551545885196,0.01545185982918671
-0.04217680526483743,-0.010831763668169686,-0.005281444070557776,-0.019429984904517295
0.04427673649342587,0.012234934986464413,0.007818059320453444,0.021443222156870972
-0.007414008425586137,0.0048490585853769134,-0.0020840233089098647,-0.001549656166715313
0.02365371743395665,0.007674994104355493,-0.014503285081112151,0.005608469877257844
0.03828999576256486,0.00384303990853892,0.013969119604316406,0.018700699724421635
0.029773969743155396,-0.0007181201366606122,0.0038324539971661786,0.010962756905119119
-0.03798443818086136,-0.011066238442341307,-0.0064450556549287535,-0.018498558927466383
0.018635903805813647,0.0074055214035426845,0.0023888369063053885,0.009476744561799868
0.01756369061970013,-0.004743797306860793,0.0031571066159388154,0.005325661317259408
-0.01595364031330829,-0.015454899224457995,0.008784865060847828,-0.007541217284414659
5.7049859779155845e-05,-0.007863854131029906,-0.005306521783823136,-0.004371104313915944
-0.03488163132865577,-0.012051451889213175,0.001988746855391902,-0.01498143047271356
0.0006913760581965843,0.009968091914275603,-0.007074347784458791,0.0011950388676310693
0.005569830616453225,-0.011522648449144114,-0.005989327753947379,-0.003980711214830894
-0.02147418788570332,-0.006450063722187948,-0.005549486881139808,-0.011157901671764196
-0.03998229418310605,0.02752697583159897,-0.001658493831050717,-0.00470459935624854
0.032566398706851754,0.007608181632443946,0.007979058453410083,0.016051196879688995
-0.006029957203929164,-0.004486547721072201,0.0032295772236302983,-0.002428973471481122
0.03347457383325371,0.010876962253892515,0.00973262035469924,0.018028034119229673
0.02270768738980223,0.012086062492493796,0.014167485475836765,0.016320395465632475
-0.041102440241445645,-0.014305031085263693,-0.0058625645556635055,-0.020423324870778987
-0.015924607204942164,-0.009851822827922223,-0.009361872111190517,-0.011712755668584254
-0.03279303591641974,-0.00503716832050456,0.003954286318783626,-0.011291961347407583
-0.00209097482146246,-0.011105814408012622,-0.0019949761682262917,-0.005063916735311992
0.0525620570140605,-0.007877405446990882,-0.006913886005227996,0.01259024259702535
-0.03768369041891115,-0.002735908829890581,0.006627795184660215,-0.011263923424112482
-0.033327062155586375,-0.005313446174402057,0.0005464199275932069,-0.012698016769435608
-0.011216248619721578,0.01717128958461509,0.007090055533767866,0.004348361151188292
0.040148884029847634,0.003224873933556877,-0.005131631216660595,0.01274736283487239
0.04207698679986291,-0.014742667958516963,0.006189039735298442,0.011174441684428603
0.003764936326386275,-0.00022652304671512142,-0.0014078620329315097,0.0007101830387294657
-0.015751698390317564,0.00334083017386169,0.008751556714308667,-0.001219769280945235
0.011432635531930845,0.0044390152440956865,0.00297008881745275,0.006280573583913229
0.022962507305544978,-0.00017276039355317106,-0.0025519181238466563,0.006745936183438788
-0.010864456204815217,-0.008196446006161803,-0.00906745454370826,-0.009376109542109509
0.008066356973843,-0.001977998450096678,-0.0033127901548696786,0.0009251885311027579
-0.011810131288519194,-0.007295876235578045,0.005768731656247989,-0.004445754176857794
0.022762892602323954,0.01007315339104923,0.0030938204361353966,0.011976610166547384
0.03553450160598963,-0.00020921850475018333,-0.006839997703566849,0.0094950856374624
-0.07151498243252694,-0.012451871067484696,-0.008443540911623212,-0.030803434000413476
-0.026485781079751313,0.007248682565357999,0.021900417134403452,0.0008877719855638394
0.02329770713961519,0.007116921158753858,-0.010476829400440889,0.006645926320043087
-0.01285570575043004,0.00942455450796657,0.0039805622584349895,0.00018313682218683457
0.020917918969297535,0.012473205484538265,-0.00014104618621120306,0.01108334833918211
-0.004133006782197274,0.013381308454758663,-0.0008872333787844334,0.0027870199775695543
-0.017054842810886227,-0.023328282838323968,-0.0053932235859511235,-0.015258767819604026
0.032957736479938694,0.004552304851795861,0.004408138118727237,0.013972712510760781
0.01507154621175965,-0.007264233506109455,0.0004311118704933996,0.0027461387792396728
-0.026673385584807394,-0.0009117159401186183,0.009185419251427768,-0.00613322129127199
0.007443964504154752,0.0034009100936157697,0.019752267404533286,0.010199037135053934
0.06246387470060335,0.01025341049555815,0.0030081199661534485,0.025241776478969927
-0.07759829961800621,-0.02085145087588534,3.285276158741595e-05,-0.03280559977180213
0.015094374136563303,-0.02065799578156532,-0.003318800152495235,-0.002960804305025152
-0.028100153241207165,-0.0015741756685649809,-0.0022535361081722424,-0.010642611030026457
0.011232391193635284,0.001105570965703325,0.006460445440069743,0.006266129600333584
-0.009117989882854427,-0.003327422956670279,0.010848924921312815,-0.0005321621072413235
0.09942182818393383,-0.0029073182034292655,0.01124651122607485,0.03592030448185273
-0.03381793693310942,-0.00031608002686161595,-5.7370142266745206e-05,-0.011397117636950227
-0.027673654552220116,-0.012099761862895665,-0.008161095180145302,-0.01597815455358316
-0.0035194140488152416,-0.00827159933088672,-0.019992296239577028,-0.010594425945323123
0.025977837132221942,-0.014056470952475216,0.005645722497357062,0.005855690370005037
-0.01330044339446923,0.0063692109303248425,-0.005124096820775768,-0.00401843907653029
0.023561124047317816,-0.010325374110710966,-0.007018287532837612,0.002072485395435611
-0.0005538120511029,0.004814227979671131,0.009008237848960704,0.004422880169625052
0.021566365348478785,0.006423002717758746,-0.00944645819095628,0.006180963777457124
0.056255225461252265,0.0055376506489881,-0.004760332555581,0.01901082884070527
-0.06531681947800623,0.01849850649352464,-0.0031446199316561897,-0.016654294317734953
0.003209360221353163,0.006689900483514283,-0.005791320684377845,0.00136931197084986
0.03412737563958575,0.010738357220135853,0.004204039570181697,0.016356574453376953
-0.0602385576507827,-0.0048067264699432986,0.00453582061508181,-0.020169800998726894
-0.01125584879433808,-0.0018966045776338796,-0.023559506830978384,-0.012237307830330047
0.014141645887916965,-0.00867555878397339,-0.006524054856533779,-0.00035265556487415044
-0.05274708636326433,-0.01228326685006258,-0.011124180689320197,-0.02538481924937107
0.019540463789075146,0.011431239205630241,0.0007997157863002839,0.010590462336528963
0.04417500352906688,0.0019546727866277145,-0.00788577319083884,0.012747954960317543
-0.015103389302558098,-0.0008323898093382708,-0.014201884852252572,-0.010045877942161658
-0.046832175544404935,-0.00702589542581551,0.0010330818771551594,-0.01760831208935873
0.027800802939914892,-0.006896073584480422,0.008687642299174852,0.00986411402074589
0.007527356663550694,-0.016396374439005223,-0.004819505426041305,-0.004562836504324211
-0.03361784716553145,-0.004352190273140093,0.0015071628368210235,-0.012154279379658638
0.05804264867563448,0.0009423634252473494,-0.0015891701211779743,0.019131928194620625
0.031733812424290124,-0.01285930556431224,-0.004109398039955024,0.004921698018304679
0.036323667909016664,0.008058219667413843,-0.00484426630232559,0.013179193912161213
-0.04353537300152844,0.003961882384470993,0.0035316805763064133,-0.012013924666313664
-0.040928873055236896,0.00235725758082226,0.0031176323788288684,-0.01181798254720089
0.037504257629948974,-0.02169661811036447,0.002254227090571664,0.006020616182763186
0.009371825518142167,0.00775012830469368,0.0029765629477103805,0.006699498890676486
0.015869839818388784,-0.012431293802440718,-0.013092876889418086,-0.0032181070730463814
-0.0008831748026296286,0.0010386484124255443,-0.00016850446055022348,-4.343612574485681e-06
0.0065252107466460384,-0.0005134876659137693,0.0077088486632663576,0.004573519341142294
-0.01477494598142991,0.0045502868863292086,-0.023272735976901007,-0.011165787191535546
-0.007303873510103273,0.012841076246310253,0.009987178497810917,0.005174788569878888
-0.04461338076343978,0.00796807939162105,-0.0014373935514062795,-0.01269421894684336
0.02336885256590879,-0.009553895148244267,-0.0009001519678866604,0.004304930844990804
-0.052438287126783535,-0.005001139848211395,-0.0026555529158131096,-0.020031639931942714
0.0023562366038076743,-0.0017754948588117334,-0.014101958851239528,-0.004507067861675493
0.000329881453869192,-0.000689943524999685,0.0060719553375764915,0.001903962518184244
0.009039042186328651,0.009693312648736484,0.004657412204850903,0.007796581216716333
0.037306291283202016,0.01615219236859919,0.014596354069362955,0.022684923222108813
-0.01566071683759098,-0.007221759449788999,0.007335067251118628,-0.005182464496284105
0.024348746356377807,0.0136636444879115,0.006441828740956409,0.01481805837700871
0.014340621254060477,0.00838973960082497,0.0037935547867301383,0.008841296372566648
0.022594494250655663,0.018041585259377223,0.004961236944199287,0.015199090285638572
0.04062345834203922,0.0014490596342910445,-0.0018287022857389995,0.013414591815591858
-0.03211568666810394,-0.015744730575455772,-0.0018702533300126918,-0.01657687361430061
0.0536654567223238,-0.014897573017440612,0.010929457041814932,0.016565763683119124
0.003673728453642279,-0.009149300647325847,-0.007177914446988228,-0.004217824662395052
0.06277063442128569,0.00428632298751782,0.019845245060495075,0.028967371855698705
0.05170374366676045,0.0019294688659891963,0.004601827937259417,0.01941166074498953
0.019814836163780235,0.004738418364891943,0.004001942335038392,0.009518389436171235
0.02089872380381139,0.012746775872843362,0.008193145899576518,0.013946201245861899
-0.030567765004068385,-0.005542573981977968,-0.010017820608345532,-0.01537603782207743
0.04314435755385955,0.00010775679491395788,0.01579004233886138,0.0196806992151594
-0.0175281552325787,-0.008214860711169602,0.0035159036224411493,-0.007409030031398277
-0.01041635324647304,-0.002446378119895124,0.00425330925203346,-0.00286980450163753
0.02016444771860008,0.011334042275139209,0.01172696543193135,0.014408470733405072
-0.037503998175172894,0.006968589335360864,0.007379749071434422,-0.007718545537572612
-0.05062937685186112,0.0013709763814099833,-0.008745950993476656,-0.019334764486525442
-0.0005287009612556363,0.006895909837429311,-0.002006501379740567,0.0014535677119085371
-0.010694681789007158,0.01776906064215118,-0.005274929927114631,0.0005998157088601551
0.0026556557819444643,-3.55478588620322e-05,0.0033726021377010326,0.0019975680226911345
-0.057489811046517944,-0.00342985912039329,0.0004918418608315482,-0.020142589292750458
0.03560442848762769,-0.0036044974449986945,-0.002963659819551087,0.009678747395602228
0.0006298892355981723,-0.00115449230231031,0.008402110754187874,0.0026258332699893496
0.04490419053979944,0.021874115916796805,0.00958711690944137,0.025455115666871416
-0.012195065010443755,-0.004254989849050954,0.008076605565029598,-0.0027911469736719386
-0.009973861017338511,0.011217485518789452,-0.014781914663673677,-0.004512758874644191
0.011762256265243538,-0.006827585791372573,-0.004532452689247056,0.0001340724608020413
0.003153951612566265,-0.00025668131208216505,-0.007654672316838487,-0.001585799086317457
-0.015917999322564366,-0.013357594469832545,-0.00687734536338854,-0.012050967667615431
0.04092915498514376,0.008102638458581337,-0.012008968605406756,0.01234092927183117
-0.007987928098717666,-0.00785952689845717,0.010578035933959845,-0.0017564712645986426
0.010279759854221946,-0.0003543076612394369,-0.006011236855392862,0.0013047371411247697
0.014367460668282922,0.014519464123153419,0.005141337304825584,0.011342742689333276
0.013731229308441475,5.1611998735255865e-05,-0.0037296776719315627,0.0033510511940271774
0.0007316501900820481,0.004331390406340423,-0.0005771730644039822,0.0014952876820503189
0.0005262167479377863,-0.0017217544119112207,0.005989892230154179,0.001598116590608726
0.007263834926344636,0.004257159384932348,0.0010118897158971358,0.004177623831430031
0.025535886293431422,-0.0009391460893018851,0.018067541938886766,0.014221413159578054
0.033031095619680734,0.004894773138942109,0.0011547251972099087,0.013026851625079598
0.011170145959025489,0.0030023852628501906,0.004501051436450512,0.006224521328247844
0.05901285291351699,-0.008291227151554588,0.0060899245135763395,0.018937164487996153
0.04306830891013142,0.02369912808937864,0.003983981776158912,0.023583782674750066
0.012239992433392856,-0.022508701788036923,-0.0027673355084620343,-0.004345343942353745
0.06167498840553295,0.00831294852644401,0.006874665042140437,0.025620841703838472
-0.005317036376127597,0.012028246327145324,0.0034962508213026208,0.0034024835216198584
0.026059013407369443,0.010054810310519436,0.007869743363983848,0.014661174366101882
-0.02148257402100583,-0.008668433404881304,0.0005576668400384748,-0.00986443699750269
0.01973609980610057,-0.005767005446743322,0.002011635750699411,0.0053269047097755165
-0.0009621826949435274,0.0070927495934698,-0.0009918820920264053,0.0017128932226050204
0.0020309058201068066,-0.020957047718644865,-0.004770645590285427,-0.007898921264011998
0.023061337949303415,0.009620633200394847,0.0014564200662272732,0.011379452359178106
-0.06763415601539934,-0.0002147215776998107,0.003557977119345398,-0.021430278727617758
0.015387996695169,-0.003278240699727628,0.006568046201370203,0.006225927839669793
0.02094607062757768,0.0023084523344182703,0.015984900019726134,0.013079794580766368
-0.02842045787426038,-0.008984921277679386,0.0017355394798551304,-0.011889934667414987
-0.01053874542888314,-0.017025781715460646,-0.006159046650921646,-0.011241180023897212
-0.01555781835117,0.014713674636563348,-0.0017065246013507215,-0.0008502219217630195
0.044006895573471844,-0.00239804598969596,-0.018367811105137292,0.0077470050792000375
0.015457715637151617,0.028747084914101325,0.005346279109449088,0.016517010036540786
0.019796510711832922,-0.011715532679065912,0.0005153761916007182,0.002865448542671168
0.030894585399963457,-0.00769968488079947,-0.0003754487312025679,0.007606476322836543
0.002101774183039473,0.013509729844197925,-0.002406568157321931,0.004401640888326533
0.030142435762388092,0.0008243142552387566,0.003226598392507452,0.011397771405595296
-0.045209487423924256,0.00315293769830516,-0.023015699721723078,-0.02169072812503091
-0.0053093121766276345,0.015355141594578455,-0.0019807792406932524,0.002688347370735797
0.030028366130836082,0.010677603577017318,-0.004860611794752371,0.011948440689247705
-0.00394818677665826,0.01160036081710646,0.007392403098588501,0.00501485403148652
-0.06947578962678441,0.01078763233475578,-0.0020950559173399507,-0.020261050808718456
0.08473046223875405,0.003807112918077574,0.012233687309535628,0.033590387231701595
-0.020243878537113402,-0.0029395363301029103,0.005302545063356489,-0.005960283974330007
-0.07799119237548088,-0.014784231690331622,-0.01402710513521904,-0.03560080746616745
0.05064860513298155,0.007927686934467076,-0.0011617152802398632,0.019138173124210657
-0.011683084103432627,0.010551580474391444,0.0030611726771914184,0.0006432223728270626
-0.023331406714596232,0.003293858990868369,-0.007399585543490303,-0.009145701943361633
-0.03531658706497395,0.016526867117333963,0.0017737705637562852,-0.005671977455978107
0.004717197588778808,0.00012092328635237128,0.0022396673056009984,0.002359260367647999
-0.016183187378186886,0.0014207320435483104,-0.002986843865668411,-0.005916427150335929
0.01601632618953828,0.00419853482858815,0.00934691371780907,0.009853915058053588
0.02475161967899435,-0.0060000473928820755,-0.00011098130024789058,0.006213524115091133
0.02091407583804654,-0.002204770025850481,-0.004966597156550371,0.0045808983043123435
-0.016869396643960484,-0.00011921585294110304,-0.0054439842675102785,-0.0074775247772717
-0.013928716120837518,-0.007472787208052185,0.006173332155639652,-0.0050760519816929585
-0.027131369922826155,-0.0013888281505211302,-0.010833754341509672,-0.013117971020301513
-0.07689548441125561,0.00799328288086022,0.006379790042123926,-0.020840782988619994
-0.011007945000562742,0.01064444133154637,0.002721111846026308,0.0007858686064672528
0.006894101722545532,-0.00849061282141124,-0.008042139734494351,-0.0032128803982364082
0.010102876863225913,0.016279921569977037,0.021119205870183115,0.015833985600460586
0.03829298071240035,-0.0008775883406372177,0.0016452855073924495,0.013020212939492569
0.006259052365171547,-0.01051017452541378,0.010430329551560029,0.0020597337373701344
-0.004547058748603998,-0.0059759404732850335,0.0006094415768026905,-0.0033045159105095654
-0.03018427310636831,0.0009131936413680292,0.007627707793617225,-0.007214450009337128
-0.03173755040013843,-0.0077832865626993805,-0.009712556610261464,-0.0164111147799019
0.009592293443649992,0.0024014252737916885,-0.009146486037607315,0.0009490766108672283
-0.048331192672990825,-0.001360922913622339,-0.0007186187607770508,-0.01680356131221862
0.021777193763096205,0.01409944697556169,0.0021330626228409874,0.012669888450598505
-0.003420869835699733,-0.005664945605090277,-0.0005559944144701539,-0.0032139334044834363
-0.008156120687198976,0.0019555252097995775,0.0046836344969709036,-0.0005056531544891715
-0.044601813117781684,-0.008753019648143132,0.0010119588677709246,-0.017447607185093333
-0.006315403385976252,0.015986855757512762,-0.0024435332329457897,0.0024093039702238607
-0.011484601029078676,-0.0007713301724937863,0.0030126540268415373,-0.003081089310484583
-0.051054805889702196,-0.010285566646387266,0.0036781337496565943,-0.019220727041398024
2.9751771241059467e-05,0.0076411471818937145,0.002818240968170885,0.003496376477388579
0.029865951031178027,-0.013949389508833673,0.003482709422939864,0.006466417182004425
-0.011975847735785626,-0.004996943457060737,-0.01845448980320667,-0.011809081856257345
-0.016199718936202145,0.011361450470189641,0.003615096755823754,-0.0004077234956723466
0.013735427881218369,-0.00526910544651114,0.0011762735300593044,0.0032141954407235228
-0.040696149596477715,0.002769114421885515,0.004715098325933739,-0.01107063454557387
-0.002162979771960332,0.01689881296505403,-0.0008330862037397965,0.004634244362202304
0.008599445910803045,-0.009870915234566487,0.0010571037574130116,-7.145511732828802e-05
0.04030435280834367,-0.002374267035795532,0.01833024532836931,0.018753424946862114
-0.0005244722094486227,0.002093407709587154,0.005165047173388683,0.002244658646514847
-0.0217045903582235,0.0025850294101263708,0.004139844010585293,-0.004993233985931632
0.014343378370263036,-0.005591107953311053,0.0006214953509889513,0.0031245854647250553
-0.012157894483294395,0.008893146807784457,-0.0036287508064624997,-0.0022978305294913187
-0.027334695913309795,-0.00021622429015654082,0.000998998748870348,-0.008850631634224844
0.014033429312088001,-0.0050984114352488445,-0.005494688822817928,0.0011467752045640582
0.007681226420871816,-0.00896499178921764,0.00706583035732725,0.0019273530689721454
0.02115752742882264,-0.016366400527960102,-0.0018007111433842185,0.00099680425568752
0.03754236347968625,-0.0005217416633596931,-0.0005430432417842608,0.012159180698987908
-0.010667274106967538,0.00047904641947677613,0.0005738280844826964,-0.0032047966628694874
0.03390809303135235,-0.0039006644927385386,-0.008263799791869385,0.0072478690010385595
0.0388140075580191,-0.005663436135407346,0.013666873443435392,0.015605799349534094
0.0147114698793281,-0.00778647694856653,0.007128319431637,0.0046844327696954026
-0.022609550227021026,0.005488692063950388,-0.0077100519083023525,-0.008276961746820972
0.07428737144540525,0.0017966779481289512,0.015173391782741543,0.030419116639611523
0.04056944203370185,-0.001782829167807815,-0.005406903499339855,0.011126558662281604
0.0006132935846152642,-0.003700990839413386,-0.006214255541283268,-0.0031006478313761977
-0.0025757286825661926,0.0022285056928991968,0.006813494106651465,0.002155421550237784
-0.004828707684670579,-0.004088557154338905,0.01122315632645072,0.0007686297271832499
-0.018283847573724105,0.006215606761935778,0.0009432658059679143,-0.0037083212936151353
0.004840945187619862,-0.006552630497754975,0.018703980113587572,0.005664092603719219
-0.0092637766646609,0.01914134297775282,0.002600391573730578,0.004159315136288202
0.06671660666759074,0.01043520579177602,-0.007651654665199832,0.023166696098003047
0.030799430732996996,0.013417781470670756,0.010413637413976894,0.018210264995598344
0.0036052935536363662,-0.0016144398752920906,-0.0007746483895494827,0.0004054013575298347
0.04798782764229915,-0.007494681873905618,0.01612803049761721,0.01887370654827816
-0.009387362399222738,0.007710688724369971,-0.008799201227788916,-0.00349195480892226
0.032583976482637146,-0.005180557058274164,0.00918638426917647,0.012196589034578586
-0.004948289783858629,-0.008213024139139272,0.002814337422852372,-0.0034489887177230096
-0.013337973168616343,0.005399823597759897,0.0030413482771212215,-0.0016322654656446434
0.030773505116985646,0.0004281048393030004,0.005161521766440176,0.012121031786532366
-0.05172477079845712,0.009103644317842647,0.00455281670792405,-0.012689423901460217
-0.04453556109947342,-0.009273776167230291,0.001011809863223296,-0.017599158201984336
-0.01452618482364677,-0.00803700199489505,-0.012205878039193952,-0.011589676696223638
0.04924625851448454,0.007650649346756478,-0.01115744612197103,0.015246471999936083
-0.0356627704552783,-0.009662935763419055,-0.008818167337971358,-0.018047939804265053
0.015388732903701807,0.0015021318164390287,0.0023670207643310998,0.0064192887421954834
-0.0003489390154715979,-0.0037234848463515136,-0.002348899147784284,-0.002140438862761462
-0.026634140864188336,-0.002349259662151855,-0.006954517161207055,-0.011979293916543185
-0.040370986762916124,0.011328153453306001,0.0014388530866922757,-0.009201317539645875
-0.02833289288154379,0.005186207453577894,0.0031406852571908618,-0.006668660054924955
-0.01451536058421693,0.007736203461610522,0.0018460718902425825,-0.001644360099759531
0.007258557771695222,-0.0005092930163212856,0.01929441897032751,0.00868121922733924
0.0287767274318674,-0.0061633437645430824,-0.003251638495834185,0.006453908603248321
0.03838936321872984,-0.0009240506873060757,0.007695892960431617,0.01505372011021663
-0.026926836260170933,-0.021170541756363907,0.014735562208337336,-0.011120594148793898
-0.0051711228090109106,0.004933617069613785,0.005620893761060328,0.00179446087942506
0.013043099460616594,-0.0035560562275479255,-0.010550987460140751,-0.0003546477210426186
-0.07212534391111232,-0.0042793424574527165,-0.019151934923372204,-0.031852175245105314
0.026260498405132216,-0.00872207153523131,0.008319347633697098,0.008619249548607833
0.04580119954542429,0.0008576092307452038,-0.012161695792856576,0.011499026162066646
0.0070783507736539054,-0.007256647827709687,-0.00626613596124055,-0.002148142190287772
0.052560157207982676,0.0023708352885698065,-0.000342253941122113,0.01819622798889727
-0.017015394393808753,0.009709662099913956,-0.003229848537673921,-0.0035118567653292954
0.06902432610852709,0.0014588379866060366,0.003910880564417836,0.0247979900885021
0.04156187739645191,-0.0026017963543879686,0.010320331261968843,0.01642678767454016
0.0104232213410833,-0.002118559844688114,0.0025072746115036943,0.0036039750986542577
0.043577242981488934,-0.01453020139757609,-0.006081682557668656,0.007655112020295053
-0.01739345560570138,-0.006077135007440244,-0.003997718392618366,-0.009156093845816995
-0.01548254094629926,0.0017831872009894706,-0.011287192627353062,-0.008328840462038826
0.014117765140297632,0.007421007863958165,0.00033581029897682135,0.007291520476216438
0.045482726022451785,-0.011957448163065524,0.011732280104912257,0.015085837568913518
-0.027498093501939894,-0.010096520683730693,-0.007763218391257402,-0.015119262406365137
0.02340610931332556,0.006201828189575595,0.009383243863941229,0.012997047458553674
-0.004508643244579731,-0.002250400031879141,0.009798875119818225,0.0010132762678425034
-0.009760904298167668,0.009270134256804483,-0.0022084306175167824,-0.000899732653226436
-0.018405970634726848,-0.010237791958663017,-1.994103205712062e-05,-0.00955455832058112
-0.05742413650622532,-0.01608023805433915,-0.005467504890704838,-0.02632393349312995
0.030160726911693643,0.013618450507863684,0.0042171383478699,0.01599875592370382
-0.0202953777552648,-0.016637955897880575,-0.003594596618160403,-0.013509296581125168
-0.03478443374930032,0.00011310226997457277,0.003393607005638074,-0.010425897731987733
-0.023945668972820126,0.017920728414710953,0.0022945459047903917,-0.0012434636409747095
-0.026668055764714992,0.0006544796993342525,-0.01060393294807503,-0.01220582413198225
0.08198784166304741,0.006152673087427037,0.007166766160133786,0.031769061867775776
0.03190586684930565,-0.001072200636667439,0.006091788136606298,0.01230847247459672
-0.01878447686468525,0.023628760540795667,-0.002548111479809688,0.0007653899667095113
0.013352154072333094,-0.00519753133506007,0.0032879241655548843,0.0038141784867603353
-0.011872900297275826,0.004403351679289263,-0.001290001600032216,-0.002919847152822854
0.02777088117892871,-0.0027909452087831453,-0.006324002675785263,0.006218638212809001
-0.023969727874539954,-0.0017130071855987828,-0.0020167619089098863,-0.009233156423183885
0.024363772190376613,0.01452892882293284,0.0020982452026159716,0.01366363507499307
0.013127652233868596,0.021694491589324558,0.00770721872037417,0.014176440004734926
-0.026016784263139348,-0.003656932475302179,-0.006507388839408362,-0.012060356465581436
0.001600955378720468,0.005001288404128927,0.0036037222033927733,0.0034019852600920605
-0.046210910777803836,-0.010293073881823713,-0.001990173834116566,-0.019498033333195205
0.020470727511013136,-0.0008316326915200966,-0.012233640694722608,0.0024684822397721016
0.011556311121381651,-0.006001764263233379,0.004908576805937325,0.003487704400320644
-0.018031665006306045,-0.001898957725083077,-0.002939732506309388,-0.007623444122447757
-0.014049728304132057,0.010555565251189902,-0.0033164988991447324,-0.0022702183804749784
0.0023093082311086465,0.00395645594768067,-0.012688110522572517,-0.002140779973812286
-0.010911620337593284,-0.006092575101031037,-0.0031037992846209158,-0.006702658205083504
-0.07359932390636627,0.005357633378191594,-0.004980627808949339,-0.024407415038268557
0.01633842223553228,0.0025561610039885113,-0.0002591512706834418,0.00621180444446846
0.04878276577407317,0.0068547085445546515,0.0051865173611574545,0.020274643618597866
-0.03591266902897439,-0.02267088473439177,0.000626892096970068,-0.019318867903244805
0.02829619329979736,0.007729213957993284,0.0037598544449118504,0.013261740639146929
-0.0538441590635173,0.004007555129479571,-0.01207956465237919,-0.02063870222341611
0.019713987444767676,-0.007126031348965481,0.004582487876429118,0.005723475600595781
0.011217746700948689,0.001015441553210914,-0.016849692387404795,-0.0015388331722470195
0.000830790120068604,-0.004546824110166301,-0.007915144845329578,-0.0038770557347494795
0.028978344902809483,0.013166989709651702,0.019948194782353216,0.02069782243376167
0.026605742213621962,-0.00230830249825187,0.006096785896192728,0.010131398405779068
-0.04535693504910462,0.0020814759357199375,-0.005909815669359587,-0.016395075199156495
-0.001504430594328011,-0.00995672090966425,-0.004712685513951587,-0.005391273614702276
0.03418145864392888,0.01787798865534272,-0.0006921328747623802,0.01712242101906493
-0.024432543121818626,0.004255237938124393,-0.0043736820975346265,-0.008183654243413859
0.026763861132295893,0.0012320324157699546,0.0006080645512690169,0.00953464316512559
0.012233696268481902,-0.014602701350898771,0.00820081439067477,0.0019439344921495306
0.05605574816061904,0.0013684138641866651,-0.0018909039962118112,0.018511067498445288
0.011710560691062353,-0.0011637411181770565,-0.0009854786884318325,0.0031871104410375268
-0.0038429851073980927,-0.006019682553815447,0.000359096545872126,-0.003167853870590099
0.024718579400774755,0.010409633647947952,-0.00580616685110448,0.009774005625190676
0.0323271416387692,-0.013191935440048184,-0.0088670553401922,0.0034227135301259865
0.04227338263085217,-0.0006856228153593688,0.0018875686728622504,0.014491761671008853
0.010178255495636671,-0.012583766545408971,0.0008368193595619106,-0.0005228967071728996
0.02062332351999255,0.0061005960626265175,-8.62270775743633e-05,0.008879221955784066
-0.024248864035291313,0.007252985694694916,-0.012826685626223524,-0.009940844714751986
0.00335641658757404,0.008100435910577389,0.02130197238846239,0.010919597375929643
0.034520777989899366,0.0022509001741235156,0.005480147276729238,0.014083927729642226
0.01247056131530351,0.0023135387009653543,0.005476668704618002,0.006753582820039382
-0.04626733688971488,-0.011082601989514195,0.005449107999026677,-0.017300259659790502
0.03740535104463071,-0.0014912756297926258,0.003436335332912407,0.013116790465779916
-0.007204653577962017,-0.010766961907586957,-0.00577074386459412,-0.007914111869261248
0.017582274760194673,0.0011712493506848515,-0.012404720588345608,0.002116265724576798
0.01144510079322036,0.0044638579251635455,-0.004629239170071296,0.003759902756197687
-0.031213769031502536,0.009166519866379272,0.0008436651833476349,-0.007067854259397216
-0.005430185788647386,-0.011073500437773436,-0.004077889745887152,-0.006860518463577333
-0.026605945819815312,-0.006431233888248007,-0.0025677172304670553,-0.011868287111211146
0.0380150416464767,0.013605849341404396,0.008681976055465676,0.02010093558015991
0.0211082512694496,-0.008618469279699219,0.004565598301841623,0.005685121078737237
0.008666800776139667,0.009382783731259668,0.008585367222625533,0.008878308365024378
0.03647661430314905,0.010631575605460202,-0.0012869635744121996,0.015273726837656907
0.008460359598449789,-0.009143568011934982,-0.0024678103302767282,-0.0010503385309143928
0.016854283832606582,0.012638785868351174,0.0106285278151714,0.013373852464843879
0.02891476904167232,0.0013137458253190668,-0.00015705701240858625,0.01002380926104165
-0.02374650308742361,0.001445469789777506,-0.0009432316786212194,-0.0077480805773341155
-0.011710871586468795,-0.02002649384762851,-0.0005226726565747059,-0.010753335276877973
0.006536674650945796,0.002122993134075662,-0.0026034741516162735,0.00201872919240385
0.03428062360256543,0.008273893016386858,-0.0006219681597289144,0.013977502175558305
-0.018782473184829073,0.0057430730108159475,0.01219959311768145,-0.0002799354055082069
-0.020902123492146474,-0.0001485528575258041,-0.0008822559074884518,-0.007310970108076157
0.02113585100034869,-0.003971515140708937,0.009055928912708035,0.008740079517361006
0.025201864328243354,0.012538700217397815,0.012322251465312316,0.016687588649379158
-0.007257853257449383,0.011878820467450268,-0.001511285927080155,0.0010365593910798153
0.03106512756892297,0.008479773682842891,0.0028801575082505726,0.014141672111652558
0.012100441358845668,0.008467026334312294,-0.001793640296602418,0.006257936207576049
0.01106039051598916,0.0002976681602231112,-0.001319564947708133,0.0033461612300034697
-0.03315682906450889,-0.0004863281713939756,-0.014609123959396328,-0.016084077647672668
-0.013053908436326426,-0.0037899128533633963,-0.0052675518160046255,-0.007370450331440448
0.05185908305037487,0.0019701856462005485,0.0042883837530636034,0.019372531443995523
0.03913184106665753,0.014285693401474422,0.007435080661164219,0.02028418475889368
0.010831411903481664,0.004675314667225225,0.002171901058805772,0.005892869983628343
0.038716473254411944,0.003976290735781442,0.00859916607735825,0.01709729292520719
0.014211590081240389,0.016494471048942017,0.0036199885818176585,0.011442005128650118
0.038073799368750744,-0.001471914896779507,0.0048057558563451876,0.0138025329735587
0.057976486809289254,-0.0013847023197584756,-0.00550352681844349,0.01702940219427654
-0.046528515685833244,0.0030001676857908575,-0.011350853342750666,-0.018293048821197234
0.04074377085570672,-0.00023354670166220713,-0.00030738661859816357,0.013400932444202937
0.007607956443059741,-0.011129807979728495,-0.008864186002131793,-0.004128675050921003
0.0020291088395670486,-0.01217070443254424,-0.001758636720654874,-0.003966740137799916
0.05619335132882182,0.000864031036982599,-0.005188588802741647,0.0172895805647564
-0.04377266358279867,-0.001337700383678619,0.021260749673962045,-0.007949863480966981
-0.044445522409346704,0.006129694032421444,0.00016681943827771112,-0.012716323596546203
-0.020796525093969287,-0.007814728068488366,-0.00015019592521489677,-0.009587140108741154
-0.03700196300301662,0.0015947227176571577,-0.004184502904572732,-0.013197234532729668
0.014904297912988551,-0.0072735241508979,0.0016105019932455907,0.0030804221713534954
-0.004741557209562814,-0.0009564043627284224,-0.016763169130153882,-0.007487036080438139
-0.007222856954324173,-0.0058260346241673245,0.011324228635257236,-0.0005748870728571057
0.05361188761211765,-0.011421012088112178,9.789229145642999e-05,0.014096241842231362
-0.011870948909768942,-0.01549549922945298,-0.0014979432558780408,-0.009621454176902857
-0.009204496292150482,-0.00045673089244678284,-0.004189038059265274,-0.004616750464532432
0.004054018716903026,0.006933841216505473,0.0029092842072672787,0.0046323767478438785
0.07932278195390109,-0.0005730586778845645,0.004103017451461768,0.02761755262491252
0.015045760404093356,0.0028828686587866123,-0.009140981199488337,0.0029292130252479226
-0.05901245617543301,0.0002424724104307143,-0.004248161650723319,-0.021006027465860066
0.03410842709788857,-0.0022968457186271453,0.012884619611121263,0.014898718764727231
-0.0299488944178818,-0.008941355820267881,-0.00028737373567093503,-0.013059194932065548
0.014472928975421129,0.013898362818865844,0.004866840621831053,0.01107936639266187
0.01142160012837271,-0.00884828342111317,0.00036256442250722366,0.0009786260646285447
-0.04802130257712561,-0.009742471230863557,-0.009790341040035417,-0.02251801576463658
0.061608227235319044,-0.0130936925576296,0.01033712656598249,0.019617200797336896
0.0481996907821403,-0.01196165176294245,0.002043672275026196,0.012760557670837584
-0.0016079491176731,-0.016741937417896032,0.0049990342510110655,-0.0044502796445685935
-0.01770085177317752,-0.005535307653852872,0.002290822693130319,-0.006981771929521112
0.016757844407319852,0.003887023515424904,-0.0043726892659296645,0.005424054128212144
0.014330037202531787,0.005781571402584248,-0.0016614333283242254,0.006150052275538844
-0.001353899270517675,0.002014723168926037,0.00516990213666324,0.0019435734014485223
0.055859469516278494,0.0027520079832828513,0.005947946761457733,0.02151978656719827
0.01410418890574307,0.006600638717124479,-0.009044182912397558,0.003886877683275093
-0.008020970622738328,-0.006437633371592024,0.0015555739062332828,-0.004301005728355661
-0.030308847178648495,-0.0032015534533075757,0.001273497026393333,-0.010745623789553044
-0.0006183706205207663,-0.0011630134986427509,-0.012760540712357025,-0.004847303429865237
0.03416189483114415,-0.005578371997523647,-0.01940599283582939,0.003059173606753705
0.008553781495251376,-0.008928182157550611,-0.0030947446851960106,-0.0011563806261166328
0.016764880742454424,0.0008767050503182409,-0.001053311089639226,0.005529419371619579
0.0016483487227300724,0.003579203884259821,0.010832353915571363,0.005353296820884911
-0.04210568253695103,0.004209626775434872,-0.011763194385977751,-0.016553066829414587
0.020097822035718266,0.0013984145707302653,0.0062796523681352846,0.009258620399564947
0.03550521746385452,0.006801238857957705,0.00926810624817871,0.01719150366514279
-0.026668797202373522,0.00865978537497023,-0.008737642900062367,-0.008915542660270311
-0.1024238488269915,-0.00819179723902412,-0.011011039286160977,-0.040542187908497083
-0.025131281964866952,-0.0012929696841532932,0.005436112373269589,-0.006996039429203793
-0.001631018504114364,7.26379329661856e-05,-0.0005417661478794096,-0.000700048206293623
0.0515965434697926,-0.012069008487783146,-0.00847985490633788,0.010349216342663833
0.0477940801155083,0.006237662349378415,-0.002080410605330497,0.017317093302741452
0.004997014128955705,-0.007735658190156871,0.005922822933311816,0.0010613918959772595
-0.023102073305663925,0.0024460188109180093,0.00034396942719791004,-0.006770688251820979
-0.01081741477237673,0.01381471886585872,0.009521884264137082,0.004173058612810238
0.051732007969614316,-0.014341782641607462,-0.004977310361274275,0.01080429418460587
0.00934619311876313,0.009071481187952707,-0.0007023189135367178,0.005905112559274575
-0.06909373290447827,-0.005268422813251109,-0.01824474948206849,-0.030868937530964227
-0.04459896924088053,-0.01007073807650988,-0.008287078994963552,-0.020985574451855882
-0.007351792356333195,-0.004630556347434385,0.014213575255517598,0.0007437414401744887
0.02947413220108566,0.0012791083520055197,-0.0007328267325729288,0.01000679460003481
0.05135188138999328,-0.013612286877912445,-0.011006269389577836,0.008911099463059293
-0.0043108805858595375,0.01638163044438694,0.003040142571350272,0.005036959106328415
-0.010854433370202917,0.005807600972355173,0.006679431534683037,0.0005441991680787189
0.012091056789264788,-0.012530682718814478,0.007537298880552211,0.0023658886177765227
0.02239297613986187,7.787135353518125e-05,0.003328444096319247,0.008599755263474902
-0.016690495082745324,-0.00047741289446600135,0.0007870522701183473,-0.005460279775412424
0.010811375627983635,-0.0034810380455805516,0.010301580093065988,0.005877300014517132
-0.017472930638766107,-0.007754251463920109,0.0023430272351097005,-0.007628043994473883
0.009034502203458951,0.0009620812916336431,-0.0074072849285445955,0.0008630986590831439
-0.03887706324016331,0.023515929859594463,0.006093215309022945,-0.0030893029345426103
-0.03429788853909777,0.010256343755340432,0.005386052261188856,-0.006218491289025321
0.024903843456420032,0.0019561789604732346,0.010337723584409405,0.012399236267852224
-0.0034805127506900755,0.020419929406609347,-7.401752596614976e-05,0.005621794088184664
-0.028692598269696928,-0.008587330728784467,0.009627491368573654,-0.009217469992490037
-0.05228276976669231,-0.004453983191773673,0.01581784054102177,-0.01363962383284393
0.0024809466318809954,0.010540105331636617,-0.0006068064964044656,0.004138077684289226
0.07655352329065174,-0.015189924878910709,0.012374362322694411,0.02457929566549157
0.03617473001782289,0.0032846754628133557,0.00465156985020728,0.014703643739956066
0.033823664276305725,0.017055077451921592,0.007146203875196476,0.019341629192826063
0.013561547064146346,0.003703563762681198,0.004450911382126272,0.007238666830977202
-0.04305943131164159,0.001562170315080308,-0.00022823241898875285,-0.01390848389668554
-0.019577184428057483,-0.003060053486127194,-0.006846999371179498,-0.009828069267042296
0.0010569016498597024,-0.0010955051898221282,-0.009007365805138296,-0.003015320099710459
-0.03650625219813172,-0.010729292432520979,-0.0116032193097823,-0.019612901700557017
-0.002302224219973947,-0.003519313349698978,-0.005405279535283256,-0.0037422686260463584
-0.011445263183474035,0.0027298114337703737,-0.011095164778381975,-0.006603532239156369
-0.012336980999278931,0.007196495208386754,0.009950564257828686,0.001603357885619347
0.02450475997947968,-0.0009403680135442318,0.012682126884851926,0.012082160868089506
-0.012687118100115396,0.012118518372977956,-0.0040282742346255205,-0.001532289788296333
0.022869152768737792,-0.003079543485024402,0.0035982131496137115,0.007795933015168223
0.030082881470082548,0.010649036912151385,0.008513896995269454,0.016415255377229335
0.010297123896931914,-0.01762650393713845,-0.005166861129070914,-0.004165409557678759
-0.05515835428035566,0.013191290191137413,-0.010736758193211734,-0.017567923192869234
0.03948960551433954,-0.013059446361393886,0.012201660693991185,0.012877260405038997
0.029060733095294774,0.008381514942655903,-0.004106519043106369,0.011111898553038436
0.062329792591341804,-0.004409200948486319,0.0044251233452706745,0.020781884214137056
0.0017503679915291308,0.008310142937992055,0.016885365676803155,0.008981949886815912
0.020610458362544402,0.00041117186712369603,-0.009887471354131337,0.0037113825804592953
0.009599699628470062,-0.00247971746454006,0.0027571660173263384,0.00329237943470272
-0.0008531453402859271,-0.0006896083213396982,-0.008991068915006001,-0.0035112706809363498
-0.0029998776379132667,-0.0010592351650164393,0.0017432212381931528,-0.0007719630829483295
0.0010853025926057013,0.014940808183693371,-0.004585294345725886,0.003813601663252252
0.07515012053386279,-0.006484811877871531,0.00932266448827296,0.025995965052097024
-0.02281097950459575,0.002932444882630292,-0.017087944793638222,-0.012322147483041421
0.036702143226928954,-0.0002047446743088634,0.003711376609252723,0.01340291165103255
0.010814956891567456,-0.0022837807788843897,0.0003564422920113009,0.0029625365056919874
-0.0011881462541245042,0.003454418651994424,0.009589514163084215,0.003951924901722525
0.017112854666361015,0.014440417689855458,0.0006257210823537866,0.01072632041985894
0.015194439398939448,-0.0073581348189102405,-0.0016942029797643063,0.0020473651527211003
0.008556141871204546,0.009437845978247554,0.01081822130627334,0.009604060114505427
0.023862466392616303,-0.001762847553284313,0.013209220437398214,0.011769601322630309
-0.013012178068551487,0.018766006687820018,-0.007676496835632211,-0.0006408887645651541
0.004686825590276675,0.009383276399189011,0.009455307789617158,0.007841795417891022
0.0024520569239156517,0.001102346039263828,-0.0047010861542202236,-0.0003822273481191843
-0.05152603798745703,-0.02434461026917983,-0.013986003315481107,-0.029952187238488796
-0.007835046382463365,0.0002322835586689915,-0.002042018140841564,-0.003214923773284991
0.03037648491903832,0.013659604952148545,-0.0017978895550312623,0.014079386025985095
-0.008803839312412246,0.011533485048170368,-0.016635617189472703,-0.004635319182581042
-0.01156512196833657,-0.0029107652127530245,0.00953851163559902,-0.001645790202705009
-0.008352818196663477,0.018819719719835867,-0.011088509723355518,-0.00020720252619164242
0.026041227458668367,0.004182166971898107,0.011210795772201725,0.013811382922859333
0.0048174921308134794,-0.005481815563005146,-0.011992048399027691,-0.004218786391615842
-0.02661246461449564,-0.0010071515076923326,-0.017854306124367315,-0.015157958924211014
-0.039512811214961314,-0.002304619873577738,0.00034372290871248067,-0.01382455556870613
0.03253921725797923,-0.00629452506648086,-0.009475883040901321,0.005589597460595965
-0.02270676116618522,-0.004479659702169117,-0.010470865771126296,-0.012552416327397996
-0.06095762916133705,-0.004754514297874,0.00023831758644738993,-0.021824586799645926
0.05438294812484996,-0.012786129773476903,-0.010861604675746261,0.010245060980137706
-0.029932183927478557,0.009888598994873257,-0.0027122536123628084,-0.007585271929709854
-0.02108042502392861,-0.005424788589486768,-0.013121997393356547,-0.013209057126520306
-0.030986019317173905,-0.0067159905462115125,-0.01151445580320763,-0.01640547215004246
-0.04871854537415019,0.01333345076553615,-0.0026294684462274303,-0.012671508346759472
-0.012574539150874166,0.006850873239533096,0.004352573683540027,-0.00045703028556960516
-0.004812312008137079,-0.00011149773560020912,0.006836270526411942,0.0006374862900712906
0.010442880189653855,-0.0040878339611397484,0.00883044380419787,0.005061824949073981
-0.021306154404724234,-0.0036886141741809433,-0.011505298633258996,-0.012166676904032319
-0.013399912678672219,0.011080282579335778,-0.006609679259393091,-0.002976433476473391
0.005005715963713854,0.006388019879376267,0.009510903151972457,0.0069682060301411945
-0.02344536604762048,0.018361934588939092,-0.0008620845898676299,-0.001981836701010989
0.05029720757181356,0.0047349091909953305,0.008957587459445802,0.021329880077516825
0.010452158477439922,0.002520528404139347,0.012524661737510821,0.008499107707247157
0.07886850885566482,-0.006375893586822982,-0.0014910349550562789,0.023667169770735078
0.005059687973064194,0.0012059282265740202,0.013667543913187174,0.006644380059888425
0.043074054680287355,0.0002995406034247169,0.007453761640491675,0.016942435365615606
0.05524563084808048,0.010350349169493338,0.006470467046717212,0.02402212499928132
0.03192724945844401,0.009349008108530453,0.003043959263703766,0.014773390836820466
-0.018216841200257055,0.0002069231667736618,0.008121951374763558,-0.003295985590251059
0.03434005479237775,0.007189234063579759,0.020775484969590367,0.020768237173591348
0.024898122863157304,0.01702336931340746,-0.005783180809372235,0.012046091742960388
-0.031417722177981035,0.003315693044683197,-0.002291647399846278,-0.010131215379822528
0.009134300128262173,-0.0073268702016064426,-0.0031618662462356453,-0.00045147832171453186
-0.07285723742551835,-0.005311989887788721,0.0025984359978554286,-0.02519023858155344
-0.02239635736015788,0.001831772347175044,-0.004982453590581323,-0.008515671018841852
-0.006828743961121627,-0.0024445428342973123,-0.005501117758735449,-0.004924796593249944
-0.0022777627208604716,-0.015424881105498719,0.011304888655247645,-0.0021325829244521243
-0.023101227948180234,-0.014286620503017891,-0.011349061482179356,-0.016245620398822515
-0.01828780708671617,-0.008982596156450586,-0.011242860243391476,-0.012837741657764915
0.020377826927418304,-0.0111271454063101,-0.010310468272196387,-0.0003532618971004777
0.04704362738176927,-0.014282719401328572,0.007691773696281911,0.013484213741346977
-0.010383600375798944,0.0018516152080821275,-0.003041488018303998,-0.003857820537515876
-0.005071672967904055,-0.013646854930218718,-0.002998639569442719,-0.007239048583466008
-0.06712640845350998,0.006477490405302316,-0.0014116620440194545,-0.02068683934388234
0.01508893432978874,0.010674371393137226,0.004095534333310931,0.009952936732465613
-0.010773284766934114,-0.009843353676435438,0.013668311722312317,-0.002316106590910172
-0.011103072983985279,-0.009693827903049658,-0.003293707127581495,-0.008030194641336138
-0.05002877953705261,-0.022629260743705613,-0.0067180656229622986,-0.026458675509204874
0.03520770165164848,0.005510246505039238,0.006923273200727331,0.01588039123873123
-0.011221903600894687,-0.006871847581919206,0.000929426076582341,-0.005721435980635482
0.0027487730366884938,0.005056096375171623,0.005732753456632147,0.004512536443623132
-0.05638890750204833,-0.011046984706576455,-0.002779949762181652,-0.023405257251654817
-0.02984674078750932,0.0042780956237344885,-0.003894564301518764,-0.009821060000694711
0.02777700531805903,0.0035321578561005435,4.9017596628542735e-05,0.010452716470869115
-0.03555332226240418,0.005781461704364929,-0.006064053900904741,-0.011945292874343177
-0.059732113095243185,0.0024156268792108184,-0.0010676847108522423,-0.019461370847571227
-0.0122280801393186,0.006736970039972357,0.012179831351818141,0.002229571521250215
-0.0161843570838994,-0.011369111387987471,-0.010246139633572404,-0.012599856768617057
0.0001333251393188929,-0.0004226556935066488,0.0024312413366309694,0.0007139695468441437
0.05120591433787486,0.004783744783542454,-0.0061671188921952145,0.01660749680222729
-0.008334496131644727,0.023379517146332917,-0.006341488330991362,0.0029011746600547147
-0.02288695669654988,0.007222495876326908,-0.006250181302400017,-0.007304873402660289
-0.0379372380224455,-0.005514966829488641,0.0031262424280356243,-0.013441974032645364
0.010307484581269576,-0.020409207164718602,-0.011377236851324865,-0.007159645985271485
-0.052357918029399084,0.004014866713971569,-0.01462723971170825,-0.020990076018948242
-0.011596308451967439,0.000343577158054651,-0.008624918729261051,-0.0066258767151746055
0.03313700032905357,0.0008029906012871618,0.005597687483925825,0.013179212958862714
0.0841316569086783,-0.00479365094616128,-0.00017991309307839294,0.026386004570448585
0.04699980995918891,-0.006084491451777664,0.0008739145284222654,0.013929730415533493
-0.03573834374564363,-0.004112844615354491,-0.003275302494909063,-0.01437548257647211
0.008783802447836565,-0.002199218441568144,-0.003170673948382778,0.0011379688813251947
0.031385659522486516,-0.003369466893606975,-4.9711534912614446e-05,0.009322151042495277
0.0028991361524954087,-0.008321552778296703,-0.0033819402570287355,-0.002934782692824382
0.0024920406673712694,0.004659742001019491,0.0058090792811441895,0.004320282996224333
-0.007225872296574513,-0.005772776273852869,-0.006813247350093825,-0.006603958702875096
0.018515466622979215,-0.006314053678354687,0.001274883397707632,0.004492094288678606
0.034113290752268426,-0.005178730778138619,-0.013105957831262699,0.005276195438088322
-0.023349142791306565,0.005829608153172792,0.016415742737922883,-0.0003679302654729965
0.05401331497908327,-0.007543343817522282,0.0002928415894605988,0.015587588662736278
0.01512058912596402,-0.0022208719705859867,0.0056529484767173475,0.006184215693143249
0.032068931096921695,0.006741977780814195,0.010158146768974497,0.01632300222588491
0.0571384857272131,-0.0007984195643047522,0.028206401441070582,0.028182127685837107
0.03556023130815673,-0.006692209753657638,-0.004593188756608664,0.008091602841019209
-0.013232836881558963,-0.008298871340444955,0.005678643627409007,-0.005284349580510105
0.011086656228767046,-0.014531976467525454,-0.009026153806375852,-0.0041571538578867384
-0.0035471533885716917,0.001341633822180496,-0.00833299889971045,-0.0035128359758610597
0.012956134413660178,0.0007050508322646747,-0.0019880141945947333,0.003891053126053023
-0.07648887424452003,0.00258050402250416,0.00625521013827051,-0.02255103081019509
-0.02392409147025357,0.0023244948737180296,-0.00714042677915709,-0.009579998211889752
0.028850545356317786,0.01047788263917729,-0.00832318046051304,0.010335072176578166
0.034670725453798394,0.010683424869539443,0.017403704422755916,0.020919263996079667
-0.01648181074274681,-0.008099308388268148,0.001191322795735389,-0.007796590981827746
-0.0010355987091180698,-0.010299498265010292,-0.00836994834409151,-0.006568341871058184
0.0008982313254739327,-0.0022986396301068585,-0.011021265340153727,-0.0041405537410376695
-0.09687358142397859,-0.0026671966951548934,-0.005318124364992242,-0.03495293254174108
-0.03685580539307823,-0.00831819907223022,-0.004584306117032854,-0.016586086941343572
-0.0012206203951936564,0.014858646103679353,0.0013926657143502727,0.005010225464048182
-0.013633251245193774,-0.006754539840285524,0.006972000714813456,-0.004471925651625157
0.0062498604494896255,0.009848847163813833,0.013020628504441115,0.009706435666136153
-0.04257883024677568,-0.0078049528155777845,-0.006373082466087343,-0.018918936257191758
-0.02886053488870873,-0.029757705172517076,-0.011428353612102475,-0.023348841208911536
0.04537332738077122,0.0052103877614917355,0.010208482214318993,0.020264045521461528
0.055313818270376555,-0.00032661425317692444,0.0067816933789146185,0.02058961187573895
-0.04604214610259519,-0.014103526701507683,-0.0006169206125757182,-0.020254177551361722
0.07357985694466675,-0.007092054510861663,0.00801473298078924,0.02483415363735297
-0.005302314563253656,0.017252364244660395,0.0002518292921646207,0.004067288923897462
0.040300451597820995,0.018908440999539387,0.009905531831011567,0.023038118437982508
0.03054402059679662,-0.020530655976532187,-0.006665278150818578,0.0011160277071197956
-0.03893862353482539,0.014311640883389163,-0.0009036864230564858,-0.00851021451460788
6.952958913020776e-05,0.009456115728871428,0.0005513428038888291,0.0033589926816341145
0.009586563588985745,-0.0019909975654205025,0.015280034644227792,0.0076251925973974555
-0.008821926675315664,-0.005145394166878645,0.0023586041442310367,-0.003869568363082191
-0.016296146661532524,0.0016992111914941217,-0.0025082686208989045,-0.005701728995244405
-0.0019211260132461958,-0.012270591653865523,0.004874611537106039,-0.003105698937633184
0.01165792179498222,-0.0051264921962649625,-0.002312662020165132,0.001406254453261516
0.002204732115778328,0.005176135360881276,0.0010367656274832369,0.0028058748955032456
-0.04000806266397317,-0.0016381531897160543,-0.0015131774275706743,-0.014386450040622206
0.05026168712820574,0.00524538339883683,0.003519136400621463,0.019675382633819034
0.030481536515386244,0.0023706935283282016,-0.00027454919260944013,0.010859216091141384
0.0013180146779959564,0.002096749071262389,-0.006412756598995184,-0.0009993299505813296
0.01587155293890429,-0.0027222899680449824,0.009974651859843149,0.007707963902262542
-0.005348194542567334,0.005059708771850461,0.005221738768304391,0.00164441602144484
-0.05166770337448796,-0.010070261443713242,-0.0020252517503045707,-0.02125438426842973
-0.019862407548157417,-0.015046101145626888,0.0023388189329376485,-0.010856552397052298
-0.013955789836800046,-0.006076172231141355,-0.011396332918541165,-0.010476087852729193
0.0521229483265104,0.0005057249329757412,0.004378118383164771,0.01900224487861976
0.02223369738464306,-0.000971289032828284,-0.013599139183317123,0.0025544205017428282
0.02124102228455985,0.009597204855606561,-0.007908232744883554,0.007643323821762821
-0.04532499113204813,0.012497597855353771,-0.0024378400794066294,-0.011755066030289212
-0.025185678442976346,-0.002707314399917555,-0.011047194832255714,-0.012980049578320647
-0.019536330793844335,-0.008507184779093511,0.014941487403179396,-0.004367338355910093
-0.009333939561257332,0.003788296362766257,-0.005634754252224806,-0.0037267954234394764
0.026566449497993284,0.004790590247040118,0.01492523577982453,0.015427409747527468
0.002460241037858426,-0.008115908461420112,0.009818227394535837,0.0013875186028047268
0.08036393975918621,-0.008261012000400587,0.002744685937315068,0.02494917961616233
-0.010698939764219538,0.009350933242354531,-0.002835263394936921,-0.001394421911177337
-0.01173407842080755,-0.02269722487150681,-0.0005873126075670559,-0.011672860293755171
-0.037365171826720396,0.0027843069115290955,-0.005651216666418133,-0.013410680449842616
0.029386005842474906,0.010937139668754717,-0.010276969250484031,0.01001538207152311
0.026731172936459706,0.006572141422014002,0.0031053288468988432,0.012136202265576448
-0.0006547820980499553,-0.0024730681343948105,-0.0006298290030005568,-0.0012525584925886957
0.02161774523458114,0.019452441731045527,0.004341620694259321,0.015137254082692776
0.034745495054135454,-0.004804330761512517,0.008134870358079317,0.012691998858222534
-0.026547276944519516,-0.006238896733778132,-0.0045684671768418846,-0.012451534500166226
0.02065054965748405,0.01148181039265404,-0.0062046568694885465,0.008642559084315455
-0.028216557299984183,0.004576131103655673,-0.009645875326081075,-0.011095422745369355
0.029785410263593097,0.00870193362929386,0.0058463108253774595,0.014777870128203233
-0.030308621603531736,0.008627979865321662,-0.01639752717273539,-0.012692710277592185
0.009590566043719408,0.0027829786016118183,0.00025083906138393547,0.004208123694110485
0.02382636740995422,-0.0007771835651174723,0.002151249515399979,0.008400136053267789
0.004617591869307901,-0.0016725771468179156,-0.0033616858765605725,-0.00013889024579981103
0.019582648856825344,-0.012106228663020607,0.0016717079094173205,0.0030493729850313176
-0.023004033881368843,-0.011870009874892359,-0.0011146464072605434,-0.011996218058277192
-0.027430901931601713,0.012794790016882433,0.005167784154006774,-0.0031561060974615814
0.009720304474981949,-0.015878595426165407,0.0026435888434603342,-0.0011715661976736725
0.023950013883722223,-0.0023651950979898355,0.0023897129444747636,0.00799150258522514
-0.011892834570106547,0.008028725895303615,0.005608327978376579,0.0005814058531181147
0.011268901538270485,0.00039063403752109664,-0.004568534831209855,0.0023636645511936607
0.023374082177671368,-0.006030959670815334,-0.008853714900717118,0.0028297997055771037
0.035408239320548665,0.004026545324455513,-0.0021269779650473185,0.012435923124050058
0.032794691602061686,0.004534421375776038,-0.008020348829772208,0.009769578279767122
0.03681536216628533,-0.01712587727340584,5.609201021751552e-05,0.006581852385840033
0.02755761233903459,-0.003698792338174608,0.0053435095252548845,0.009734100107928446
-0.029239603753981987,-0.0016681970140671794,0.005928826096656292,-0.008326316564139402
0.068888473711165,0.011072365336942436,0.01009312350095517,0.030017957498366683
-0.007762812965299095,0.007490959013026413,0.004848788874525473,0.0015256434484392893
0.023068474079149463,0.0009159742161229495,0.010476255814353411,0.011486889882973906
-0.02598928096781214,0.011161664437690165,-0.005538694482198386,-0.006788763548669783
0.017024956361506517,0.0030134168655888338,-0.002706301931190071,0.005777351321277994
-0.030272824156135313,-0.0042557363787890075,0.00029815359174169395,-0.011410124237591893
0.04620186906872581,-0.0007270729381728883,-0.019775239654317805,0.008566510258892879
-0.02295282643165663,-0.006873035561024346,-0.006998056983618602,-0.012274627384126867
-0.03783221525852313,-6.07966604158043e-05,-0.0013832522095587052,-0.013092074950744503
-0.0066806183078174965,-0.03029554394572608,-0.00034248256820766415,-0.012439535834368805
-0.019741864995567945,0.007474569573718168,0.003174614538556294,-0.0030308905968708666
0.030081986114295158,-0.005961180197239272,0.0012105096608189018,0.008443763415519737
0.040254576595406204,0.003229194212693588,-0.002752702003592583,0.013577009357812801
-0.0018614108880250315,0.007808914509749491,0.003454271325994255,0.0031339218486479224
-0.02071539492355045,0.0015069514943603008,-0.00341639367173915,-0.007541604825364066
-0.0023451837051892232,-0.002521177618039963,-0.009573441621321897,-0.004813262834916046
-0.004647036788461267,-0.01227267986982116,0.00024383615745282366,-0.005558621274983034
0.0016655315726760134,-0.005998056244864569,0.00197951217366153,-0.0007843367151715089
-0.02121400169648251,0.021353897988995205,-0.005472635721636433,-0.001777578032128103
-0.029957543215118735,0.011577511014803072,0.006155907825004791,-0.004074704050395499
0.014231776708403672,0.008577559974831016,0.007325745039179106,0.010045017195777358
-0.0018357771092195048,-0.01582961736088224,-0.010584397096915898,-0.009416587772408693
-0.042743117961102806,-0.001850642763495214,-0.00819118771138045,-0.01759496521701001
-0.022196725153400553,-0.004930504927457238,-0.0024489046955763595,-0.009858701733433124
-0.005098607563702815,0.0077137735702851725,-0.003671061750822368,-0.00035196489611475555
-0.02121845909618899,0.0021392880588631184,-0.0007020774769763867,-0.006593742911017914
-0.00488153238828142,0.0019377359341818962,-0.010675998410981432,-0.00453992708176203
-0.03806532736251223,-0.0009471000022313901,-0.00386753126340498,-0.014293305249396659
-0.01073508699454751,-0.0037184376782240154,0.004607933784051419,-0.0032818603477097388
-0.014236913097442083,-0.009448652769199746,0.006984039551726927,-0.005567169871129528
-0.02475912659928439,0.004226691061008238,-0.008567078634873588,-0.009699828357878523
-0.05046629883462261,0.00248371807944085,-0.005537290231674265,-0.017839939155661677
0.05976271298875534,-0.0010428661098927463,0.004918491653887819,0.02121275829813729
0.052919592464347916,-0.0005185691012069463,-0.0005319975321826593,0.017289657987310827
-0.08374222932009347,0.004304347210719401,-0.006590268313563012,-0.028676021464928887
0.03250849553738822,-0.008443169065591864,-0.0037076645622687375,0.00678588051728857
0.027831320023653933,-0.0010645359163822428,-0.00939411149250392,0.0057908850806983846
-0.016232752364691006,-0.016530464679398966,-0.00210148142511951,-0.011621554534837004
-0.017557735937166863,-0.01177638244925201,0.008814638750548635,-0.006839819705463534
-0.03592626722846524,-0.006499353566830512,0.003140802881520895,-0.013094926209652313
0.032914497410006065,-0.0024969205105438846,-0.006587477530500353,0.007943358512954152
0.013741135791679885,0.026236200543567224,0.014266521155477625,0.018081267748955746
0.024625748771643256,-0.009230244496808109,0.0016809091201175142,0.005692132106179755
-0.033902228392476426,0.006205727723067529,0.009065350450700598,-0.006210377195852693
-0.06473923853637606,-0.009760771818510395,-0.0007483954475729043,-0.025082776851351185
-0.002621313418452924,0.003016016698116967,0.007555602832782058,0.002650099387379996
0.052780054153726615,0.010239175049102179,-0.006829879156058689,0.018729764619140016
0.02629737406118793,-0.005481799418771701,0.004104552880557093,0.008306700867615268
0.0026844736560914895,0.004148085083481645,-0.013080709465259166,-0.0020827148258451018
0.015476253117312199,0.008561189108441643,-0.0007517870262149745,0.007761877304627888
-0.016106021746255774,0.00908368716528311,-0.002049904074527468,-0.003024076527753825
0.0713526197010664,0.007906415048302057,-0.0010412898095649692,0.026072555574019517
0.0003949227773608608,0.0084547486451349,0.0044542780869515075,0.004434645401832586
0.008672520501878405,-0.014733991684650916,-0.000472410229917362,-0.002177958292936154
0.062402999550824075,0.012959147178569257,0.009518968431712063,0.028293676759996743
0.031606737002794816,0.023272210968166705,0.021917283096517477,0.025598718090415976
-0.01938019993247513,-0.002790146182140068,-0.0066774481657909095,-0.009615921810870608
-0.010818991950588814,0.005779561397513984,0.003586148608259957,-0.00048442683051097595
0.03461874245115919,-0.0072901491736486745,-0.012822917450655289,0.004835220440393131
-0.03623136145549807,0.0005549747467259661,-0.005514669455862703,-0.013730338324526215
-0.002224679183692006,-0.009293340439901654,0.007903447202783156,-0.0012048562687460276
-0.007131052513882982,0.007860979697260143,0.0033786698401180176,0.0013695309716327182
-0.055164369818348165,-0.01478862580137437,-0.0010721138355421255,-0.023675012810051733
-0.022506296846050072,-0.00901548179447687,0.005086354621173135,-0.008811799194643262
0.017575438611886856,0.012465908156749573,0.006706207075085057,0.012249172365389213
0.029741315020996185,0.01230098440175517,0.0010137463505807017,0.014352000905762094
-0.07712716618317818,-0.003619584742030667,-0.0026877219474719166,-0.027811463146069294
0.04253016314559636,0.01964114962230076,0.003721648548342892,0.021964298474426228
-0.043234472310445596,-0.005001806168157445,0.000783661469708461,-0.01581752318542586
-0.02134558830564228,0.0014342534623397814,0.010886267239012874,-0.003008352859740674
0.02437973937091196,-0.01189179232870735,0.0010991525462384693,0.0045290286671144965
0.06179722559680625,0.013341036943943608,-0.005239613703297228,0.023299526312934596
-0.03327379610911163,0.005724572796489995,-0.01746080759342176,-0.015003328632004162
-0.008330472436857339,0.008834760052470112,-0.008767680307766035,-0.002754461476253523
-0.05071567620345573,-0.0009374677677102375,-0.005370748589335445,-0.019007945178869615
0.016245328249863758,0.01737012698941978,-0.002649801929862457,0.010321874114589256
-0.03839115249860683,0.0035355122083623527,-0.00040898710559422865,-0.011754864043737103
0.06876644375983741,0.012137701506797771,0.01408293188798222,0.03166232738918008
-0.00857097714670399,-0.0181109078945271,0.004051307079899542,-0.007543518443584528
0.011262346635702672,-0.0023014465337152113,-0.0022741405259774717,0.0022289176297501374
-0.06264203551112907,-0.01136576005474021,-0.0062289432959153224,-0.026745552875015243
-0.0026402447336550164,-0.013319827202159953,2.5811952413047016e-05,-0.005311414683047314
-0.048229241862087206,0.016796653289992695,0.007457387391739925,-0.007991725735051134
0.020261516995114644,-0.017879126035604393,0.007543641391322983,0.003308674141600294
0.0023058191922530674,-0.017105278688752723,0.008644818726216657,-0.002051544871880743
0.0021726357228040822,-0.020357433401807273,-0.007225828933782562,-0.008470200400719713
0.010933704192087827,-0.005566842523581252,-0.0038062873476061754,0.000520190920108693
0.0013114145006772548,-0.011444620839862068,-0.0035628562650470816,-0.00456534963605643
0.05879111735239137,0.0008936111721652776,-0.0012490535843839188,0.019478538834832596
-0.024896134320244366,-0.009870315699036411,0.007148320240863525,-0.009206034053429159
-0.025158279648973846,-0.007645588868179872,-0.009331427013603786,-0.01404508446515399
-0.021395956183439247,-0.01498708811692109,-0.01198348827921081,-0.016122161404346188
-0.054716798176679696,0.006017481248428953,-0.007546103056111732,-0.018748454579647498
-0.006219041427792471,-0.008064493707194436,0.004440077867442806,-0.003281149141362278
0.03507513297971077,-0.00035735096182307267,-0.003076714756863898,0.010547011873318848
0.05154956105037066,0.01190011326252988,0.0019512125943641657,0.021800273835459266
-0.012285780401762595,-0.0057202366077173,-0.01432481278861215,-0.010776932489087416
-0.008766726606475778,0.008758270747310861,0.008243522655432003,0.0027450195204000963
0.02277622681774062,0.00810573655005783,0.011308015216551757,0.014063312131457206
0.023259360421118112,0.009735831814002472,-0.012447936986720878,0.006849078233714819
-0.02683659639024786,-0.00715598492581257,-0.0038038608214368747,-0.012598801447018387
0.05374133358657787,-0.006510097012975486,-0.0040625561293954286,0.01438954575850884
0.019478833507904515,-0.01676168985229875,-0.010263576882874118,-0.002515475226945041
-0.020504932066174472,-0.00577928214545937,0.00020158181745475758,-0.008694202103848896
-0.005637498859548399,-0.0034782747506617684,0.0010095591844923861,-0.002702068773167785
0.0063785376363970974,-0.008693716680309807,-0.012990103053445314,-0.005101755597358642
-0.029561189772191066,-0.009054129662276708,0.0009222243761640412,-0.01256435245506956
-0.031961066698437464,0.0054003521933745635,-0.014598149947112027,-0.013719607764436825
0.005643804326088044,0.011126891680519361,-0.000989001486009983,0.0052605595796343
0.04370749874972103,0.007429509539534533,0.001058908044041315,0.017398621379126848
0.07978144284440974,-0.008997154036456515,0.019922457704062004,0.030235551935089575
-0.016259205655374656,0.002029434361078636,-0.00023493761422220105,-0.004821564814603104
0.017127352984083195,0.0003964316667627505,0.001343943157842289,0.006289236313653476
0.032083639233993086,-0.00899866400262396,-0.012940836511471232,0.0033813761919197238
-0.02068844431274375,-0.004071876489111643,0.01302583430911111,-0.003911491586085931
-0.00765492893495236,0.004109200133976194,-0.0004956455091842972,-0.0013471234229287176
0.0019568079094578208,0.012411379683310495,-0.001020612351244717,0.004449187297982785
0.060771505119091566,0.009895077179084335,0.008594803900083698,0.026420435645624466
-0.007124996036782684,0.0176568359589229,0.005456337057385706,0.005329386997116313
-0.014603666851740284,0.003246845717125081,-0.004359006213615322,-0.005238603877467726
0.01681298036179802,0.0073394741616661565,-0.0009430285784397623,0.007736467578532823
-0.0008131556897187039,-0.017175220401992573,-0.011981462638552902,-0.009989936253475148
0.014014065740687476,0.003220964697947293,-0.003051322842794259,0.004727897804044305
-0.03297380544629768,0.021320778882027384,0.0020540862047829078,-0.00319964358684901
-0.022836168618741267,0.004630103627754784,-0.005859979118513766,-0.008022006681152046
-0.010509252778773487,-0.007974595773219195,-0.0014519556651284957,-0.0066452614271056525
0.029764167223319586,-0.0014286958938924152,-0.0015090854701167219,0.00894211967764153
-0.018884234487118384,-0.00576637221590356,-0.02389181083653302,-0.016180789665712476
-0.0020065903030676113,0.008976383999297633,0.023379414228119726,0.010116392525047275
0.01895272864883759,-0.0051598875915874216,-0.0005925438074356562,0.004400094683172421
0.028334832689271547,0.005099881338276878,0.016881348797023885,0.01677200416950316
-0.026649333065149775,-0.016863705026815765,-0.006990801835751834,-0.016834596474625815
-0.00588123671730203,0.0034693509640408428,-0.0009426529088882971,-0.001118178435870274
0.037554231039918166,0.002973366278067809,-0.0025267424114257383,0.012666938968568443
-0.010916248650400702,-0.0019024507757507696,0.0013986518042670218,-0.003806678733945609
-0.05114450880556086,-0.0024566678242453565,0.002521651304613852,-0.017026491415222347
-0.0628887507771517,-0.015288468693247355,0.0002441917150647103,-0.02597764994076886
0.014044707311924953,0.002469739760230196,-0.008424291096477889,0.002696715961840428
-0.012599949387946216,-0.0021491639673040706,-0.0009306333433521787,-0.005226577006285255
-0.03107949990271334,0.005783692567640517,0.01389922170003674,-0.0037988580794834827
-0.02572698044748516,0.0008868422382542864,-0.0019969838371348414,-0.008945698403081223
-0.011471818631900206,-0.012960840752896014,-0.0042416870240253295,-0.009558105911491713
-0.001987276756138108,-0.004267803580709446,0.01313705750037232,0.002293990093849201
0.014736446016747439,-0.002570766063846597,0.012216107950010326,0.008127254507041088
-0.0004072077867626374,-0.0067346088815419,-0.00943605102378107,-0.005525950371405971
0.011057022752011753,-0.009999822554232788,-0.008048975002915537,-0.002330589271120589
0.00888330470472867,0.0012373384199520165,-0.006538824916403821,0.0011939382088195522
0.016869117100653797,-2.2251344791520138e-05,0.001848772901654978,0.006231873320626199
-0.036942770076594716,-0.011330524065420537,-0.012929738409548466,-0.020400990449510388
-0.0005117881734905132,-0.009133084971805008,0.009276010712265645,-0.00012295402138914774
-0.019980375913775432,-0.004172807228348872,0.0030620687311350364,-0.007030364439958285
-0.018884004283434255,0.0074966768840497066,0.003632746318581779,-0.0025848577754072296
-0.043957715696161505,0.0008276289752230574,-0.0008868619658724162,-0.014672301556620724
0.010225694384330297,0.02057451820218454,0.00887457102356165,0.013224914645097625
-0.006067055284389521,0.007825707206407316,-0.006344934996713002,-0.0015287594961373773
0.03144777659442921,-0.010218363861291017,0.014512237419084835,0.011913871470190959
-0.04230651808693929,0.008681550826533402,0.007985874741195317,-0.008546355626706015
0.024845560453891986,0.007456776130377842,0.0010032156481944745,0.011101839642304023
-0.018941986280145578,-0.00785016474901107,-0.004414601230680482,-0.01040224035102829
0.006030403780006462,-0.004682801891692076,0.003667369959039078,0.0016716556107938723
-0.03524119050972228,0.010544679860372625,0.0023680216835841655,-0.007442822212425506
0.038095239522249594,0.0026681558214627474,0.001941130263144111,0.014234827634110282
0.005231081614062616,0.011456211534107284,-0.006993809275382297,0.00323115805976791
0.07138140483144496,0.0047995137752826445,0.0031130059440891674,0.026431281752297406
0.02630130257784314,-0.007722230177098933,-0.007750585535809332,0.003609492012149337
-0.040850539902623426,-0.009278847690736312,-0.021250438639701396,-0.023793251617744968
0.0015253146235919308,0.011663978570985516,-0.018649415198748874,-0.0018200388480164745
0.04969534730055862,-0.009932636253375583,0.016111083800915024,0.01862457965810107
-0.025631586306640707,-0.002808666850606598,-0.002333418844593896,-0.010257880409389734
-0.04980850905776131,-0.017565428117777206,-0.013855309801399894,-0.02707638858256381
0.06666617028023794,0.01687708513810189,0.021464656727117937,0.035002602379181874
0.005821377605568839,0.0038754640450020775,-0.012220991028268447,-0.0008413822845160508
0.027601688552117903,0.0033335893448138802,0.005051998128903282,0.011995746679519678
0.016210772265605,0.011947649222213653,-0.00046401632900678474,0.009231459154802238
-0.03583819430911228,-0.004070990826492926,0.0016908731013994345,-0.012739424605297912
0.03142079513636896,0.02803803644383555,0.008548565622557779,0.02266910973178836
0.03023541895233217,-0.010140647750936583,0.02507392168676467,0.015056215906489123
-0.018065975766021893,-0.02473357278485286,-0.005240023499863975,-0.016013174670388892
0.02322260036809815,-0.006388995151364593,0.01388032356323007,0.010237966022011614
-0.05617256610628925,0.003310593236622732,0.00028700713083591256,-0.017524971054621623
0.049421836545656773,-0.009146890295407432,0.01262320002167817,0.017632697791260414
0.0016897717287885205,0.0054004739836243515,0.005464559109550021,0.004184930755719357
-0.010118028485113156,-0.0008372809542703505,0.0009625633131791345,-0.003330912044486082
0.009203436273715726,-0.009573748350622257,0.0034053807150754576,0.0010116885343667626
0.03491942181990504,0.010845642656382591,0.004553558282994581,0.016772857480219817
-0.02007295838470508,0.00046745183903595705,-0.005800407210842955,-0.008468629450199439
-0.005560684395497241,0.0009691271516351606,0.0075798925997169805,0.0009961107891731814
-0.007589156450237474,0.0024774174879636517,0.0027736833277017805,-0.0007793510988388024
-0.03957519497765151,0.003325465446084225,0.002514767070739079,-0.011244976241955248
0.006198840925946921,-0.0011642648067233122,-0.0048915839510764725,4.766400838498944e-05
0.0007780812514736994,-0.0063853867791551985,-0.009441788520039067,-0.005016359666208839
0.04640051260985811,0.015952268804767144,-0.00025053167149139267,0.02070072921362804
-0.016350101342347434,0.012929719415127985,0.001840277213040988,-0.0005267010446912487
-0.016223272512964657,-0.002393055949018639,-0.004545823232892073,-0.007720709510907892
-0.002596809554665558,0.00019998064082574977,-0.0014473871831394074,-0.0012814040842543729
0.010936657112086428,-0.020296378471471886,0.0001228601878467821,-0.003078950644892502
-0.07707200263287478,0.002953516297976558,-0.0038547846510362254,-0.025991064337554486
0.04537917733796518,0.003779710138374741,0.019988010799171792,0.023048943042871146
0.021756784255918128,-0.011936235944854476,-0.012693192485504752,-0.0009575471005989749
0.03742106731444369,0.004702774815087847,0.0039668289536313826,0.015363541664163946
-0.02606342264666073,-0.0028731488884399556,-0.005574111256880837,-0.011503549427099576
0.008005791918489566,0.005932649677212799,-0.0042484499875387344,0.0032299939727240073
0.03345104198496989,-0.002479307559037481,-0.01319251635072186,0.005926400098664158
-0.048751660442404206,0.004211776043327929,-0.0072095417861374154,-0.017249791478595837
-0.020318689640924807,-0.0155547128946945,0.0024614769300051347,-0.011137297397896189
-0.01157109479934393,-0.00450694740400873,-0.015796010218763187,-0.010624673516021142
0.019389319520459303,0.005705886925913392,0.013643008619187859,0.012912725442448496
0.016010044883407886,-0.007578727787438819,0.0029434511582289995,0.003791585626476604
0.030531752081246533,0.003062862279285469,0.013902391729860427,0.015832319531128777
0.028944100341672854,0.0023714395117701522,-0.003222439346403133,0.00936435747131312
0.013922241804082351,0.0034208669313844403,-0.0037542315464942403,0.004529621200031787
0.03503369337582713,0.0013230874122189095,-0.0037414461671307496,0.010871767335193556
0.029292131660432097,0.009619753973939363,0.005179923042891386,0.014697254861818056
-0.026114662305886188,-0.011076270181619876,-0.011121879751322363,-0.016104254642005395
-0.06711350068339282,0.004505265239040579,0.0067683116232144375,-0.018613289327071326
0.026731340529234933,0.010711286811531063,4.2094026570347926e-05,0.012494894627538325
0.005112392003769504,-0.005961808402320805,0.003959490493234569,0.0010366903282030579
0.03394895061372877,0.012371568622338392,-0.0002888104802291479,0.01534388757470975
0.007359823309445788,0.00507828515821617,-0.004891893372803064,0.0025154025162145996
-0.004038439911419736,-0.017503102638814296,-0.010370025086763799,-0.010637178575143397
0.01797324300885369,-0.0022246802397901757,-0.0037916932680603474,0.003985619181377888
-0.019342255570238533,0.0014136911912106436,0.014588663702365777,-0.0011132991122538123
-0.007752812988245214,0.007217975683252053,-0.0021022693000620177,-0.0008790346559828579
0.021251493642540798,-0.007218993873083741,-0.011178747201879185,0.0009512499046084351
0.024816606466321726,0.006113521089670903,0.004107765343010595,0.01167928595370344
0.011709203905802141,0.01469282121423698,0.003387019692941278,0.009929671674645195
0.00607838522495592,0.00433144710168344,0.007974614050626473,0.006128142664273152
-0.026465924123781685,-5.861836449401036e-05,0.000670453205910275,-0.008618021142758713
0.07278470484027136,0.003559244530807636,0.014336032692802555,0.03022663046129983
0.015827194953756136,0.0013714126796912918,0.020322512318313363,0.012507027476880279
-0.05573993364172527,-0.007894201436895615,0.003309931572612756,-0.020108047727268208
0.07535620161134432,0.0106123448255496,0.005198349951845538,0.030388935073947687
0.011959548006416552,0.011774180295444825,-0.015048325488012252,0.0028951313761487706
-0.009504777443920327,-0.008488234501570241,0.00965639606397951,-0.002778869181631725
0.02972594367829885,0.015845401733670803,-0.013500928991960653,0.01069012811653086
0.013620855034031607,-0.005119714929341629,-0.005559791038354592,0.000980448708328773
-0.06614419519672879,0.0005947285551032519,-0.0021882474180432553,-0.022579215440651577
0.0485626619129469,0.004651087360510995,-0.010843508201806335,0.014123399567136829
-0.019279362864926163,-0.009664541963609061,0.006662609614592361,-0.007427090977549216
0.03629401946480876,-0.0012513776345659017,0.0067575056197285484,0.013933368549941318
-0.010241706100613467,0.013957061467602375,-0.014319359509014412,-0.0035346645126737874
-0.00761953972569953,0.003173698703517942,-0.003416949011842024,-0.0026209273904111924
-0.020746310323765234,0.003863262577128073,-0.010042061475828375,-0.008975027432452104
0.06442634072302642,0.00574343360239101,0.025848111159601516,0.032005929822377814
-0.019798867288267467,-0.0010775074434380043,-0.002629383876701229,-0.00783524503421603
0.012194904456616347,-0.0077465445460700826,-0.005642984400109862,-0.0003982077649797028
-0.016239648654445354,-0.0019427600328969378,0.014405554108261857,-0.001258950267408619
-0.01977355807480488,-0.009045177083882505,-0.00883746287009474,-0.012552053457528032
-0.031012612889575016,0.0021307744685862733,0.00023148077745465084,-0.009550109664392148
-0.05006628942925,0.0075978975654075,0.0018479351423128546,-0.013540138700357638
-0.010310432062721465,-0.0029427754475067286,-0.0049150811604371965,-0.006056090167458906
-0.06533472285037321,0.006049953106148936,0.01048193915230726,-0.016267593929695477
-0.03434786977380129,-0.012413484585563161,-0.019086578662945893,-0.021949289058125772
0.0330647125482305,-0.006322922145703364,-0.015037146437200775,0.003901544086894131
0.05514845426726267,0.005774816817680792,0.007514337656125341,0.022812513434486686
-0.0479368928880886,0.0024584535648670036,-0.006483481257764824,-0.017320622873021944
-0.006619778549083287,-0.004743245147171596,0.0018475698012316152,-0.0031718147931897906
0.008706133222735635,0.01992319998990014,0.0009618820788598597,0.009863728566760115
-0.04232275700494241,-0.0013126514885322973,-0.005231719141586487,-0.01628902625597785
-0.03318472012439364,0.009925788170510723,0.00028217391890428907,-0.007658911686073531
-0.001266566423121338,0.004068543563182957,0.0026945757167548667,0.0018321824534212096
0.008798723265806222,0.012309404897853697,0.007019924463100546,0.009376008166235945
0.04593081206894685,-0.003148879579937787,0.013187803551678711,0.018656560023650577
0.012058189699590743,0.01126013465647563,0.004338346658908164,0.009218881119434507
0.03071308534201423,-0.0032472836256490713,-7.377820005847525e-05,0.009130665374761057
-0.05132373878038221,-0.010331532158620593,-0.007760116334411021,-0.02313843928600885
-0.019925869109064912,0.003321540036330796,0.00073678197731697,-0.005289177075956683
0.014872022616713028,-0.009281102665492546,0.009488483095616335,0.005026462655811257
-0.022398546820446313,-0.01029530989543187,0.002714070528660722,-0.009993252069143758
-0.015666417585121564,0.0054482153463488595,0.015251206910387732,0.0016776665462034518
-0.05493224002494327,0.002060973580977659,-0.005140062354864146,-0.01933709026250032
-0.016051132123377658,-0.004013320445156342,-0.0036534442484081925,-0.007905957699681792
0.043814678169544645,-0.00225193882498196,0.006746115843256543,0.016102935626321344
-0.019785335291057766,-0.002214731231538658,-0.003773083140395308,-0.008591041296614022
-0.02851436384750537,0.00047217401907030904,-0.004875259682790685,-0.010972472197925411
0.008569808870235054,0.016212383240485795,0.005516353866195367,0.010099505226123412
-0.019354534158102038,-0.006805434974496772,0.00902237487701392,-0.005712525705996878
0.011833548887437487,-0.005308166359375184,0.005605492182957568,0.004043620860048386
-0.07190217425633615,0.0001251773289312545,-0.012335982036559143,-0.02803763161699502
-0.023024101560784927,-0.01511187229561746,-0.009172275712058194,-0.015769400753403672
-0.023673043179863188,-0.013194491501368947,0.0023198620489529435,-0.01151587936153552
-0.0009102138421440763,0.0067484961790451135,0.002240414634362314,0.0026928962975221265
-0.011139512628540897,-0.008330215144341027,-0.0006264568528131758,-0.006698721509836824
0.01562167006433019,-0.005961470502840703,0.006138671426916601,0.005266285063178366
-0.009155717268503474,0.00795992655098184,0.0013769889597039027,6.03993536613427e-05
-0.026976321896127246,0.01713672038780496,-0.011749298493821501,-0.007196292804414595
-0.04541995312553941,-0.00659479915832252,0.00012462126344456597,-0.01729669304342878
0.03852312742579305,-0.005360521455624033,0.0030382226130235192,0.012066930794121317
0.055319934447469576,-0.010457592330325408,0.0012324542502970045,0.015364916757548268
0.0169632658281995,0.009557636062896951,-0.011245113060614795,0.005091924518230943
-0.01556889799618598,-0.0015544141044324753,-0.0026480018997612972,-0.006590431409688583
-0.03833079255182903,0.012921541955650657,-0.0019209497115067523,-0.009110057659161607
0.030804959213378492,0.0036457729982929798,0.004229931964640558,0.012893541831882616
-0.010263112275495801,0.00557331626330367,-0.0051976504049484045,-0.0032958121765647064
-0.05011240415033261,-0.021730440926602222,-0.009521985500805814,-0.02712158307097002
0.029242892680713835,-0.007411543857902122,-0.01219932148898081,0.0032106725672678563
0.014462504959395613,0.009967695741722607,-0.0043343160388122914,0.006698621522140421
0.012105796014039221,0.00827348311773815,0.004360929201891105,0.008246727864486714
0.002435665381671708,0.0069377132566899235,0.0001790227960265675,0.0031841306273289217
0.011347932945121179,-0.005614120620219277,-0.0021397547999561103,0.0011980179769627555
-0.02324357086649712,-0.006530769391374144,0.0012201346123401533,-0.009518059030441822
-0.0418044520634047,0.010246137047193158,-0.0021278587251916466,-0.011228713351743148
-0.052554041167544994,0.008715768666905079,-0.02226939717543851,-0.02203586785613625
0.011205132799423652,0.00659544395261,-0.017557990462630818,8.086201560551487e-05
-0.0402205091739026,0.004731240210521474,0.002398471937735313,-0.011030254644949597
0.010630889613857714,0.014684886674398942,-0.002099128397073936,0.007738874891511609
0.03427589950571088,-0.007343069182747439,-0.0013720874614625476,0.008520239100252678
0.019392072718953685,0.005980483651868086,0.01351496317995015,0.012962493554417457
-0.0436420865025285,-0.011994311217971326,-0.002693410903815747,-0.019443250098168986
-0.0063943285098529475,0.011445099307462842,0.002318800597022452,0.002456521341686984
0.02429052815580872,0.014082142139191633,0.015697164095028113,0.01802326010673136
0.026134124080302176,-0.011197614507894374,0.005013500759156972,0.006649996793851481
-0.014040604899283621,-0.003407540831505343,-0.006644575181266191,-0.00803089893977808
-0.05682707305423161,-0.002113395647567856,-0.0013719318073019586,-0.020104113398900305
0.023823658303821927,0.007951458537913432,0.008710979747296895,0.013495352034311889
-0.00334187425129154,0.011005141371340123,-0.007290738030072796,0.00012417623914889905
0.045369657426278624,-0.006764846214920614,-0.004240836429244343,0.011454646806046295
0.015560705462725512,-0.00842021606473838,-0.01078834564980486,-0.001215950867987159
0.025927130368831916,0.003640998198968036,0.016454391511112495,0.015340824685464122
-0.06110022506970942,-0.00953545985579381,-0.000498519107645503,-0.023711377632981565
0.023004101798870295,-0.01609134600251226,-0.0019536110462700634,0.0016530465969810735
-0.02411591469336993,0.001540593327750367,-0.0026195181843530874,-0.008398271451711034
-0.05078993686235838,-0.009191282251285397,0.005655158991749426,-0.01810866859861141
-0.004963238875411677,0.00922928799642789,-0.0011421542984643056,0.0010412972328856952
0.00029825434553371055,0.008849683797245109,-0.005194691234778883,0.0013177476515843429
-0.03577019310360954,0.003909589005586671,0.0008280560028479282,-0.01034417235420895
-0.007045816736627851,0.0016341407376623054,0.012342379532011519,0.0023102322007808136
0.039624019012492455,-0.0011923576651568135,0.004416912799952216,0.014282843766237903
0.004226598752684226,0.009508086455791974,0.01126880575227276,0.008334488652419333
-0.021249707563027295,0.003934449544938699,0.006323505505124689,-0.003663913840403798
-0.008915458142374244,0.013517675798543917,-0.0019781284383479356,0.0008746955312441731
-0.03303171748711113,-0.0014705755773105835,-0.006675094774937192,-0.013725782220657021
0.031192584458838546,0.00701400214716052,0.0013683510434574927,0.013191632691506302
0.029541601550947177,0.013294195348543042,0.01639604628703522,0.019743927984894084
-0.028629575022549324,0.010326809324875546,0.003630721208587095,-0.004890676605680731
0.03268236092031902,0.004627695767220184,0.0013793718948299123,0.012896463297646847
0.01839741591775307,-0.014841401063256817,-0.007490332763821279,-0.0013114379916690394
0.028809865806831605,0.0051682938717633594,0.012558725383355058,0.015512279508354987
0.05595805249322082,0.004858197858867974,0.017359231923374248,0.02605846803332692
-0.005295835828968374,-0.00675700799542617,0.014839091091236864,0.0009287481601983508
-0.004738797885143739,0.007251475729003489,0.000571056057384898,0.0010279102725035821
0.04052831829298471,-0.010512708879836593,0.00366664437644705,0.011227406702447124
-0.032234914066635444,-0.009553152027896158,-0.008413223884285335,-0.016733746592508987
0.03438327167467747,0.004263288526972836,-0.0029165597917764955,0.011909988226624466
-0.0013121166097316505,-0.008659575850642304,-0.00420317773324492,-0.00472495200624956
-0.0018077786962263846,-0.000747410024841525,0.00654435419876463,0.001329720496177081
0.023854152557080212,0.018768405662768498,0.012674744704340024,0.0184324158756286
-0.02806498368115425,-0.0023051055140377993,-0.0072943326561245945,-0.01255479472896493
0.0403542947099732,-0.002886436021323147,0.0029877627184298145,0.013485193650486152
0.008754340418450681,-0.012240992731742712,-0.01120597133283933,-0.004897536317835904
-0.053225921445851754,0.0036693488394420187,-0.0162709876219196,-0.0219424981335897
0.009837775292657896,-0.006366482472757878,-0.004261006648392499,-0.0002632376795928841
0.051486677846507366,0.005653467461982458,-0.001228938789486371,0.018637050202598978
-0.011674964086560241,-0.003560159560798339,-0.0101182477082395,-0.008451115334075575
0.02700958707637676,-0.0028743257313717176,-0.00590357938397988,0.0060772212431144
0.03778752790538507,0.010773757805431923,0.00960039048883495,0.01938720601265858
-0.006885745088058509,0.006236035930246095,0.002382446650348303,0.0005775785865994655
-0.045608219717609075,0.0127665208883199,-0.013367856730261507,-0.015403169783331708
-0.0110389376518183,0.003095512167052267,-0.004812958681259669,-0.004252123803213845
-0.01633564488138398,-0.0012382416718282547,-0.018846661848806026,-0.012140170660489953
0.02537573835238487,-0.02001127633536393,-0.0007131004081790712,0.0015504523191600865
-0.017924021667670025,-0.00994661751290349,-0.004200592535084837,-0.010690399881475545
-0.022261922044883108,-0.007547734015664156,0.0006403773815218012,-0.009723083169915594
0.014198725374240502,0.0010574651938195323,-0.003043248652952964,0.004070976567388385
0.0028325704933593165,0.012716798607213505,-0.0010455990811684833,0.004834585171878107
0.01236754714225081,0.010312653488780259,0.0009522619082465494,0.007877479635605027
0.008519869899451015,-0.0050820819164335085,0.00675097753478616,0.0033962517763460494
0.01865969279386444,-0.012738616538510491,0.004443938517854199,0.003455001469397792
-0.012950808747496042,-0.0019006772765743263,0.0015288360567615347,-0.004440878881552954
-0.03501508171595595,-0.014291936722031886,0.0037866730220613154,-0.015173433298527033
0.001773137616308044,-0.007600767282916785,0.00858857536139297,0.0009203143112795116
0.02348201049074722,0.003917951503881651,0.003467698677898285,0.010289209934955496
-0.025171000549521903,-0.0072972054419239134,-0.00566323499136491,-0.012710467617123246
0.05279614888876925,0.0023437819575552604,-0.002870852239877567,0.017423008779122777
0.05096314871356966,0.011928493818733276,0.01062731080506438,0.02450629327280466
-0.04070354351310091,-0.001399252729218382,-0.0008523968001222235,-0.014318383362416157
-0.03579235905229615,0.011442053514963642,0.006707112252040084,-0.0058810585473663786
0.004282172145733286,-0.0028509389953755254,-0.004252798836004407,-0.0009405209546936536
0.029273634498674463,-0.004109523520315492,0.014034448977879038,0.013066173585892684
-0.024087895021219587,0.007778541340386433,-0.008969462329743254,-0.008426263577253465
0.058917169841319186,-0.006524413721119483,-0.006084221129492076,0.015436162894057545
0.015280788043767235,-0.006040323209554459,-0.013894336552608105,-0.0015512890215078705
-0.04449769198051981,0.0045486205998752,-0.009862057078369534,-0.01660369288262856
0.010927265239527528,0.005913651119625103,0.006871587428635502,0.00790416002509478
0.023647196284723823,0.018139289911354668,0.006843810152025672,0.016210082572602605
0.04796965917162357,0.003271658493085051,-0.004992951473051309,0.015416106647763704
0.019415809632360174,0.00012780240219237553,-3.2950477897340205e-05,0.0065035473486645505
-0.003857740211216902,-0.00228571454962702,-0.009988482279673482,-0.005377306969526788
0.0038963372455558926,0.028477205966918794,0.013251415603554608,0.015208304397023491
0.012593325345606145,0.00851267233770842,0.006927415148848894,0.009344461599583543
-0.034340202322181386,0.006192020082509873,-0.0069852408555028805,-0.011711129320583767
-0.0022285564062993327,0.013664166098300847,4.84511808830784e-05,0.0038280164629412397
-0.03529930275381282,0.004015353502147608,-0.01540096087231633,-0.01556162114635714
0.06132470897030948,-0.0013597051858492766,0.01065955773129968,0.02354149696373279
0.055445784746189254,-0.005198766732424549,0.012655270274783534,0.02096740846208665
-0.057755778197268334,-0.005133285456019838,-0.0008945182465828056,-0.021261172705429692
0.07371758271242572,-0.013800104874679225,-0.004812914803600878,0.01836816930986086
0.03289324733203282,-0.00027350807727957466,0.01456844363778215,0.0157293785681175
-0.06842969996524717,-0.0049530032615372685,0.0024878611821412665,-0.02363159038326704
0.0009271584529116439,0.005622306502845025,0.01451935391612635,0.007022932601021382
0.023722482997742246,-0.015251544812289096,0.006728290030248175,0.00506640433882437
-0.01657323700529812,-0.021300036954087657,0.009562380566776229,-0.009436955027238719
0.009550570680362391,0.012637113523211166,-0.009336428640055374,0.004283747570754206
-0.06993333224091813,-0.0005290403444269096,0.0051436980055039536,-0.02177286975372217
0.028445818916207975,-0.009921159883357868,-0.007148535248140284,0.003792037469528679
0.042160610591822474,0.004923091738750235,0.0005580586347075367,0.01588057110783976
-0.01616353154297114,-0.0010451662932075027,0.004142310304315008,-0.0043554581551587005
0.012810797518687272,0.00815223115402111,-0.0004567058563543997,0.006835434103343722
-0.0618125967914902,0.0021711038202645006,-0.018548980155040858,-0.02606346497859781
0.019528665749696396,-0.004516649671678303,0.014872297353180795,0.00996142784896182
-0.03133655638934551,0.0012870995453496256,0.01854340011707473,-0.003835348406954809
0.005517168608577968,-0.00686798672986809,-0.011091918101260777,-0.004147574593271559
0.08185225198173966,0.023357260359266177,-0.012132874929278534,0.031025514778363298
-0.06445001668516323,-0.0005787972347163903,-0.011175936068004192,-0.025401557927711274
-0.011398568617452956,-0.002951693716760124,0.0036715592641749055,-0.003559564130445035
-0.03547595148916462,0.004402734128720446,-0.00719381806405966,-0.012755665719156135
-0.023040462237352653,-0.007142585044102241,-0.002797178396736252,-0.010993397565988489
-0.06687841606593885,0.004857864294613405,-0.009106862012458042,-0.0237091142187899
-0.010620961263766044,0.004774082610467643,0.005572872870830794,-9.133516948727463e-05
0.02941004085162064,-0.0001220833075137104,0.017474248172793697,0.015587386318231637
0.015700142007322716,0.004787305639140614,0.012640717670633848,0.011042710729643954
0.03690474951554979,0.006016787057700069,0.009594768810885796,0.01750541762261009
-0.026064818588023817,-0.008577731175097794,-0.010363780906373552,-0.01500209522105483
-0.01580985037086923,0.005728102250704584,-0.00328481429837617,-0.004455516350659466
-0.035891062642180796,0.003580274626676628,0.0018293720097925532,-0.01016046184143187
-0.0025055293074496073,0.007144482077589762,0.010749644602997772,0.0051295273281801845
-0.015729549278158367,0.0163968851968483,0.007811725399805106,0.0028263509464779074
0.029593779750426052,-0.004175982487811516,-0.010966291588392525,0.004817163740905446
0.015123333850521687,-0.002218609037482934,0.0009888834075404767,0.004631198108990336
-0.022673076342295696,0.008620628884831253,0.015603689304686105,0.0005170800986599386
-0.013321699015135545,-0.013655827952920167,0.001628020512504196,-0.008449827035348354
0.0034722965724268487,0.013128326935516473,0.0009803224028791472,0.005860309443292185
-0.04712830842483734,-0.010895845164201912,-0.011481142335698932,-0.02316840880648075
0.09472021444742805,0.005759459832790778,0.00605380741576457,0.03551112505416723
0.011388784062533438,-0.005890403824529392,0.006036469974528549,0.0038449462258941273
-0.02764292232636794,0.0007457444299954978,-0.015510378422160449,-0.014135837970325523
0.015377376369090786,-0.019623543340917593,-0.002870272851673321,-0.0023721442356867684
-0.00848601852648975,-0.0037869244984223382,0.0018794318420942686,-0.003464500263102212
0.08050879409712268,0.004946503880441936,0.006900898195569558,0.030785367938979333
-0.03732010986807612,0.003474913536675426,-0.013843440301769268,-0.015896196314844444
-0.010327370433542739,0.010358092957935447,-0.00616775225471714,-0.002045674531098234
0.030151451094724745,-0.00649599645294095,0.010048999999613558,0.011234806978980903
-0.012113632419471524,-0.006363091673810547,0.0011674529213791763,-0.005769751287543907
0.0015232506438082162,0.0010153263170594206,-0.01861861283934032,-0.005360006599478934
-0.0011383172960161094,0.006446993930336425,0.01216410648939271,0.005824255216976634
0.00886926537585304,0.004512239326998611,-0.00949164706941891,0.001296617914525036
-0.029439238099182776,-0.007016574517115965,0.0005432203057177821,-0.011970852132662883
0.02931381000299288,0.007420394311697782,0.0068004773369255995,0.014511546038978203
0.027059974401877195,0.0032767919242692755,-0.014135097244895253,0.005400550959860711
0.019855879111131312,-0.015341398193209024,-0.0004802609651616463,0.0013447386395135626
-4.384154280039814e-05,-0.01023980896369816,-0.022221880754473306,-0.010835166251813534
0.029283374429249834,0.002581293461521127,0.010130007027094325,0.01399821097439679
-0.02574112718248579,0.004677647899719706,0.00867079896771846,-0.004130889307455769
0.01749834383905419,-0.006563814027165978,-0.00925803734862277,0.0005588302622576598
0.0067509621626878295,0.00220738257162657,0.010210119459201522,0.006389481675017242
0.020127540769652865,0.00018784116364301635,0.005842544039684381,0.00871929993835143
-0.013901978844925934,-0.007903239523393692,-0.0016289874636157948,-0.007811394132576529
0.01681074091044162,0.003977152382134454,0.0031595531240155798,0.007982474156381746
-0.004717954141375175,0.0016761869204897982,0.0009370292162045754,-0.0007015786333142657
0.052792693843237905,-0.004124932168573561,0.003608921268912429,0.017425543555631275
-0.02824808751783953,0.0043689446059995765,-0.013699132503176331,-0.012526079278913622
0.014632447472464567,0.0007644124652855474,0.007627434064241849,0.0076747569925659865
0.07026895696209709,0.0008285969295302511,0.009201851094647622,0.02676644156228999
0.02516283063599963,0.0022902537389108365,-0.0022277415824462346,0.00840843918904048
0.027182900243346856,0.006687086730068301,-0.0011483985908143845,0.010907185220337462
-0.018640738019784074,0.008722240223034562,-0.0047478797400367576,-0.0048887876234695775
-0.052560195238765296,-0.0041733570974853374,-0.019349995620671367,-0.025361157291124682
0.028172185921002017,-0.0015452072240603903,0.004212805589702259,0.010279917815619865
0.051871864315531827,-0.010026361699169387,0.006565414395670339,0.01613695620037192
-0.011740316395002746,-0.012484058416272353,-0.001248653501590826,-0.008491000946612539
-0.010850434293346907,-0.015871121775507726,0.0027904733212082457,-0.007977019605521213
0.03126293575274073,-0.002212884290906053,-0.0038264175365351374,0.00840786956722187
-0.012068511643357078,-0.0001825442654745464,-0.011531828180228186,-0.007927620102058573
0.007694316179821695,-0.0003135401058028663,-0.0027214104209843837,0.0015531203312229309
-0.006369488013696672,-0.006373404265540989,-0.0025531160008215037,-0.005098664328016962
-0.0034059935616029785,-0.012538430144218397,-0.000590325728579053,-0.005511577633216998
-0.003791360466600793,0.006918889528988997,0.00820399091661599,0.0037771695491614046
-0.006684668459653976,-0.010662970988037822,-0.003538351994230774,-0.006961990185310377
0.0611529977410517,0.014860947867908527,0.01564454764808632,0.030552800532851095
0.022051480865332776,-0.002823469999319885,0.0016718523970375024,0.006966614121062377
0.009171670367237197,0.00393500391417747,-0.004520500828932435,0.00286205495543626
0.003844080494923875,0.006666402164057347,0.00015039160496796487,0.0035536212010249743
0.013415954080355393,0.0004909353771590386,0.008899570504898454,0.007602145718650974
0.007443782821624997,-0.011954173296396468,0.008889394071438078,0.0014596664058876701
-0.024140373677466926,-0.005477451015470132,-0.00042033281872465365,-0.010012709157834733
-0.024965504513396197,-0.003420300971682355,0.005605235643482075,-0.007593515687008878
-0.016996999085869133,0.0008637036057888893,0.006965554494078775,-0.003055910606086828
0.0006346773166008555,0.00276739032985494,-0.0023322220667098006,0.0003566148366334718
-0.0018658731615951202,-0.010280257418854417,0.003699831064426092,-0.002815430356574643
-0.008279766573503705,-0.008069441053113862,0.0072195946507506315,-0.003043201282084653
0.007222344890754094,0.006916202130232046,0.01396595180503017,0.009368156907172494
0.021054694050259462,0.01176303121192139,-0.008407472556830648,0.0081367427650325
-0.015474440124142032,0.0159762631877027,-0.0006295383555034899,-4.257172140917634e-05
-0.01499559743426054,-0.004269202035469012,-0.007316638039124952,-0.008860470309138998
0.007621576491127007,0.009689200165547222,8.032158361189693e-05,0.0057970269497292955
-0.005304118539914512,0.00537419435137716,0.00014570914355584402,7.19282464111787e-05
0.051161610053077226,-0.00900341039151408,0.004355971289463539,0.015504708145618579
-0.021287784574420605,-0.008840129426537205,-0.010798986758435483,-0.013642286610830844
0.012819112227045614,0.008913922008250627,0.02990582994985948,0.017212937515430512
0.009292795475169863,-0.0047753763477773,-0.010756184129410469,-0.0020795862544176346
-0.02794827473158704,-0.01586277246390373,-0.0076336260480085166,-0.017148207266275348
0.037070565784283464,0.008619430987402848,-0.012072356073145322,0.011205869026966764
0.005056341468141403,-0.006175774753037041,-0.0018228182246766982,-0.0009807495224402757
0.012618885960398335,-0.005136953792591872,0.004192753242186569,0.0038915579117692074
0.05617162064581795,-0.004988783559814326,0.02170806964700511,0.024296944614034
0.04578631636682226,-0.0024939502486362583,0.0180066969544167,0.020433000591179876
-0.0326366257547843,0.0035491320665338114,0.001434703909841073,-0.009217587375206546
0.0031979171553118252,0.007265899268918528,0.002740376589358347,0.004401393269798562
0.012879476537412896,0.0019458640500803247,-0.00408679180054152,0.003579512682800971
0.04401367586031415,-0.0023267950104396743,0.016129806661087272,0.019272209898091412
0.00029970746958343786,0.0014666310281800385,0.007101893329420109,0.002956074319650586
0.009420344249098364,-0.015076386732069062,-0.00460146821597259,-0.0034191668138108633
-0.019804628684203487,0.005182874648456572,0.005224155551244173,-0.0031325296956347523
-0.005276806869291601,0.002248828168183918,-0.003092567599711955,-0.002040180060091112
0.02395470130188233,-0.002798854003008567,0.005954757997246001,0.009036859395171489
0.007704152338573331,-0.0015424791152103077,4.0934035330685925e-05,0.0020675336853621506
0.0001496176025023812,0.002267333359003449,0.001444090171253186,0.0012870124239059613
-0.08405748462581153,-0.00604804728109635,-0.0017236345582316765,-0.030609691545324363
-0.011423602246144358,-0.0008525713857031667,0.009885355633725513,-0.0007969385357680046
0.013493261206039178,-0.007162662378037818,-0.004083747136517206,0.0007489498148774877
0.035166950392403695,0.0013308649706527073,-0.005829927945161654,0.01022261891666911
-0.01431178708022661,0.011233808696283954,0.0011650900217333676,-0.0006376288164403086
0.05180278739360588,-0.017763824522541948,-0.01633481246047513,0.005901377568812797
0.0031951590478722304,-0.011780455949388114,0.004643585537800905,-0.0013139024740012046
-0.02485598689639626,-0.0009050914430158379,0.009505695170464217,-0.005418455637854903
-0.026142650071756583,-0.002557051402107595,-0.00015577681451198091,-0.00961848314429929
0.012328968642718558,0.0054669675649434615,0.013223683295345482,0.010339862827795998
-0.039386107001560346,0.00746927908990352,-0.0004305362210947413,-0.010782443928462478
0.008040281655198283,0.0009301334076134432,0.0018045611612903254,0.003591655149708609
-0.02719435474994286,0.00844494302471609,-0.004916950460265836,-0.007888779506376807
-0.03626612760189303,0.006856984216285242,-0.009426599234830316,-0.012945234594898493
0.018323505671076355,-0.00014664456786655437,0.014074248518656155,0.010750359123585445
-0.02633641847861372,-0.012059086219278953,0.0009863583248610514,-0.01246970298796175
-0.027427627931777294,0.00624064522446757,-0.0005171876370687431,-0.007234716213402707
0.0350993783899315,0.0015684456258306257,0.008702392822163962,0.015123390489236416
0.00017444095878459956,-0.007605829964772175,-0.01158261943698365,-0.006337996476320927
-0.013369035147435288,0.01064168690400802,0.004340398663419398,0.0005376829356472367
-0.02086856098603698,0.00041835613647695305,0.003779148427272608,-0.005557013250410333
0.03351326224116078,0.014260439892080213,0.012288571116998229,0.020020737729321992
-0.05401395113546841,0.0044274971014129786,0.008660350072008209,-0.013642021011981089
0.0019126083545994846,0.015009747553148677,-0.003004385171703147,0.004639318939358092
0.003311393948980872,0.007574086286252143,-0.007143247791313374,0.0012474095672290657
0.057819710713766424,0.008902271376286382,0.008852840160224883,0.02519158222515181
0.0033300547785432093,0.0044409415800877,0.003930642277645428,0.0039005423115459
-0.030003327481497043,-0.0032686693024204694,-0.003578968024573113,-0.012283642652508605
-0.02695200185170075,0.008642028170280761,0.000190399803213464,-0.006039851919544216
0.009566799567796174,0.01251633193367141,0.0022864299402459666,0.008123179024050702
0.07190325360327789,-0.011302739435464636,-0.006920501150116429,0.017893319779227933
-0.04814462199056928,-0.002520012787175602,0.0011318701787865605,-0.01651090502206457
0.0190794568131653,-0.0023534235966578576,0.005995993822417433,0.007574001438965945
-0.017565094234784338,-0.005531358387552498,-0.005653255201707435,-0.009583226358112148
0.018038059603685826,0.01333192561614353,0.010724639711860787,0.01403152761235507
-0.031001052642272865,-0.014839457403726369,-0.004488739126076424,-0.016776399614275496
0.027030976592087117,0.013101303659624088,0.015376582462291415,0.018502935735046636
0.06154216147058355,0.0057773566760483865,0.0045437029785355375,0.02395438308731545
0.005644586593640449,8.720865573903639e-05,0.0019418082895497788,0.0025578652884419087
0.0826175321852043,0.00856376728209939,-0.00933058408205209,0.027283544511512072
-0.019589524551063213,0.01043968236172219,-0.01429845318582487,-0.007816090642290172
0.029026583877801028,0.0031471134617676506,0.013008708749466908,0.0150607869688765
-0.003281591790711994,-0.005517982435649764,0.007741204409360575,-0.00035278958621045534
0.0066007671769460555,-0.007444596943755953,0.003613314191059869,0.0009231605515885158
0.04638109734928848,-0.006990503535960519,-0.010781416061926822,0.009536383047407795
-0.027217398550796017,0.011231170681664938,0.007807953235131325,-0.0027260888185750396
-0.056834091428224626,0.0015316365940263965,-0.0045292121314827235,-0.01994386904467133
-0.017263546078804346,-0.0018146364814422117,0.013406052754874491,-0.0018907080444140873
-0.0026963193270110237,0.004670567755268916,-0.0023473418651782474,-0.00012436435460897295
0.03351201182936083,0.007791297946858238,0.0025563025766063667,0.01461985616440436
0.018019520658613612,0.0012239129740888477,0.01895724876191063,0.012733548064643566
0.03660311661145627,-0.0011990596008453775,0.007027671955391158,0.014143895511424363
-0.016885728518282232,0.0012666091498048891,-0.0020583150157720154,-0.005892472235604991
-0.010947710044943808,-0.0012981431952577508,-0.0027943654114318543,-0.005013401203804921
0.054293509313135105,0.009076352496600755,-0.002124547951290607,0.02041508420437713
0.024901001078364064,5.969829649105714e-05,0.004890852677522159,0.009950507400275076
-0.05479074989620541,0.001661636150368947,0.00397142516713566,-0.016385879807004074
-0.00612488234893474,-0.01213598086478774,0.00022496433150285026,-0.006011960282106915
0.03517094112423543,0.015454854988443997,0.010848026282288727,0.02049125364038192
0.020650518630561297,0.012845143405306745,-0.0037608771489512755,0.009911585050710627
-0.0009075457790892077,-0.011225635503758854,-0.00707345165603397,-0.006402204577416364
-0.015161989527679918,0.004427647801488662,-0.009250354887160998,-0.006661558876218546
-0.020862702211584996,0.00931512870310374,0.0028039252654692088,-0.0029145464997879346
0.015363028567003275,-0.0038366207229849204,-0.008582673951349751,0.0009812436496449035
-0.009379282809913639,0.008846446035390506,-0.0009707724509381321,-0.0005012025739506799
0.12186053194452792,-0.015360463904214302,0.006647302896673339,0.03771575259653867
0.02798577791050537,0.012260097332280825,0.002705606769699687,0.014317146353667955
-0.020575707348352876,0.01655544923213024,0.004189830216651758,5.652397695233941e-05
-0.05444516980919847,0.008577355336733884,0.0009512275657927112,-0.014972180663361655
-0.06766747281900512,-0.006977442754703019,-0.005261352845045109,-0.026635396170828277
-0.013710715464883581,0.0002483366496842461,0.010199583677934857,-0.0010875972914897798
0.01564340046052194,0.01877227498090738,0.00521015800272398,0.013208597939439952
0.034724643169207675,0.004627142186550081,0.002196125769545252,0.013849289859130627
-0.03512850206402281,-0.006984708772389816,-0.0021649825957089116,-0.014759383051309367
0.00399464564251257,0.015447741412014741,-0.011192947696481473,0.0027498103695354926
0.00018498601998429443,-0.005894706558758442,-0.0026026154962214593,-0.0027707759075531906
0.021005390197173054,-0.0025723907540170037,0.0001052797941488733,0.006179420233008562
-0.05099560460596707,-0.013826054540096343,-5.014445066288094e-05,-0.021623912908307567
-0.0219717383451323,0.009276659774513375,0.007902289363629213,-0.0015975948047335011
-0.008682065525853395,-0.006101817096427024,0.0016322648319690822,-0.004383868212897849
-0.009954154346705827,-0.022526111529943223,-0.009134315091259879,-0.013871513117775987
-0.027435767444842215,0.0018016594888059273,0.0058254803055542165,-0.006602869280618139
-0.027530913001168878,-0.00762796152036929,0.009417317912594514,-0.008580510289129015
0.03175660221147765,0.005071968870537267,0.0059878072202186865,0.014272111828618433
-0.025554885782158126,-0.004992480815296243,0.007418578950498592,-0.00770958817272271
0.02420961471471358,0.010191587502904147,0.008199416425258274,0.014200192014085785
0.006197975637779339,-0.003792723413550671,-0.0008012483230236916,0.0005346674324003584
0.014401897550563472,0.0015577972307421666,0.0021401691738279897,0.006033281951756557
0.013395953981671548,0.0037548086405933914,-0.0005990304802987298,0.005517238530078023
-0.025186699993512536,-0.007645093159434334,0.014299711827577463,-0.006177354264429361
-0.0031715883707666872,-0.0017668587271137946,0.021170477430201833,0.005410671366763673
-0.00975759560627664,-0.00966625188679412,0.0010474821443860966,-0.006125448990773105
-0.0160117496720015,-0.0015299230443443067,-0.010000134710598902,-0.00918059329504576
-0.008990816723450869,0.01211691725808352,0.002986484531375914,0.002037526317807833
0.026952569369128074,-0.0025872997620635307,0.0038353109948425705,0.009400184133775503
-0.011746058387937698,-0.0005879982637629959,-0.005389462380784969,-0.005907833769655543
0.011848497753425445,-0.009723315091962781,0.006190262857838637,0.0027718124012852605
0.04018598661138266,0.016666074055915987,0.0032187732544318275,0.02002359128363218
-0.029448518577077237,-0.008158664327725926,-0.011848813257229092,-0.016485315568678695
-0.005852988977282883,-0.01630349563055035,-0.0026045994688429722,-0.00825368643853071
-0.041737599477413664,-0.006688050793083823,-0.011937357370057175,-0.020120982425849008
0.009561341543634956,0.0002922761181388041,0.0019826686686130685,0.0039454248313668325
-0.02477342625896823,0.004108279238576387,-0.023258291305626153,-0.014641131467526556
0.04487246298070492,0.020038784091679182,0.012044547264392623,0.025651905793660796
-0.0038032954260043043,0.0005845503921353712,-0.007312683748730122,-0.0035104727503900905
-0.017518648302461037,-0.002712576344365367,-0.011767457830362343,-0.010666216826168756
0.0501325205592279,-0.0027109195603400604,0.016980664111535617,0.021467400236052783
-0.051023530191360245,-0.003697745965952823,-0.00994005061562897,-0.021553754037205088
-0.025150464901346432,0.005778711990436664,-0.005144512431817719,-0.008172080275487381
0.0731778537423629,0.0033750368889235677,0.0010879966237055125,0.02588026987136824
-0.0008070026120562848,0.019758656348622883,0.009102606064682927,0.009351410582329907
0.08242742227760999,-0.007794295321863411,0.006812020954482268,0.02714835548836031
0.013142273518268004,-0.0012870875691125346,-0.007125626765288558,0.001576518151435909
0.0027976743070067954,0.0019808803499474187,-0.023638662897361853,-0.006286696460099799
0.017994379336106738,0.0017983168817615382,0.0006305722910554849,0.006807749361885084
-0.04398491308037086,0.010611754445909047,-0.0033207574158147994,-0.012231293118786854
0.06626942406771913,-0.009833340048989746,-0.0011374095679256369,0.018432873050709765
0.017335065441197086,-0.000141263886061683,0.006595054622965295,0.007929610796414839
-0.00679503230609356,-0.02337315392942185,-0.004973545099626204,-0.01171389873113676
0.018416816950936294,0.006921406052685293,0.0009705226773286741,0.008769573124068192
0.051746228468117404,-0.00037241263910955567,0.009802720762538115,0.02039215847166979
0.022274422077696317,0.004137531923877219,0.015590407572536382,0.014000773190582782
0.04918147741097665,0.022608305459715473,0.002532814328701824,0.024774174292265583
0.053649235932744316,-0.0002857238155090871,0.0007095352430157599,0.018024331095734543
0.011378164702469534,-0.00712244768993206,-0.0070827570905170455,-0.0009423457503131646
-0.020769928364239448,-0.011677333446978931,-0.008835178244941065,-0.013760799591239796
-0.020935236142375503,-0.00032526684730344176,0.006511705820794479,-0.004916260806695766
0.0537399564277941,0.017137759986363056,0.00693349966486888,0.025937046089269986
0.03208054724649608,0.006461512928709687,0.0030346303271084262,0.013858882975207898
-0.01970387892987964,0.005693041652363795,-0.0052984331665946755,-0.006436417044946691
0.014873581415995131,0.01001272226105446,-0.0024708181084557323,0.0074718210510360955
0.0559447506988123,0.0030242970253328244,0.00039807491538362155,0.019789021090802036
-0.028274561036573883,0.013596141915345163,-0.0006139643952496154,-0.005097456074698272
-0.05558777089039743,0.007715809769311054,-0.0019981476803879227,-0.016623352977121832
0.041521389400979165,0.00920027031695946,0.018899306831150015,0.023206965642707366
-0.0013038690502095922,0.0038568693732002352,-0.01190163195818977,-0.0031162074288558304
-0.008145241262198597,-0.012506978750320637,0.004594002127266533,-0.005352733942344939
-0.018852238774837667,0.008905161112850475,0.005129217991487937,-0.0016059516175465278
-0.01851106979578798,0.018339479528958442,-0.002935125665451446,-0.001035570941855017
-0.02424821504850586,-0.003493517625275016,-0.01483887369945104,-0.014193521264208513
-0.022597259366348328,-0.0028740959312175047,0.004308526822990358,-0.007054269103915666
0.023913840668302905,-0.006458489107977442,0.006329997573030044,0.00792844178266879
0.015103718691902105,0.0025565153039097226,-0.00291758622866671,0.004914211008165784
-0.04969518381707862,0.0026758207906621696,-0.009044849491549408,-0.018688052151251112
0.026348751500022402,-0.00173057150440526,0.007502297138219326,0.010706815004453111
0.047402231223505974,-0.014679956432435476,0.00039302946641435997,0.0110384237140602
-0.011716960358881475,0.001057862007908212,0.00028005478971583045,-0.0034596777274046235
0.008708730497113463,-0.007828501501847659,-0.0019879693877445383,-0.00036924642824611397
-0.0216799936265236,0.0031975097612788393,0.0018894476711729413,-0.005531006533678541
0.030385702098106277,-0.006772693034760232,-0.006940974974582192,0.0055573391389099214
0.01397090994532247,0.004595251008491467,0.0001489564662578508,0.006238366234984789
-0.02070235148772302,-0.0009082394131361967,0.010104510108456307,-0.0038353564287740387
0.030353559178851717,0.002012464560763156,-0.0032148920589124886,0.009717034176523568
-0.010131721140829478,0.0008635328578456685,-0.0011031454703393693,-0.003457107793996475
-0.035595144243481334,0.003676831679378397,0.004373584837064652,-0.009181566727436854
0.02890606224063246,0.0035540362864896007,-0.006122104394951373,0.008779322598058852
0.02406799088566667,-0.002784156035920437,0.01554436623159063,0.01227605475104526
0.0008357030718486166,-0.01407642170842137,-0.0029441580466732765,-0.005394953499456449
0.01648657041002784,-0.013230260052188731,7.714658356868334e-05,0.0011111512026502836
0.024591343284776766,-0.00197903143351764,-0.0011455233380577939,0.00715558901547094
0.06779572628252031,-0.008395657023390958,0.010322746197107633,0.023240915244473845
-0.055771059734409115,-0.003880055355431756,-0.0064106627465550636,-0.022020570591539366
-0.02391767822446237,-0.011591009770668837,0.007917590140476381,-0.009197023421185658
0.005118113682258079,0.004023139425224877,-0.003525338115586338,0.001871969791993875
-0.015006392708139225,0.011374554364384856,0.01002015493138736,0.0021294367331054676
-0.0153869185257757,-0.005176728496433237,-0.0012968962965902537,-0.00728684048608529
-0.04553609823944132,-0.006502693852531267,-0.009652476811929338,-0.020563735737544338
0.02187575221290779,0.007265254402251603,0.008934850211013055,0.01269193958343854
0.03574499357155823,-0.011127276101300354,0.009191178682029419,0.01126962078113038
0.031808805758113144,0.0030102996981049577,0.0036447947247554503,0.012821287239024455
-0.02371885320869748,-0.009379925969161478,-0.01809660179801974,-0.017065109926832574
0.014226062319133079,0.006920588655827087,-0.00742714755140414,0.0045731632346842
0.01946247165484982,-0.0017904705280072154,-0.0012767793442711069,0.005465068462449904
0.054650023822696084,-0.02313111276136764,-0.002642981459822514,0.009625300241858776
-0.0007917482514864789,0.009267169249713254,0.005944545231873375,0.0048066506033779734
0.008356651200633164,0.019744509379981307,-0.0003586952429434208,0.009247479198401905
-0.02157061575489126,-0.017543197620924055,-0.004414616931033934,-0.01450946225947298
-0.032311256597954814,0.0012705913478190047,-0.0017549413271030715,-0.010931857927210766
-0.03168909752926629,-0.01786101463815218,0.002392272683414593,-0.015719264108721463
0.03781617346927281,0.0014805627262239043,0.00555187827912252,0.014949523208668252
0.01166932125785936,-0.004536561194016826,0.006106609427866054,0.004413118750779699
-0.028118161364268184,-0.013698189550630516,-0.009014873038055064,-0.016943724373909938
0.046953580411242375,-0.006097189746687295,0.016273076545647042,0.019043136693578305
0.018895792347150973,-0.006564360743546889,0.004787765835979627,0.005706393440128757
-0.0023568226210209527,0.002889602516237208,-0.006082170801966904,-0.0018497951191199138
0.07697796797464275,0.013216452973571154,0.006907198198186162,0.032367174014926975
-0.031916792427223235,0.001962699115994653,-0.004967229080059112,-0.011640429156655101
0.03200054576176163,-0.00768130070470387,0.010526700049354699,0.011615303420155786
-0.030078408199814968,-0.0015402515663389999,-0.013881195797041248,-0.015166603354446551
0.015229997717917072,-0.018536929273650207,0.0035635229264652023,8.553037138023188e-05
0.05303936324464261,0.0015765345606307429,0.007209571796989753,0.02060846925893117
0.02701943377121272,0.020789960685748197,0.010613348150129584,0.0194742280614493
0.02874133913015623,0.00900340661256097,0.002681988771266313,0.013475564695749667
0.008145779417768404,0.003210612631910395,-0.005002270205793972,0.002118038496587661
0.00963191325025553,0.01504979639255788,0.009134235164909058,0.011271970330592554
0.09539235893806704,0.0032785820385408957,0.014922630020449877,0.03786448580116227
0.0375666273937942,-0.007508191540895336,0.009294656270542661,0.013117684256783132
0.11172072187901802,0.012466512924037292,-0.01132224360873823,0.0376216261097753
0.008337550739303423,0.0073781231270946684,-0.016355971173908596,-0.0002134322224043989
-0.0583870953609075,-0.0012206272425918782,-0.010432552627484395,-0.023346735063569515
-0.044296669597578754,0.01792568368720263,-0.005536899896007086,-0.010635951299499133
0.07857198553432428,-0.013490790182154759,0.0029314890548044446,0.02267087213142985
-0.01802239865415677,-0.003962803451776747,0.0025103616870698403,-0.006491606981341085
0.0009882440512490008,-0.001967167615715041,0.0006480543222308877,-0.00011028963712197019
0.023005006830136888,0.0009118703074295448,0.004403421169740797,0.009440089995669641
-0.00023337663927026605,0.016721715459814147,-0.0042246886131163276,0.0040878793145924484
-0.032015400754050044,0.0008148432629560924,0.0035160364364745615,-0.009228164456699444
0.03849294483790443,0.016431627975055485,0.0020855814483677374,0.01900336575039113
0.009781815461644885,0.003161884398169966,0.012671230954278105,0.008538301733054048
-0.0017040652030267593,-0.016285251463024338,-0.0024321950553636315,-0.006807163766634336
0.08269059900107854,-0.0022046968298493255,-0.007506156130281605,0.02432655768706719
-0.005306366121897237,0.0014651769630510169,0.01797476213234829,0.004711186279976365
-0.043457299443247596,0.006074313607591067,-0.0009836514986984418,-0.012788866322572546
-0.004098918389917255,-0.006958333797555748,-0.0021487482105306105,-0.004401995730667739
0.03629831729287158,0.0077291133721362985,0.005499869566916209,0.01650908356820795
-0.03600120090592121,-0.00201598530571051,-0.008748100645360815,-0.015588413363901894
-0.018116571977471376,0.0010789663972555232,0.006933007320769874,-0.0033681960516159064
-0.07889360822445894,-0.0005928315971506301,0.0018789170651825795,-0.02586914838296808
0.02751011054781539,0.002233313958015346,0.0031981490591087335,0.010980513541121967
0.010968151800399069,-0.019321047380398408,-0.008526689142123137,-0.005626522614179252
-0.016631092775840836,0.015488446994415553,0.008668043320258325,0.0025084633378118348
-0.03269419993202997,0.010769245014270729,-0.017830254657644755,-0.01325172327339814
0.004385161060147473,-0.0013199498342516295,0.0060753034871421155,0.003046835190841082
-0.0614748909284395,0.004398819083620541,-0.008594855111644683,-0.021890287095178897
0.04110576265264566,-0.0012190957489481864,0.006381498629274743,0.015422706421602227
0.021261194765280177,-0.006681283981894243,0.003028342236155298,0.0058694118037627375
0.00183562365561705,0.009611431469870903,0.00023505490507974092,0.003894032782819221
0.08220837261949858,0.0007682838029004027,0.005973258073224991,0.029649941848569828
-0.0026002091289119276,-0.004784719986309548,0.001630347534406622,-0.0019181919420777577
0.007643118287816277,0.004064063414604293,-0.008919105446920853,0.0009293578224744871
0.02268086072749681,0.0027129443154341485,-0.0031016033375328134,0.007430726471065479
-0.024806114786814375,0.0049764848901472395,0.0025253219120162755,-0.005768096893447625
-0.00038404104172613373,-0.008135318717498868,0.004682084416709406,-0.0012790905017467512
-0.02051165699010364,0.014891475364749546,0.014365290564573027,0.0029150333980366636
-0.04633615049015585,0.002827478672420013,0.0005756562492224406,-0.014310990878499278
0.03171297617905601,0.02002805210233968,0.0038526556595396156,0.018531209449083787
0.021181107957487542,0.006714433026034083,-0.0035101970652952406,0.008128439844294155
0.027514928354286112,0.0034598298281179173,-0.0028065008714627097,0.009389409714228003
-0.014878277503466472,-0.011848167836582954,0.014369067628784694,-0.004119121784629007
-0.032629769607588205,-0.0007473021942243464,-0.006834144499266798,-0.013403725363287683
-0.005700801919444288,-0.0010023904098923763,-0.004418249701788791,-0.0037071436365611415
-0.02247016202576957,0.01255611843582939,0.0017595042323804932,-0.002718177067673442
-0.014600890729342907,0.003194754608249367,-0.0009289213635325726,-0.0041116817165228765
0.007010828000245431,0.004854701607430386,0.012160408168728482,0.008008637916822174
0.03636846350697736,-0.002201912610782776,0.005196401999028478,0.013120971177423389
0.034581517642980626,0.0032997650796830705,-0.003559784679998217,0.011440487907055813
-0.04183861198834026,0.010883096803423213,-0.0033532572024021537,-0.011436246026182272
0.041769525183980534,0.009171428458332229,0.01925840207365745,0.023399761838871498
-0.013787155537202132,0.0007408701321187495,-0.005423028455912622,-0.006156431797227381
-0.02666831430188299,0.004829709513017087,0.007020232391985105,-0.004939452526169466
0.031067604109086107,0.004968595574745658,0.010316683580014151,0.01545094563698755
-0.023803570945344257,-0.0024078314045609763,-0.010379030526176235,-0.012196798761882864
0.01834284219406841,0.001982328081979724,-0.0045541535930655516,0.005257000303988633
-0.04171143313552957,0.02199415590562129,-0.00023090955417662587,-0.006649388945299375
0.019243437550818077,0.02904920571956972,0.001126731901722888,0.01647310858424517
-0.017473982047820292,-0.004249509256502919,0.010509615067904099,-0.003737955007514292
-0.046531423867819374,-0.005189155953542367,-0.0017923501116306933,-0.017837625473354168
0.0006949737484118952,0.026925177496936143,-0.0007821614634851773,0.008945987647957693
0.0003354090834850657,-0.0054064571793539015,0.0008025146698228874,-0.001422843052504174
0.032122932889263024,-0.01039726603736952,0.010528653807879148,0.010751429468483996
-0.026237971794690864,-0.00710332622015364,-0.008308782765919853,-0.013883346376894526
-0.03155327396740083,-0.002845537274286155,0.001595040283373818,-0.010934579384847404
-0.008076533657034932,0.003663255705107389,-0.005632537887479206,-0.00334860193119697
0.006740402963165967,-0.006484216388021678,-0.005111361882496203,-0.0016183901507255357
-0.025020483199714973,-0.005595028103815268,-0.005572250992067564,-0.012062575369278503
-0.04234438573502805,-0.0014709382847516717,0.009506225457409052,-0.011436354751090703
-0.010240534650350698,0.002775199786969705,-0.0063189305430589055,-0.00459475054072483
0.006748308408305534,0.005812375132529169,-0.007145647077026716,0.0018050103495905077
0.009864548148844781,0.006198192334042599,0.008084771312182779,0.00804916254918612
-0.04015825799621875,0.00549611905033303,0.013862892986378205,-0.006933075053420518
0.006828200774807845,0.007127463663633198,0.009631288986106287,0.007862309945864634
0.018032456513590575,0.0028473866438075797,-0.0006577590875935873,0.006740687949240166
0.03033885001785108,-0.004001176214539325,-0.0014935872129701426,0.00828135391541834
0.050729804219444424,0.00043597636990260597,-0.006025440311519392,0.015046765045829118
0.041842932933309596,-0.005307100943241025,-0.008625278707922573,0.009303508457197572
0.07885919576025212,-0.0017639664139344115,0.0021616918330835087,0.026418947307493345
0.010242663323547362,0.0029584768151714705,0.004043809619151326,0.005748310837640133
0.029124453088449246,-0.007343382710078394,-0.012419334174198849,0.003120575614145266
-0.010343431030892854,-0.003178586824817916,-0.007499386033490468,-0.007007127622599116
0.037479975345348145,-0.004466309554549108,-0.006920381845287753,0.008697752617409111
0.023472553019828542,-0.006422202616658111,-0.00021869039619979835,0.005610547725103542
0.06265614680318782,-0.011211483980128173,-0.004161412629465528,0.01576106763678131
0.01632634631370776,-0.0027707972466213767,0.005467505088891418,0.006341011710974548
-0.06117509024868207,0.010934758830672677,0.007436554978761523,-0.01426791121182381
-0.021022073111474786,-0.0008632132437459585,0.005201622172920018,-0.005561215832878848
-0.028200110511894572,0.007048865615605987,0.015472858676711594,-0.0018927935137302576
0.05350489677148325,0.012438290142692768,0.006221144342291207,0.02405475303071199
-0.059015428546092014,0.0016985045669224317,-0.0027879785670258273,-0.020034947480430953
-0.04255733915630683,0.005078167146549958,-0.009788041000216718,-0.015755721914253527
0.017544255941734043,-0.010805477958540737,-0.0019159108219608274,0.0016076207794551054
-0.05845747145623187,-0.005613543931797403,-0.0104174401607836,-0.02482946035345244
0.0016848269238918707,0.009675091007835954,-0.0012574985340875287,0.003367469765073633
-0.14149625619630046,-0.014218599796238659,-0.006524718312020479,-0.054079804021661765
0.023858292674137947,-0.015017966778192861,0.005214887885935009,0.004685066575555437
-0.05600843126508842,-0.012713197310146994,-0.01964078754840342,-0.029454109253740902
0.0393245054715674,0.012710663538110619,-5.4796611557910726e-05,0.017326773472582567
-0.008189679676163653,-0.00020475677505696376,0.016612479326396867,0.002739344885711125
-0.0590814706857646,-0.006073800709347671,0.010375449084491388,-0.018259922510266192
-0.044081580278773236,0.008491659941978315,-0.015324983760915541,-0.01697161772760212
0.01011289866143862,0.005838328944612043,0.004901235734782128,0.006950814162789817
0.0003521868113176823,-0.0012977222721517207,0.004218344397869745,0.001090935221408923
0.04307745496721749,-0.0005833452311743802,-0.000684743151460289,0.013936441591738746
-0.0020689357979759636,-0.004428283288674998,-0.011210995638976677,-0.005902732339137637
0.012715507288253575,0.0033034349326700224,-0.0017020792647084964,0.004772282879784048
-0.025785150589421702,0.007494001293966095,-0.0028336059713199224,-0.007041578047340087
0.027137495862174395,-0.0066913709396948145,-0.004352647596273766,0.005364487077576163
-0.01052180307107295,-0.016355891408478113,-0.006868416786011572,-0.01124869250648379
-0.032249258704175526,-0.017233570701490303,0.0003784544235453989,-0.01636810862591515
0.004833512664124529,-0.0013835864998646414,-0.010167823117045796,-0.0022392967449629854
0.027450351562128224,0.000654839517702047,0.020467884212984348,0.016191008906579773
0.029823500175784893,0.01120711339654815,-0.0020012546973190233,0.013009773281885047
-0.015092103192361043,-0.003871751105284756,0.006866869936017915,-0.004032324088214507
-0.018576790060371093,0.013982894367598631,-0.002019471998187258,-0.0022044536925306768
-0.04137554713701205,-0.001902294491881923,0.006804909106171373,-0.012157632016596693
0.007974847102018904,0.009869454789069518,0.002148824875069612,0.0066643689243437556
0.03443828423301078,0.005843884053052764,0.006345702656311148,0.015542608104834581
-0.013844983085023545,0.013838289480003844,0.004596481121669756,0.0015299276422875124
0.022079525940442733,0.006391216798600036,0.005241875284069761,0.011237528103498168
0.021379439287080127,-0.013717664199681333,0.00626182215927305,0.0046411944410248655
-0.03463682302135285,0.006391376482709447,-0.0070722444681735,-0.011772551896375298
0.00097785169207935,0.00350085070942137,-0.003110305857094446,0.0004561317253365765
0.041664061592988834,0.0031504146957940862,0.0009014228427024485,0.015238617805195413
-0.019021350321433227,-0.008475468740370097,0.005031722290572863,-0.0074883581020445626
0.04471178646968411,0.0003017490766952969,-0.002581396520572282,0.014144032197889365
0.04229663704731811,0.002621743927683837,0.012639837306247195,0.019186053574343623
0.01597198378092875,-0.01375949712636347,0.000752821279006468,0.0009884349894212715
0.016536534475221097,-0.010013359145608034,0.0013415682134314095,0.0026215785594336433
0.034371229985867155,-0.01500314668914952,-0.0009211001226931922,0.006148988242347089
0.001929320752896675,0.004870991549997065,0.011901257102782552,0.006233850234702295
-0.012802665063067441,-0.0037949806430733015,-0.005842060461275226,-0.007479894575903267
-0.022862280393594864,-0.006060649824073253,-0.008600337125511037,-0.012507743273303935
0.05026616445841917,0.0011258880424212026,-0.008768299069435846,0.014207903602550365
-0.00221461886934872,0.0011705076380515047,0.010590767326881877,0.003182215516309522
0.016887300051009125,-0.0070449291261578915,-0.005286434924292054,0.001518643814874393
-0.02753623189556434,-0.01494771925966916,-0.01540882253998782,-0.01929757193414921
-0.004789879348732982,-0.023166931366798198,-0.007903092133826006,-0.01195328899648478
0.0017808895965242004,-0.006189164699599499,-0.0014074371585049129,-0.0019385688152893166
0.06010124641989682,-0.002184053372802591,-0.01286508341193067,0.015017354861017974
0.01764022754969532,-0.008291272196879558,-0.004429361761434183,0.0016398628905959951
0.02667022460159405,-0.003950406882799876,-0.0062611967485883945,0.005486201503861604
0.04321806787295957,-8.248642327103107e-05,0.001583069025416951,0.01490620191881834
0.04379792643083356,-0.004852381786856298,0.005077847932079625,0.014674449517554769
0.014750993699010473,0.0022601193130894395,0.005988566231548016,0.007666552081322895
-0.03551600500317912,0.00032958608648529504,0.003687021475840898,-0.010499788647151828
-0.014476816475963505,-0.007404599147130337,-0.002866899373808959,-0.0082494300828626
0.032619649900416464,0.004543535194263154,0.006898358070697587,0.01468716636794468
-0.05601019154676514,0.0010937536035642002,0.0039297580343871825,-0.016995542974044615
0.013455977299508775,-0.0039363535052722035,0.012050784361707962,0.007190128861845459
-0.02162716603817141,0.012098478110486085,-0.001008694129024734,-0.0035124571731093347
-0.03667408016849782,0.0013876462598899563,-0.010558658135688044,-0.015281682066401287
0.029847004420393463,-0.007187384824513502,0.007638614173578265,0.010099401157074818
0.0036350689817283323,-0.02258248933335834,-0.0010520485288160724,-0.0066664829603257335
0.011372028434428963,0.01042113500161282,-0.0028635730106509323,0.006309857165266808
-0.008368989660234265,0.00016696677130136647,0.013517816006562587,0.001771929267278857
-0.04323917013018931,-0.0029055741818361414,-0.01279675733306986,-0.019647147567864554
0.026022101234719257,-0.007933830016711975,-0.005452318019154289,0.0042119801876332645
-0.03270023571365633,-0.0044816593936182125,-0.00279641086090624,-0.013326088663291604
0.02607100522937809,0.001621661124977782,0.0041762300099169695,0.01062295483179216
-0.030284277016101636,0.008017302465017995,-0.0005512854511841169,-0.007606079061335918
0.0026836119116606986,-0.002608477509888994,-0.007693235201361916,-0.002539364393829804
0.04703298228294385,0.0001022972053467266,-0.008898366390426316,0.012745624953650388
-0.0375687609320615,0.004947115346425615,-0.012512874867712038,-0.015044825106275821
0.019398319323426085,-0.0007130263624882748,-0.002932688090946938,0.005250863039128667
0.0032161359478118288,-0.005100699829613813,-0.002880731639669982,-0.0015884302520588148
0.033031278915728726,0.00035703853958680905,0.014028716755496606,0.015805662264592645
-0.052516287399728453,0.013550294823233519,0.011077644132950053,-0.009296106851732147
-0.004000123817450806,-0.0059574256520780805,-0.006453177112262499,-0.005470236723688268
0.06136781664762176,-0.00024982750084546416,-0.0034921442214987043,0.019208595766477553
0.04752832621697142,0.011582272570236545,0.012506261442453148,0.02387226287093363
-0.0010082944633450892,-0.007855578890305095,0.0028760964569808202,-0.001995923636297489
0.017257630316370953,0.0030101577243383222,-0.0015102878515639603,0.006252493810548375
0.009638517429687824,0.008098133600767119,0.007196800976035868,0.008311142357679602
-0.03229960794302436,0.0033359699809620215,0.010060297879165379,-0.006301107059852292
0.0006089102391825889,0.0030006921058969736,-0.012127513100311803,-0.0028393007457738284
0.06168049446875228,-0.0010066692007014593,0.010225436331307139,0.023633063566698784
0.025622590404321053,-0.014874796997483605,0.0024319209725070174,0.004393233733210029
0.031792553784760674,-0.005268297569845992,0.02044430613231736,0.0156561717928899
0.044053016583168216,-0.0018599780924032291,-0.00015480871093404014,0.014012729247200388
-0.01870342732218622,-0.009719258986007407,-0.0074214729684189944,-0.011948041144151116
-0.031804136307247696,-0.019402600502026093,-0.008160707463257349,-0.019789128301695623
-0.0222527922558189,0.004979427338916947,0.001090964817619007,-0.005394127972294283
0.009002432970962794,-0.009105112825926664,0.0073507406755439035,0.002416017857506404
0.007028106586114098,-0.016297370021573634,0.007189295350508416,-0.0006933220016610118
-0.02395208285088546,0.005947427823106123,-0.003751182168402444,-0.007251938480114861
0.03070110743468313,-0.0034939578647382543,-0.008758411291161262,0.0061495732766817775
-0.019326372963501932,0.007145055616109328,0.008569898114186717,-0.0012038052072622179
0.0029968438791199317,-0.013685054890129722,0.004773386148445764,-0.001971606315913055
-0.04242165526531912,-0.013405463675150654,-0.005959797616701441,-0.020595618256751554
0.041381862935469,0.016170468314311456,-0.007876675848474329,0.016558535241883575
0.03880070302475453,0.0025369551425757234,-0.0007579939084360987,0.013526541226409965
0.00962837061209462,-0.002547615838279779,-0.0023641285257687407,0.0015722071771399509
0.040127244913561566,0.004500746818620339,-0.0026850297935106936,0.01398097333190309
0.012937330828497583,-0.009800136169869297,-0.004581889824180745,-0.00048156457361909734
-0.052997997042238836,-0.011556146354163955,-0.011759616226495592,-0.025437894436379588
0.0388930845734317,-0.0009022313944485623,0.011807597449366394,0.016599466943299633
0.019202893248079292,-0.009784459451692887,0.007752809609394489,0.005723742078179162
0.027884074239325447,0.005269932538007474,0.009865344709334986,0.014339769489105474
-0.0016385323565967628,0.007330748451345891,0.00022381037772694072,0.0019720068521498655
0.004676357887224306,0.012082233147855634,0.011401973517639706,0.009386845464051698
0.017677430673362002,0.024904986225803206,0.010578010577243125,0.01772012477199362
0.028475199537291888,-0.011505123327078664,-0.006808261236290063,0.003387268270702729
0.03949747685523826,-0.0009283456512060815,-0.002815373613362716,0.011917907278970623
0.02936006576184461,-0.0002258544808067586,-0.006244096015867685,0.007630030791684968
0.05116178863379076,-0.014246576330211785,0.002971233467159298,0.0132954686280975
0.011773463190620495,-0.00037097581035870923,0.005116691546297236,0.005506387469126698
-0.02858028452059343,0.005312332592153484,0.003629454674059988,-0.006546159205294234
0.019689818837237177,0.0023312770394983036,0.003815465006163383,0.008612178348779326
0.0037806021439125924,-0.006848494428940571,0.002072668651912118,-0.00033174087929740915
0.05181181009657706,0.014573191432526602,0.0060380402480822715,0.02414098978471472
-0.05606874934346426,0.006877400840300297,-0.002109994954007682,-0.017100430718609394
0.020475240479567246,0.005422762477539952,0.0051523712880379175,0.010350114398256956
-0.04136059700921459,-0.002324057575514088,-0.009433391940947408,-0.01770599780254319
-0.08542190681768069,-0.0009005638606759966,-0.009771537253008248,-0.03203130394578567
-0.043216915577663995,-0.0009267784873389786,0.010893566333003035,-0.011083364827290736
0.03219585975162205,-0.011250335392873153,-0.000133537734686575,0.0069373219373585655
-0.037004990454178564,-0.013684677746217093,-0.016040621301430462,-0.022243407590512205
-0.038059476155721306,0.014320093676189676,-0.005023472784950373,-0.009587608833875579
0.02966845582221983,-0.002973412807169104,0.0014259800911430743,0.009373664995056897
0.008661756906518027,-0.0019572612482147587,0.005027792416473966,0.00391075878082972
-0.018485801098499278,-0.014002951242234647,0.008822814245524432,-0.007888638143090466
0.003627301891926364,0.003542469218830565,0.006940399165018129,0.004703385388534927
0.03974642852361564,0.004867797783642714,0.012757386467667955,0.01912385180110451
0.007551041520385764,0.015012445017654407,-0.005552644601041696,0.005670274975385513
0.001895000488475547,-0.012044932120706503,0.005210338005842405,-0.0016465295622649751
0.0008119411520202489,-0.01625064209203629,-0.006378645763877703,-0.007272441628849013
0.0069465988138026,0.02387228194741737,0.00611799428393388,0.012312279369426266
-0.0230745718307516,-0.011210570523667949,-0.011828401809603843,-0.015371166016826409
-0.01105476627460545,-0.008667718498708654,-0.003353324117792981,-0.0076919286050993975
0.07715284037047032,-0.001389778696265644,0.01080080011587954,0.02885459174207414
0.034499595077842,0.006733393765339774,-0.004276580988881708,0.012318790299297402
0.08712856877528746,-0.005771513277585485,0.00360437812296807,0.02832044955307881
-0.047747032710469234,-0.0070989792626030565,-0.007966472597486925,-0.020937473919358213
0.005972668769846173,-0.006596911043178566,0.006175484920852337,0.0018504123654257657
-0.00637521351482059,-0.008235979235273144,-0.005393755031593655,-0.006668309258913202
0.035607201874936094,0.0015908455662807554,0.0048734204031241745,0.014023808590957726
0.04153939331204766,0.01197602921289818,0.01104608022165143,0.02152047939503151
0.01667642627232168,0.0034115626790136053,-0.00017120495372305918,0.006638921360276076
-0.04468455993378237,-0.008158569904890925,-0.015305721564989343,-0.02271626108493708
0.020818221636915813,-0.007659089696650932,0.0037413834466854,0.005633499495478297
0.004557190863197818,0.012217821067339674,-0.00025227774072478356,0.0055075725556928395
0.019560820250752398,-0.005682856181885111,0.013297204190058523,0.009058380361252517
0.025257893595721437,0.0103319230794785,0.004949699453838996,0.013513158529840936
-0.03125743825712041,0.00829336314966298,0.013355775319358141,-0.0032027633932664996
0.009366316925043378,0.011306126004858138,-0.00770854780100348,0.004321294055000969
-0.019589335317410948,0.0010779435904701715,0.001029382657751869,-0.0058273305290599455
0.03267126026832421,0.005489106308567372,0.0005528676933966668,0.012904398519017993
0.007054243285378872,0.010517496682854966,-0.0076094005070072804,0.0033207764996290323
-0.08560815819929397,0.009418605036816134,0.00017419403479748523,-0.025338427704107075
0.05986097144571884,0.01902721701060567,0.01195942536227534,0.030282507656995344
-0.0018033624297350234,-0.011261400471558634,-0.0006133467869498014,-0.004559365336711257
0.007207426032614372,0.004983245217113926,0.014846118543027803,0.00901225425198877
-0.02722184763834637,0.010392603400663869,0.0029468427539688534,-0.004627462533770721
-0.001717017931447106,0.0014849953733230483,0.007128875785176533,0.0022989487767330827
-0.023457000406263716,0.0023173332143701765,-0.002394687868178066,-0.007844777175238848
-0.04470078241351356,-0.008775183309254647,-0.004956685507382989,-0.01947753093249999
0.05604627845144618,-0.002627351665848024,0.008539261715248037,0.02065270884755256
0.09292302080900433,0.002082377448715003,0.0035375943793644767,0.03284763136469705
0.010239796816978779,0.009011640611003085,0.0032215625398553105,0.007490992498279068
-0.04225383711737594,0.000728901940419412,0.005934265343478639,-0.011863544747602685
0.029893165728569048,-0.00506276117976365,0.0004111309534638813,0.008413836753577925
-0.00823344382904219,-0.0013642128093326674,0.004621298116580678,-0.0016587845151452196
0.08574580985537852,0.013974562093116195,0.014246067061661722,0.03798877501457248
0.06938791353845888,0.007169292695195212,0.006912816113745843,0.027823312959125865
0.029820021791030684,0.006608276259922041,0.006917648029214895,0.014448634244740513
-0.02942976588970315,0.009477502658474411,-0.0024792388915460466,-0.007477159897090888
0.02594920622095112,0.021605991146249132,0.011197120015721394,0.019584086210201423
-0.025984870812152096,-0.006512862197286448,-0.010590582114057596,-0.014362757345060338
0.0436188316835955,-0.0005587708310771025,0.009606567450310997,0.01755552521206703
-0.0019367055298400997,-0.00490757536170204,0.0077317780932189255,0.00029583210472652806
0.026563796875198022,-0.001068842647799309,0.014879228944541899,0.01345804759925248
0.009522396446707932,0.013426583793242176,0.0006063618183075489,0.0078517728343052
0.034367248613981785,0.0008336584463067291,-0.004377440230425293,0.010274478668798796
-0.004754090307060147,0.012302119936321979,-0.01242832596340853,-0.001626763817950121
-0.006645127276374162,-0.002203051281476373,0.003406653981891101,-0.001813839711478286
0.024699939319970318,0.006879559436557989,0.007754329197409539,0.013111262873369963
-0.04592376459109106,-0.00186280259102035,0.00037847980072277414,-0.015802679991100417
0.012728060723876665,0.011594012294522185,0.013343035307000938,0.012555023553430487
-0.02557097244567929,-0.005691465155591479,-0.004696729160275987,-0.011986376934126663
-0.016185731572765497,-0.011707043949476758,0.00820095616640415,-0.006563933221339582
-0.0279730630358607,0.0027087358207153775,-0.010823998772574886,-0.01202942996646474
-0.0017905327431958942,-0.003492913296571563,0.0047698261189341,-0.00017120646907114532
-0.0413510716975203,-0.005212267955932012,0.012955867745010508,-0.011202479433656633
0.06094008633708905,0.000775633306486407,-0.0019871309767095753,0.019909509646092404
0.06573135474550104,0.007929774509444213,-0.0043595540785077505,0.02310050195828744
0.008197865198625106,-0.002396806025700984,0.009095047834567018,0.0049653640371280445
0.05262568753932546,-0.005970189066139225,0.0022433293436403797,0.016299592972666265
-0.02949467309443265,0.006959563717200319,-0.009533484282118415,-0.010689520530252362
0.042063638768970776,0.011527489989427948,0.011157471322783996,0.02158284511086088
-0.044912368345715326,0.0025474361039963473,0.0037290149907351564,-0.01287862620502219
0.05255966106152274,-0.0012486037640500602,0.008599220165551542,0.019970072517582253
0.049924973623956426,0.0018347254511531116,0.009964725872431109,0.020574787741038568
0.09888853724821511,-0.009016568988325242,0.006006375780401026,0.03195941605398229
-0.019210845328392054,0.00809931219386743,-0.011635685286179748,-0.00758239855782865
-0.013904898283607092,0.0008397612749523835,0.00016917883691435918,-0.004298648425260726
-0.03225969684060906,-0.011809976343479042,0.009611728147317566,-0.011485970192941833
-0.001776722423834825,0.006942855902777703,0.0013941786643545952,0.0021867685276617766
-0.008920777519823913,-0.00448044170336367,-0.013609140682414735,-0.009003444298414136
0.004001853859351243,-0.012400778222254029,-0.005848588549941776,-0.0047491662217772155
-0.0268944292339951,-0.006844162828479374,0.003984910465819927,-0.00991788394765765
0.02928165418542066,0.00822209751768249,0.005453677746922635,0.014319128830865445
0.05281822872525595,0.003686392819563463,0.007088664494647097,0.02119774081539349
-0.05443209907728518,-0.005962092971679437,-4.227101899869799e-05,-0.020145467543833416
-0.03463459960413344,0.008316358655733139,8.308540560816706e-05,-0.00874504310254553
-0.07561244002927031,-0.0037132704708904385,0.0034645770105518345,-0.025287019209491807
-0.028575239006452164,0.011621513973751985,0.005521257175246494,-0.003810818808328609
-0.0008353656554876535,-0.0002684726108383821,-0.005793386566544559,-0.0022990726452152537
0.039428693554705,0.00599707216645556,0.004294875586304939,0.016573530528941397
-0.034703630066199045,-0.01951212653902897,0.0023666459858015534,-0.01728301959010528
-0.024694611439720546,0.009564454125426641,-0.0008152983572661528,-0.005315146575368129
-0.003896718811611428,0.0043818735117439915,0.006498338506170039,0.0023278287409364655
-0.0200880804533091,-0.007207421941940434,0.004825859628752351,-0.007489873432284805
0.033455969461373615,-0.004628241346625924,-0.004842018396414103,0.00799522857754129
0.033622588768167455,-0.0062002136267874115,0.010024599588727824,0.012482312427711046
-0.01248694629799784,-0.0007306933483106037,0.001918914978566723,-0.0037662377896723514
-0.0009548593495691117,0.013431551100759017,-0.004662842833197433,0.002604613701381185
0.006022999875131896,5.3050288145137974e-05,0.000927960310149372,0.0023346678231386444
-0.01879437585782779,0.0004524629408066351,0.004014374660025485,-0.004775841309819138
0.0089186633160825,-0.014930032263680879,-0.0038942945164199675,-0.0033018845194516273
-0.07209777075482063,-0.003819975293731627,-0.007103657038338955,-0.027673773355162707
0.03233222516500417,0.016391211766971392,0.0004996815330006788,0.016407689747285924
0.03232788995312608,-0.0005101723929348639,-0.0020139935227195295,0.009934564744582548
-0.001989783990996053,-0.010167363672872007,-0.004155254442239636,-0.005437461931235197
-0.06435373752338099,0.009267202697798781,-0.0012642741927543603,-0.01878358422250918
0.022298495381935648,-0.000928679202881574,-0.016623891940946302,0.0015819731640611778
0.049445352334826734,-0.0011862248455615197,0.015562610926291878,0.021273891531272893
-0.003972739990476709,0.015155622598164373,-0.0038404994765617695,0.0024474585962475873
-0.05060622818720444,0.006980537170390718,-0.007672349271600097,-0.017099329663457844
-0.04448609931836746,-0.012578457730794728,0.0033515467972138405,-0.0179043188463127
0.03344621159924628,0.01418373877022111,0.00883237908044682,0.018820757662528255
-0.00788499390751509,-0.006592279258954943,0.009459700467496503,-0.0016725225604669442
0.06044392164130737,-0.00221717292822185,-0.005535856346875197,0.017563613225105985
-0.024133428378545554,0.006120324799931787,-0.005330865784254294,-0.0077813153396328995
0.02250930212545828,0.01344828453659691,0.007141633382423995,0.014366392315086381
0.028539695894301685,-0.007003643529055918,0.004764661198977987,0.008766895754503396
-0.051279606527402516,-0.005291911506085683,-0.00044529435045163293,-0.019005585122375816
-0.04153736299810761,0.0087098725798413,-0.010880556489477153,-0.014569334399898852
-0.004751414094535451,0.006197145799171765,0.0222784254875949,0.007908044489358007
-0.04272692468857146,-0.019203134446895555,-0.008785528610660277,-0.023571839010179847
-0.01497981151238506,0.001803101924177711,0.007333076985597431,-0.001947875586325772
0.04197763509673251,0.025520886061554823,0.006098563379126383,0.024532336980109728
0.050455270459869556,-0.015379937254815412,0.012492350111276694,0.015855878582882506
0.04904287036829332,-0.011570028102462675,0.006838645156197627,0.01477048103684695
0.0543396306387763,0.006934292073912113,0.0016582451701424228,0.02097736831688765
-0.021298696231581385,0.010762626304118846,0.002341085864606726,-0.0027316586226239165
0.025958996389169847,-0.0021633821385638875,-0.0005180247319094501,0.0077591887470356636
0.01979136426228281,-0.002360523233287104,0.017228293201418804,0.011553033190426758
0.01620991798778119,0.008403110423773973,0.009270294601097509,0.011294429709776553
0.006474235753205744,0.007022716925441924,0.02147449331991549,0.011657137009039054
0.014610255445837389,0.003806662194905726,0.004045394832534788,0.007487430003655143
-0.0534669650531495,0.012751289799012779,0.00413976229183864,-0.012191958795461706
-0.0635512171635214,0.000990288413196236,-0.013048246575219507,-0.02520303323878978
0.02298081346538049,-0.004016020926975383,0.01111266297843915,0.010025808479796247
0.015425179671496538,-0.002281932268965744,-0.011048846566083655,0.0006981329140154344
0.04934242315343605,0.0023117888797641217,0.015938771422220343,0.022530971954145686
0.00122109109131479,-0.002567641128350513,0.0018164481159507367,0.0001566325363389783
-0.033052445298973304,0.003103827522323244,0.005138462666998831,-0.008270043433165373
0.031594522469099474,-0.013371044908988767,-0.009046063818163594,0.003059134854844457
0.032226529046148096,-0.003418553560346422,0.0017950185437406816,0.010200987808849442
-0.006568349373238856,0.001329716309812671,-0.008267119271189506,-0.004501912942954452
-0.04897962728863401,-0.011920012548575375,0.004006775591991845,-0.018964269117451096
0.02065078856252676,-0.002906338030438759,0.002226956991310259,0.006657129183996912
-0.032637965750193565,-0.01070144382373391,-0.003958985381691715,-0.01576611588574141
0.05316114877492747,-0.014588419024964473,0.0027767402832893973,0.01378314289459412
0.02397926015711509,0.0017358345979290408,-0.009646555171775362,0.005356174504909729
-0.03130858290792895,0.012876627481065656,0.001528315186527772,-0.005634541112231759
-0.004047624208460937,-0.008656509422941565,-0.002150631345029701,-0.004951583373889076
-0.01711924789801516,0.0004553503116463179,-0.0006893939043549722,-0.005784424712477441
0.0013149063695968208,0.006657668420591491,-0.010623491252628493,-0.0008836379371745732
0.02853624792523949,-5.7491703535853824e-05,0.00015987083658602235,0.009546199473220867
0.008710048297245991,0.005855091342996514,-0.0038217800630154556,0.0035811162779558242
0.0192627879878891,0.003732058029859741,0.0030527287543846314,0.008682516241519566
-0.008934980424715981,0.004587336793499373,-0.006712455809249647,-0.0036866961267889384
0.050382937868905735,-0.01723762450728108,-0.011992755086031386,0.007050845707678331
0.02031167344169798,-0.0042005644658453,0.0030465355720922984,0.006385875130100143
-0.013731418347437553,0.0033785956299290805,0.0027893449357919656,-0.002521156739412908
0.0012041107123071946,0.0026549379540173994,0.0034894560845483602,0.002449499134122734
-0.030735921800209554,-1.1785312322456576e-05,-0.0015609850996917804,-0.010769553301177192
-0.031393065083460514,-0.012605576655199324,0.006645050637830614,-0.012451184582412707
0.060457165033594516,-0.0070435722815085445,0.006390790955551165,0.01993477463441781
0.03177571269934525,-0.003425770528674914,0.009610434761536226,0.01265344632394321
0.03011153686488681,-0.004631401928734312,0.007609277576630845,0.011029793141123609
0.037922392577561075,0.002065111498277944,0.0059646399047216265,0.01531736600947222
0.028873878964092718,0.009246406358751099,0.004554306385208488,0.014224849677820197
-0.021850332409890507,-0.0032413207325003323,-0.009048245851373217,-0.011379954951288355
-0.017362494402158698,0.011467928984923596,-0.009363565817021798,-0.005086038658708555
0.015555970191998699,-0.010274133350595637,0.002885610282177673,0.002722479652044537
0.003468327936873249,0.005269787720071665,-0.0005322195660165602,0.002735295961677421
-0.00042063749199279,0.010617058449237235,0.00155062453587162,0.003915677915356857
0.010164690021489871,0.014600875639506933,-0.0002844138780859096,0.008160375767253038
-0.009714704438477101,0.0010593971412322187,-0.0022464312877639976,-0.0036339092277567647
0.034033092594848366,-0.00973717859784432,-0.007852146005716217,0.005481250515839946
-0.0049457394545118685,0.004533206110318424,0.0021211716661335128,0.0005695455377672489
-0.01200085822254677,0.011983495032277983,0.004107838671646097,0.0013634904636339424
-0.03425452623795276,-0.015032976587445398,-0.008274587506867371,-0.019187344256725063
0.0026085511369437885,-0.021169831716992812,0.0019195410612960558,-0.005547240959004483
0.022729495918635618,0.0040042476395878565,0.0110504222266968,0.012594709333584829
0.03652766017207716,-0.008558484055896192,0.00220651214792954,0.010058552696140748
-0.013168870818705714,0.004076535344166338,-0.0039313823746696015,-0.004341234941830376
-0.04383356491872917,0.0025796873325766986,-0.004593914500024908,-0.015282582079461763
0.0065681051061107654,0.001826264075968853,-0.006798448531639474,0.0005319730181731644
0.021080997712791566,0.004241859347252791,0.010139043795757769,0.01182062179796709
0.03217484068923642,0.021607691333841036,-0.005454824583780212,0.01610921970386327
0.051663425584727925,-0.009649710846752547,0.00015782611599858565,0.014057166227477703
-0.012570044660467669,-0.004470514425925072,-0.001525258907545575,-0.00618859980937344
0.0062744224048800375,-0.008525635319105197,-0.0011522284102801778,-0.001134479307021338
-0.0413112698082222,-0.004215324173815151,-0.00863194481832813,-0.01805282821394223
0.018676655320853736,0.004136970307294137,0.012959983291759788,0.01192452438209958
0.016051144493639043,0.007017912045895768,0.0066169835998495415,0.009895336817781403
0.005902100638278677,-0.0066931462733285305,0.013590161509375486,0.004266367691736586
-0.025503368918839805,0.0033523614533908577,-0.01124324580461785,-0.011131406625271175
0.02045891661922542,-0.0018483870582960108,-0.008445133115505103,0.003388462093342621
-0.0658978087008602,-0.001455093879581581,-0.003726531480638095,-0.02369312099388194
0.025752391756652712,9.156710266453646e-05,-0.007296267953637425,0.006182557452662973
-0.06648200064281075,-0.015037011006778313,-0.001246249033007817,-0.027588392639112065
0.04803040629288371,-0.0029996562559139912,0.01203842520767308,0.019023039391822517
-0.015941457000871517,0.01041548643310817,-0.0019124636149861624,-0.002479475581438442
0.01713517513801756,0.00222264418985016,0.014669255632357743,0.011342346977716834
0.06649834306390706,0.0001992964284806346,-0.005849496034777239,0.020282694203155666
0.03388300050765815,0.020115352259629148,0.005549674949575211,0.01984932272294493
-0.04483726870283353,0.0002442916235997078,-0.011882086087708606,-0.018825002230626418
-0.028977626807357302,-0.01097506992888833,-0.004555598976921782,-0.014836083734957232
-0.062364037693665504,-0.009904207041293047,-0.0015262651608665225,-0.02459814536710506
0.02964447103693035,-0.004510774169024199,0.0023384412855082266,0.009157370227092074
-0.013760537537821336,0.005730910471124192,0.0027682292531793053,-0.0017537975173733413
0.028475475188549173,0.017095296253785388,0.016596706477334324,0.020722471917396987
0.05198977920065086,0.00023715680101518168,0.006405297481600375,0.01954405828367764
-0.007381308913280354,0.002104528083257643,0.002968632233148728,-0.0007693820962417953
-0.012224656678049756,-0.010539389436645799,0.009791458171971313,-0.004324191656712099
-0.0037222237461277843,0.002321014087321299,-0.006241757040431695,-0.0025476530187571603
-0.010288293351366643,-0.004875726126472515,-0.0035431745957909704,-0.006235725122145351
-0.014618825839579647,0.0009419523155513438,0.0053237865308748515,-0.0027843595466888194
-0.0257504914870787,-0.008083374374522714,-0.003173801235438215,-0.01233587669645751
0.03657515851328673,0.005267554067053439,0.009446804269116043,0.01709648851997979
-0.07620374567048663,0.00023008890457755347,-0.00044407732387868686,-0.025472552557351223
0.021291279451753013,0.011262970164475555,0.0004669571628607707,0.011007057919294187
0.07245064290204793,-0.0031396979858768596,-0.01429953204529878,0.018337119286486476
0.011826134546869548,0.013290299773223466,-0.0010401316926360645,0.008025426183718107
-0.040621653119365976,0.00029489151452263433,-0.009723819083918495,-0.01668351021272705
0.022196252726607513,0.007854247689090736,0.004368447003436464,0.011472971000062431
-0.0004638313937787605,-0.010583078457919353,-0.0189853154195228,-0.01001073174633188
0.004012577824323078,0.0009283830858627551,0.008683767373765038,0.004541571553074196
-0.007929165792644367,-0.005558491439032551,0.0006883379005787714,-0.0042664355105929384
0.033823795998156755,-0.010900330115429208,0.004921670974383072,0.009281703003991254
-0.025808099690289073,-0.01198762013592357,-0.00220426572691751,-0.013333315184381533
-0.044246569102567794,-0.0032623022284238436,-0.005237113419903815,-0.01758197733497023
0.0038668105837721995,0.0022664243565114466,-0.002669344068855178,0.0011546291358458657
-0.04930538049641177,-0.0035267474155872597,-0.0031099780236189174,-0.018647349997837334
-0.007281902557939425,-0.022075011176814735,-0.01732932489314634,-0.015562063980553957
0.0302706067388285,0.013819298838358534,0.0055485961163115535,0.016546150684998963
-0.004489512231058441,0.005858920781372143,-0.0020115222812595564,-0.0002140376962773742
-0.0015353712733377936,0.00403212588498081,0.004356097524672229,0.0022842817611543696
-0.032710584789034824,-0.008377431214086429,0.0024557553062749477,-0.01287740735486187
-0.03152393839880362,-0.0022627621238502527,-0.0036002341228822056,-0.012462299086200479
0.02849179385543853,0.006086924316916786,0.00021942861048410904,0.011599370661564214
-0.020394750337090213,-0.004739980893543765,0.003070326100611507,-0.00735479435520578
0.04184839361749785,-0.009359150452590637,-0.003914250313604536,0.009524988092103276
0.03778112202258326,-0.0011101811640258225,0.02240866488466272,0.019693182221204805
0.01592761857397909,0.004312259573023201,0.0014708681549051071,0.007236908197053698
0.007832356716950099,0.007109414209133871,0.004722213570907956,0.00655465494433581
-0.03076313123846271,-2.058916314362242e-05,-0.010415451382663459,-0.013733043528366002
0.014313846083061757,0.005560161408712267,0.0038145153240554557,0.007896166375768888
-0.03966937233687139,0.0010147322851035744,-0.002312818344927708,-0.01365580580974571
-0.05396732729662792,-0.00985694416333528,-0.0018722284284709515,-0.02189881139731142
-0.05887978898476187,-1.2599307823543855e-07,-0.019197646539465405,-0.026025827813247998
-0.024444527286019414,0.012336738682568495,0.007182378602855715,-0.0016418016917284014
0.058872512935061606,0.007146442869039112,0.003761888835816432,0.023260258286357503
0.02776862075794482,0.0016378831498512244,0.011094446951516648,0.013500303452787276
0.02722304273690699,-0.0007841074908252298,-0.005977604562454171,0.006820436740765635
0.010154064381018568,0.0007182298032257288,-0.006713303753583422,0.0013863287572234814
0.045649975709321375,-0.005285005276383607,0.010350157712800257,0.016905025810203294
0.005722909003955936,0.004252330128259376,0.003633713306437326,0.004536312943233399
0.0028477099930861415,0.0052129096505900575,-0.017864247057827864,-0.003267872536841417
0.03760422994226193,0.008448469635893052,0.007101444057656323,0.01771803016055589
-0.002400263505913908,-0.0055694840126647984,0.0003155548562202487,-0.0025513950027219318
0.045666170356426276,-0.013825729324610748,0.00838416062264155,0.013408187143285141
0.044587866538943866,0.0005366051775626665,-0.00143530151964143,0.014563042169231634
-0.001497730284268133,-0.013999751261770318,0.012367302591374293,-0.0010433919414950677
-0.020604692178871935,-0.001593611215778181,-0.0041476616699576835,-0.008781979572880912
-0.0018177325832975928,-0.010939291760181226,-0.004083046410548467,-0.005613351304652177
0.031168664213324124,0.013935684820626655,0.01166944530547128,0.018924579188542574
-0.0053068225558314305,0.0032850635212140346,0.009630241143510658,0.0025361581668037173
0.017041526976933504,0.0022586207469509484,0.0021940145607196038,0.0071647135968139234
0.014412072369791973,-0.004029277884613108,0.00913562015207489,0.006506131706279706
0.04058015303026487,-0.0029094320592216046,0.0032408471328435615,0.013637175730772905
-0.0011626668336735366,-0.007002577694021363,-0.0018228969892524491,-0.0033293771762686105
-0.011564948723070602,-0.004508744291992216,-0.0060056558466223126,-0.00735977559411209
-0.006305266299810406,0.00291413632532415,7.252047991006684e-05,-0.001106202058655565
0.014046994310938855,-0.003250247289779166,0.000760802576005468,0.003852512679871853
-0.008649672136593602,0.004705280208095067,-0.011291323931355417,-0.005078566874712697
0.0023474980701874808,-0.0005127888587907664,0.002361206179495359,0.0013986370649922274
0.021847100134482583,0.009768157645163358,0.010454090963490432,0.014023102224595876
0.012498235451181264,0.00021564225298837525,-0.0009806978191959695,0.003911056050597928
0.00384907631311091,0.0070699988338693035,-0.004512160600298522,0.002135636046589048
-0.012246254943910559,0.004983324504820753,0.0028730105806721385,-0.0014633051561659366
-0.009598258864522142,0.008492109318255465,-0.0067113769124605375,-0.0026058395470669187
-0.07562583665524616,0.0014043609231268097,0.0013805693806084227,-0.024280277836868192
-0.058867849278751806,-0.006968534214606748,-0.008163809941165877,-0.024666706478110333
0.0048504332050977655,0.00553382755435664,0.009920106710285205,0.006768115721790714
-0.014680148721409006,0.007312469890621253,-0.0061536834216926566,-0.004507116243706052
0.04661783868869752,-0.006859234607224978,0.0017261217234581486,0.01382822810673496
-0.00326448473307918,0.011359556427778562,-0.0073570411199494635,0.000246009945573115
-0.028102667551387076,-0.002900123496729414,0.00498176929376893,-0.008673665244441934
0.015518406298581219,0.001180892394643977,0.007597024896534011,0.008098766431145205
-0.019781480877770603,-0.005977723222803328,-0.005363718617407488,-0.0103742971983529
-0.015907308239058535,-0.009028431624317502,-0.0047206974610016095,-0.009885469222646775
0.020961887288021522,-0.008576627364853819,-0.0067383580929000885,0.0018822987277885947
-0.016172479112532112,0.005469167688719524,-0.0133857728149041,-0.00802968671654415
-0.03350477316332677,0.02840734427266368,-0.00708553010672173,-0.004060982271475275
-0.013118619240030088,-0.0025916792826591053,-0.006465304077620637,-0.007391860141569076
-0.0028094536544957904,0.020280515820258936,0.013512465372766737,0.010327832185000782
-0.004676592223283878,0.0008064778419410844,0.0006300689571781379,-0.0010800140613730772
-0.011734198892906843,0.005423616935069749,-0.013393705870148308,-0.006568089374565858
-0.06657128772013415,-0.008112949284717745,-0.017011549434260757,-0.03056523158110874
0.014039656113147196,0.00017818605425468797,0.010087163859724663,0.008101660574040173
0.07388791079579371,0.011483205764035768,-0.004993366099813462,0.026792556694088518
0.012419901867020938,0.004763884624136801,0.003619332623052868,0.006934366103697164
0.02241313146112769,0.006003192005977321,0.009051666427092406,0.012489317475402509
-0.01095428118443435,-0.003944276186934788,-0.0031138546998946645,-0.006004131352950576
0.021680273023338376,0.0008972258939302757,0.006155090813048719,0.00957752033257588
0.07396723789315345,-0.0015478362377868015,0.006894093306446218,0.026437805216105965
0.0024689382565776558,0.008649150488203802,-0.016918251020097443,-0.0019333854917179035
0.01849293311957766,-0.014201192192737563,-0.00358612291070225,0.00023520577017327728
0.01324305708167415,-0.00010977560369459084,0.004083081339791445,0.005738781867136062
-0.018181205280250617,0.0009445305361939305,0.0031193236770479986,-0.0047057789832192064
-0.05140211290307477,-0.015513523983749826,0.010451778908603219,-0.018821267171454464
0.025812469963247712,-0.010933724253077834,-0.008416731606654793,0.0021540025471669935
-0.0074533665749281705,-0.004521225572449733,-0.005810658624909993,-0.005928410995679041
0.0013141704040649915,-0.005278887045084571,-0.007167026947372077,-0.003710577485549356
-0.05208557316106252,0.005921093607576233,0.015127867884701527,-0.01034552687739103
-0.028849513915822533,0.0016281096955187342,-0.003963979068705048,-0.010395117367875186
0.019815126292557123,0.002427575642878988,0.0021691998216460287,0.00813729244839346
-0.03639079947705493,-0.017720544185430724,-0.006741903766744746,-0.020284395525327657
0.03064963657015885,0.006574766509014576,0.003283455607420008,0.013502606059578249
0.035347414918446916,0.006147488927992199,0.021829966927696225,0.021108269149754853
-0.007093108888091816,0.005381548301191207,0.008607495329100143,0.002298642615421597
0.04143958274318111,0.013187397248620865,0.0013895031129136837,0.018672142362744185
-0.04919123619318772,0.007793848890710603,-0.019389694396086996,-0.020262340303827474
-0.035081230865221344,0.0070884543437580326,-0.014004506759081777,-0.013999080427753937
0.013756158571144424,-0.004527067015693166,0.002873360236686335,0.004034146563228601
-0.05520142675028904,0.006244765140323583,-0.00023248300806810577,-0.01639636514296298
0.02500280701046043,0.01213181637950065,0.013631646721842125,0.016922073115177697
-0.011616155623692727,-0.003255404375691754,0.001977421940523365,-0.004298041721574352
0.025158337638135003,0.009773341230739424,0.005917501536259641,0.013616379851984554
-0.033769326568349654,-0.016129291007634834,-0.0011766989257940884,-0.01702508847548736
0.0026127066647067135,-0.001662028413625053,8.51265825425263e-05,0.0003452679326064511
0.03724695857272881,0.004897755582405292,-0.006238219136783048,0.011968819703952012
0.007847912198479481,-0.015301056879958808,0.0018970184828353963,-0.0018520402141725765
0.03365672356065507,0.004319877692566023,-0.00262994750273172,0.011782206134611874
0.0056562592483585675,-0.009838693095989903,0.0024179804287815733,-0.0005881505514654475
-0.07653842596140036,-0.012206790612201578,-0.0071136023258599156,-0.03195290768021431
-0.018090869218055465,0.004779354329423203,-0.007991425549111846,-0.007100973044934557
-0.03827534960724455,-0.008430019603410607,-0.006967212021639059,-0.01789084251990433
-0.005230005801844597,-0.012347649497554843,0.002382979246452345,-0.005064886952757015
0.0509966369835759,0.00035413987934242695,0.0023442541375085337,0.017898325768465288
-0.03269828455430864,-0.012542488123319548,0.0044455333159460165,-0.013598399522147604
0.03879512150663822,0.005441595739781137,0.01383860024468787,0.019358419805263243
0.021670559468249632,0.012785969609837062,0.010819921350004421,0.015092135050546894
0.021846885296382592,-0.014852887322443907,-0.0013347165622962951,0.0018864252507869925
-0.0026069484496906077,-0.0004788226997472989,0.012960859911775759,0.0032916929624163633
-0.00801348005668159,0.00594235414683048,-0.004250544061259241,-0.0021072212164801266
0.00492631512416393,0.006389106461354175,0.011430924391438241,0.00758210774353679
0.061663610552011236,0.0018831509330101324,0.009846066119679973,0.02446425140395791
-0.008251696326112154,0.004769722815673422,0.00704679041736774,0.001188271114037367
0.03183586930761752,-4.203044679685437e-05,0.0076446390315569445,0.013146146151299906
-0.012376032580813805,0.002891954741945125,0.010437178246335638,0.00031769981812218356
0.0003097750325594486,-0.009730698587377783,0.009207506798349384,-7.113884768406481e-05
-0.03231673243817291,-0.010349263845085967,-0.003811655449558076,-0.015492535085055072
-0.02164680205822357,0.001344952213413111,-0.010144140416893772,-0.010148653271904657
-0.006498886943326558,-0.003292411515227399,0.00354423655377366,-0.0020823518859061307
0.0069516278172963245,0.005572695697145281,0.008244106346435676,0.0069228030308158064
0.046728025588835896,-0.009967822043252889,-0.0022621257188031227,0.011499347776234018
-0.004511274932178889,-0.0058354823255050425,0.002778333974812571,-0.002522805238149359
0.04930582281925358,-0.005877106949467908,0.0037312826007559557,0.015719983770181054
0.023810334633083567,0.00852283032388122,0.0023687469593180136,0.011567292404790295
0.045634662480563706,-0.016735988994976428,0.00903273687140939,0.01264379080852877
-0.011203209741078517,0.0027147083001379294,-0.0008213694913436344,-0.0031032872074710964
-0.020056470331952143,-0.013461831986621755,-0.010380452028497657,-0.014632903482772403
0.04110566618292953,-0.00681320868997716,-0.01400123289989931,0.006763734767276156
0.03665676111421537,0.007788657576509366,-0.0070238622762290315,0.012473839664313096
-0.03193095058716968,-0.006085903406005508,-0.008405112558331016,-0.015473973376513217
-0.03728244793611063,-0.012495142922940483,-0.00738198850451522,-0.019053174067995657
0.0187514002725331,-0.020058386618964818,-2.296270522328305e-05,-0.00044331590723531596
-0.0043681924267925006,-0.011947420911868054,-0.0018132099123645239,-0.006042935040733942
0.019397767397424676,-0.002268832248611148,0.00918213389096752,0.008770347576237337
0.06721397445661453,0.001282280120010356,0.016205569256229305,0.028233913043676787
0.020106958404922836,-0.015744541763593106,0.007262860611758468,0.003875088542603648
0.0054255309469043505,0.00635159929906441,0.0008160188420008108,0.0041977121649401615
-0.08203634634423942,-0.017972289752283155,-0.010224127135468788,-0.036744217666409375
0.023078458681483942,-0.0004052128987747061,0.003678746907639566,0.008783988779452037
0.04316212132971572,-0.002359057281890158,0.01289373159250729,0.01789891398117907
0.06148309699181018,-0.00836635437133805,0.012208126806681737,0.02177493470076148
0.0226619918649804,-0.011435750926244813,-0.007985226749337033,0.001080336982794788
-0.01084995920120961,0.0037232312103933313,-0.0013131300305861595,-0.0028132831938481396
0.02337843759505054,-0.006941859528834114,0.006158092973451965,0.007531549481665783
0.004729369779974877,0.011282452322185145,0.008180673436898319,0.008064157115520934
-0.0111322312140836,-0.00273651917551915,0.013834297042992726,-1.148443738555843e-05
0.05338092956646924,0.022895684209496444,0.006305367214940644,0.02752729946964178
-0.019621498440684712,0.011638298810270608,-0.0043563130543382445,-0.004113166781746554
-0.027305823863044837,-0.005081541945883136,-6.128078597250901e-05,-0.010816204715417962
-0.021892958825872354,0.0046198658467711375,-0.0022371477767159885,-0.006503407081858816
-0.02246782671572518,0.01706417551102649,-0.011900686646463971,-0.005768106848941604
0.01778304551373871,-0.007526975727793607,0.0008070529311517928,0.003687703884658059
-0.025376624072860805,0.016289381236105443,0.007489469463812983,-0.0005325905917230019
-0.01872238208602961,0.009362737414553424,0.00974080563226726,0.00012705352654337077
0.00939507495044337,-0.019666399380257004,-0.023860602705535004,-0.011377297667807167
-0.040371649583818565,0.007085717271051875,-0.012453044440652459,-0.015246310338147464
0.02017920585509266,-0.0039284816935321685,0.008604484143784225,0.00828506115004547
-0.05124903549094124,-0.010415923006129603,-0.014347991257454035,-0.02533762458052504
-0.032692434341321304,-0.0019240057136379997,-0.007551973424971914,-0.014056123770505913
0.009960269216712218,0.006833657240208508,0.003892849884423653,0.006895585218189346
0.026387785240455368,0.008843322831743283,0.009213441084719722,0.014814834904123072
-0.01759600885301404,-0.0018560827964684392,0.00973053235366996,-0.0032405165247510743
0.01144748798252208,0.0017704525930266383,0.00714030742366013,0.006786075880320284
0.008856295014100577,0.006706412376414576,-0.01687958184600941,-0.0004389577128732671
0.0025918346125396873,0.019457190920482783,-0.002035019022982798,0.006671328832011054
0.046436729735131514,0.012203715882693464,0.0033831961026978227,0.020674526565627026
0.019398453546531212,-0.005120604454648266,0.0015308228045666675,0.005269552029259239
0.06489426528931487,0.0008328460426888105,0.007296322433640822,0.024341120247403578
0.013967604408795731,0.0010039225810778963,0.003212243789345807,0.0060612508651495525
-0.021931482674774887,0.014079500268499053,0.0023583897118109854,-0.0018311957336240514
-0.045120316385459304,-0.014951322050190181,-0.0009853771775966756,-0.020352318185410185
-0.014016755626437484,-0.01891996050261527,0.008061609298340933,-0.008291693985201663
0.007292732311194086,0.009779763750412108,0.0023401258712783994,0.006470867506754219
-0.09734190037929595,0.012559557871426359,-0.004644134133389094,-0.02980879573826068
0.04975800410548138,0.0040403037155035855,-0.004724063760486903,0.016358064995418
0.0058023298390868,0.01578805181986526,0.011650325212135064,0.011080224543460084
-0.03625604642841819,0.003237223580893995,-0.0016588309533907583,-0.011559206374420384
0.008829236494459197,-0.0006032461370690708,0.0004561914818856361,0.0028940577190313074
-0.020516196123866497,-0.008358336033292087,-0.010483033660873671,-0.013119175486822145
0.014481889441286736,-0.0029834200064929694,-0.011256171015086447,8.076605913630014e-05
0.06713762583322593,-0.0007919766982303981,0.008269062983090483,0.024871545834457963
0.02689107572565382,0.00826143340263859,-0.000981879531775735,0.01139019847529569
0.03233686258980817,-0.0013487485240833608,-0.007609797572648097,0.0077927643715867394
0.012252654757049154,0.012466007164432217,-0.005931267063219248,0.006262458690289088
-0.0250553273015463,0.0038577708998953734,0.0018698907089852459,-0.006442548788333329
0.05160296590705052,0.006368017088530733,0.012073956620390867,0.023348289857010835
-0.08114971841209746,0.015771076814239334,-0.00028605438966057247,-0.02188821010760757
-0.010559119653389043,0.003348228440335093,0.007906942545788508,0.0002320168788944086
0.03179920955400379,0.0015213818527737024,-0.0012594150466088902,0.01068704809966408
-0.03620147557257273,0.00630112393863111,-0.0022692659014282024,-0.010723195121917429
-0.02768064606836467,0.008436434466737561,0.0024415851947031247,-0.005600869868099192
0.06178857219699885,0.010577426918228966,0.011238245828844503,0.027868053779942458
0.035054754602293896,0.0049179928319589075,0.008399674163450032,0.01612412440842708
0.022475115131594788,-0.006372196566103608,0.0012002137834331867,0.005767705015264006
-0.01023936802619258,-0.011108660494572199,-0.0017164698039621542,-0.007688158420076202
-0.04574437976390206,-0.007062151454506852,-0.009197354785867806,-0.02066794133346357
-0.03814034273667214,-0.0016650238822077052,-0.0056895538926882965,-0.015164958338882543
-0.005263515648836682,-0.010227982006566485,6.806483769488704e-06,-0.005161558562314169
-0.055298112387464064,-0.011555406916720978,-0.002995149997936279,-0.023282866484484004
0.03654902863585439,0.0029465275092849,0.0043555864264803665,0.014617032906825693
-0.01889930901576889,-0.005800795810159725,-0.0014903075667477088,-0.008730128734087978
0.00024294325605765362,-0.003298809733268643,-0.007695763649668943,-0.0035838731250832684
-0.05302481197571693,0.012816394412484123,0.013717407726474734,-0.008830327781916078
0.005202716845445255,-0.008766390758598468,0.0004524768072383246,-0.0010370646649059275
-0.007862018270431781,-0.0064612700236947145,0.004105019306809185,-0.0034060862563494412
0.0150282791121754,-0.004986594904434429,-0.009242450354223063,0.0002664110180946847
0.0035630291029565843,-0.009039118546658582,0.005349160111043465,-4.230973524306674e-05
-0.01204845316076111,0.0012832852270614208,0.007430767990774457,-0.0011114655361750964
0.025949172981164236,-0.013417461620885734,-0.003627474683613976,0.0029680759241426167
0.05272599178483413,0.012125286245373085,0.0085244017500551,0.024458535468194178
0.00026082652675911075,-0.013490089394437224,-0.012929514772013139,-0.008719583826971203
0.0018906257291274767,0.010981212438984233,0.0006595415286039163,0.004510455388445309
-0.05185922083629863,0.0073441473256433834,0.004744130155622719,-0.013256967861363059
-0.009518613450039544,-0.0008126332062344004,0.0037604413915898966,-0.0021902662312929277
0.04092305879874384,-0.01744884295215434,0.012023533852350048,0.011832571400396615
0.003193444738601258,-0.018951619278079274,-0.009611638520460574,-0.00845659589670851
-0.008673750925295938,-0.010659525127995157,-0.007744826213472382,-0.00902602506288707
0.04654427232083202,0.010242646234272429,0.0237410152739992,0.026842617767056605
0.02096505869908945,0.005667272749879452,-0.005154653413524196,0.00715921885258889
-0.02741154255052329,0.0078039357678179435,-0.002300001006494011,-0.007302528627197189
-0.006667804303008508,0.0099654444676933,0.002296112578007814,0.0018645823829799542
-0.04182382101784564,-0.004541836982351805,-0.0027399588068180492,-0.016368522567132896
-0.004559487968331366,-0.0014219816271046908,0.01576531815472853,0.003261279591814638
0.02978250177706193,-0.0006863462513768702,0.0029440184746668163,0.010680047320059293
-0.02870577517386667,-0.009518351476537894,-0.005097462744438591,-0.014440515357751251
-0.004839089486403504,0.003602178612408158,-0.016863376611109007,-0.006033423128272289
0.05485557442011423,0.008733194745485158,0.002507262088587676,0.022031988386051936
0.04261212477471223,-0.004637528774303832,0.0013504100367305002,0.013108322237377621
0.009836185446117975,0.011706496308127158,0.0050340120574503145,0.008858889078333878
0.08838665801158449,0.0042444094266375024,0.007938514324589247,0.033523160397743154
-0.005205578588117547,0.013219025897413186,0.0068511612289440475,0.004954864557877049
0.03647779392478966,0.006655735042213769,0.010947630494809546,0.018027035126884503
-0.06139874339834588,0.0006163026302252608,-0.009677199030733745,-0.02348652311307152
-0.002509600657613006,-0.009107282436951592,0.0019314933625544865,-0.0032284600155401267
-0.08581590898232104,0.003696601018510722,-0.001390113450292141,-0.027836445968227014
-0.045190526768989055,-0.00822463965896856,-0.021117999196722834,-0.024844363697171606
0.0029751335398796284,-0.019545776221779478,0.016725896057805792,5.175107355085516e-05
-0.019080389129486897,0.0058549121749224145,-0.00669728708979366,-0.006640914707198032
-0.06770161274789738,-0.0052567977852921435,-0.012492091496612963,-0.028483472193100153
0.00992349414713476,-0.0031979476293201295,0.0042610390325917066,0.0036621915212735954
0.03300253165892157,0.011065652631153782,-0.006778480550067339,0.01242988881676809
-0.030585124107144233,0.0014590201052423664,0.0028861581535523143,-0.008746639869467901
-0.04246280056325349,-0.00214420893427049,-0.0038562541228776364,-0.01615440505237933
-0.0033502171671755134,-0.003289110015396768,0.009088630408573883,0.0008164335922327921
-0.007327594704232065,0.002306300293814771,0.009319851122221234,0.0014328508044157428
-0.037677269504785435,0.006984237990851198,0.01311674385684554,-0.005858756693600346
-0.00867604686925939,-0.004687112502718923,0.0063093904928466765,-0.0023512539417875856
0.022396120172941243,-0.005946592759381833,-0.003431936120174156,0.004339192758597987
0.050495363319736766,0.009015337914382261,0.011461435692988065,0.023657355318323386
0.03427325162405652,-0.015313404516679733,0.006468007484909843,0.00847594305481068
-0.03979082468973467,-0.002228799633944819,-0.0007289660517518482,-0.014249515875613652
0.042380775070626625,-0.007732550109008732,0.003238685366575063,0.012628957480427543
-0.013896221950413758,-0.012606925416892085,-0.009973806513350232,-0.012158972467900733
0.008077455243223914,0.00047752484737595077,-0.006436143304863466,0.000706278222299871
0.009879369920200916,-0.002486921993835401,-0.00249875561019175,0.0016312291408271495
-0.04012060190118289,0.00946222908721406,0.01057507992113245,-0.00669442426984783
-0.017829199720569254,0.007382769840107023,-0.005368936692697694,-0.0052717835859311165
0.06998014648657884,0.0065645109414666164,0.015621801908502547,0.030722122390029555
0.006054590614905282,-0.007540718816751562,-0.006986267700486687,-0.0028241291433123545
-0.019366161413737256,0.00871722290504004,-0.005300258730980176,-0.005316393763493384
0.007271644936978051,0.010506894803559251,-0.007669837273320823,0.0033695641195046703
0.008842066376867038,-0.0033824696280448335,0.00997879748853654,0.005146126266321502
-0.026648113601591243,-0.012425358737263172,2.676643370349988e-05,-0.013015555619481669
-0.007956751386536638,0.010479023195845226,0.005060861845367295,0.0025277086905140765
-0.015515655591483733,-0.014058629209546524,-0.00017372868585172237,-0.00991599457962283
-0.037053356414937025,0.009246634451634575,-0.001022760703638108,-0.009609817945819298
-0.009869645862444506,-0.00919998899441292,-0.004741935710202207,-0.007937182251829688
0.006909701285462428,-0.0021332916431207505,-0.009014525153044347,-0.001412703757529053
-0.048178334004769466,0.011799322838644467,-0.01361612718519337,-0.016665029452060005
0.0036352410496195155,-0.015330601869880663,-0.00028104697632002794,-0.003992131940057792
-0.020795560798072918,7.525994321875402e-05,-0.0020260483448898852,-0.007582108817798283
0.0523446797534085,0.02080323671240669,0.012954000925163063,0.02870061042968695
-0.03917249001317716,-0.005040123546653286,0.0012197957934282505,-0.014330924924528142
-0.0476367418149985,-0.0031899601923171092,-0.0046389047028570895,-0.018488517081521997
0.03063798874041058,-0.017198165694060158,0.00019328755384904095,0.004544365655696289
0.03291476511606553,0.00822091168973547,0.01563291528879932,0.018922845108669407
0.039069983771853216,-0.006948536423273066,-0.022005361994532197,0.003372025079320866
-0.042451929261555756,-0.005028300530492417,-0.0030553831348312083,-0.016845187463755483
0.009678001079441634,-0.017121514688111412,0.00039807108724479825,-0.002348478491994153
0.031822013085912586,0.01567806572843581,0.009644009453023059,0.01904801037442773
0.0028035150069748785,0.013793173315634014,0.005290640879475755,0.0072957691049184824
0.021712655550737387,-0.0007831190000110103,0.007348995912231463,0.009426168061475126
-0.04416267440502102,-0.006481064971611177,-0.010484205642157204,-0.020375961296948127
-0.007900701453843676,0.0033266624006800167,-0.009560148390172935,-0.004711391103049717
-0.008621155130109253,-0.01556824471747914,-0.005593683672083167,-0.00992768457886268
0.055596114673124995,0.005035440487783587,-0.004086826196394352,0.01884822413992842
-0.02420980932794609,-0.004096299579702438,-0.003932446607920028,-0.010746174425671013
0.014061351784055678,0.002774099366301855,0.002404491150919638,0.006413307687111623
0.027316643490934753,0.010215206428006619,0.015106864251568231,0.017546220510598478
0.015870865197167572,-0.0011376347768553494,0.0033010721150384115,0.006011428167016033
-0.0067985894814205795,0.014812572668641156,-0.008006938222289947,2.3483192952212444e-06
0.022996127833724685,-0.000245751595042177,-0.004116359979856685,0.0062113325416031885
0.016701383077534323,-0.01227628014144873,-0.017991481972813375,-0.0045221218234495816
0.028771989468702366,-0.014684198319433937,-0.003601234627432805,0.0034955153450930334
0.02680817308716253,-0.008786749722654592,-0.0007266303750756002,0.005764925231546448
0.015089634267604528,0.0010908204600815641,-0.0035397563251775787,0.004213561920603371
0.036770007757794404,0.005218148338793082,-0.0035328559205650817,0.012818420573574074
0.002885645397427489,-0.004576391812785113,0.005817092752437606,0.0013754474035778817
-0.033483348539488166,0.0018404401933907718,0.003117765472122808,-0.00950837144961057
-0.012151054754956266,-0.0012778758462670035,-0.004641457340907576,-0.006023456623914301
0.03769478377293363,0.0018082317036423527,-0.010362265913295027,0.00971357347417713
0.011523291846416475,0.02620365402351016,8.19938465643189e-05,0.012602967302517077
0.03204302649112373,-0.009682876486305328,0.004372836977099288,0.008910986749643569
0.021324034600445806,-0.007362393452390247,0.00618995879561905,0.0067171932640248885
0.008098880669156292,0.01318037706473877,0.004155133296430746,0.008478121865311591
0.005886978448191402,0.010320219476803857,0.0076026311839879,0.007936601766384683
-0.005538292230289557,-0.004079781939261059,0.0008488251820339043,-0.002923080072755908
-0.02036166039516584,0.0010451816558757004,0.0012210353783849274,-0.006031808421820617
0.015471465864034212,0.0025135000672249254,0.013136504329473773,0.010373813046420884
0.07028323638944999,-0.0033379731318236828,-0.0015046522541905991,0.021813515187608233
0.028488642044658292,0.003040396305441209,-0.008713200258368288,0.00760527175863104
0.029569023586922902,0.00923499102248581,0.003895081564216281,0.01423301782484294
0.029430045689898487,-0.016958117857557995,0.010470337000823029,0.007647413963632896
0.06878625015208664,-0.004408159852547582,0.009954538132677444,0.024777518033196024
-0.01433716467530561,0.0064620906787193925,-2.00598829659985e-06,-0.002625690702600944
0.027999075161355635,0.00811560460905688,-0.004601146321746482,0.010504500645044195
0.006556002397016889,0.014128572645271356,0.004475454435831061,0.008386668106029943
0.044255364417090756,0.0018215408646551426,-0.0016572828170014196,0.014806526015040672
-0.006163283220455689,-0.012955484722710041,0.008102499463481407,-0.003672085821138614
0.08504337202397352,0.0108394041273067,0.007222824286275627,0.034368499110651804
-0.011794709695193712,0.016929672296041188,-0.0019233155035647733,0.0010705479618785348
-0.000906329118250834,-0.001137024796788461,0.0030212086507213783,0.0003259512526091158
-0.010855761316812523,-0.003093896555988686,0.00020077073706952398,-0.0045829577956148495
0.002906977355859261,0.0008586705063916777,-0.01714265140878629,-0.004458996723177269
-0.047104798664784994,0.02094643978037869,-0.003376055519201475,-0.009844794956397791
0.012384745091198319,0.00302711493231633,-0.021864374554611255,-0.0021508360261940254
0.004281378435907565,-0.008646233867032026,0.005534838860985297,0.0003899940866258022
0.026147129823117152,0.005493354467862555,-0.0008910394062233496,0.010249804711770491
0.01606698456029333,0.01217041755275519,-0.0012357107012641567,0.009000554803364317
-0.010778141346864119,-0.002103967003890219,0.0029792996559731754,-0.003300932930657489
-0.003548717144638117,-0.007804972291992281,0.004428787437749443,-0.0023082983579929854
0.05954396995008447,0.010125674013240327,0.005977934206845826,0.025215834174197482
0.0034726624157353494,0.004029743197939936,0.009522700417939931,0.005675029668836395
-0.060620993180575684,-0.002869299297042055,-0.0036419426279920013,-0.02237738932445821
-0.02492999921531154,0.015767743180197805,0.005004833647959945,-0.0013858060765771347
-0.028024067627241068,0.008527908310127796,-0.008007965207431966,-0.009168032340140238
0.009820784664100036,0.0037613618984385145,-0.004894683358748942,0.0028958181721088017
-0.06415184584772018,0.005944792221421381,-0.010586817949341012,-0.022931267593922746
0.006877654127067757,-0.007006557152672378,-0.00159024218113421,-0.0005730478291978747
-0.013325742093553545,0.0037843067275768172,0.01305418358171632,0.0011709149009971251
-0.014427919965787725,-0.009692291140409013,-0.0010808269291878252,-0.008400337611448842
-0.023455920048018532,0.008693494667776542,-0.0017292226074932704,-0.005497210498695757
-0.038949680176635554,-0.010780903920511585,-0.015198825062565273,-0.021643114743434416
-0.004542302484380466,0.0059752398110301955,-0.0032421707344817943,-0.0006030771995328856
-0.005457944989019949,-0.01046887417296099,-0.00012179199940060654,-0.005349531704256795
0.014175556829577083,-0.002466017020735868,-0.002507397572050613,0.0030673776782161218
-0.008367992590626743,-0.006118999943124912,-0.019111465740022468,-0.011199474891771949
-0.02360961419153727,0.009878342231559941,0.012591719665659995,-0.00037985038492167943
0.023208274578791346,0.009810199289493041,0.011123682220224538,0.014714037315450944
-0.008266548450040852,0.012176602804298307,-0.005659454508513618,-0.0005831328016186695
0.009418879582389796,0.01390888735737665,-0.0023882107066852147,0.0069798450978416655
-0.0009303264491888406,0.007702791212064487,0.0066950506722886945,0.004489167322549635
-0.044934344842453344,0.00029717932336466594,-0.0011377246678794515,-0.015258281470692647
-0.06296269057242244,0.00589843088949821,0.00840889562786936,-0.016218438466563605
-0.03140283887969045,-0.010928447242320881,0.004906712587449506,-0.012474845369996095
-0.0063855141559875355,0.002538795835739142,0.009841131328165057,0.001998135671167885
-0.0327554806772769,-0.00984748845288454,-0.004849155446559939,-0.015817359041532267
0.026308451892989436,-0.002776747869050421,0.008637406441922775,0.010723026098917107
-0.030061054388958026,0.002619522672767326,0.002129584453019334,-0.008437307317074701
0.04660486726442037,-0.004484041730822857,-0.004692541970964208,0.012476082044783248
-0.022957924469680396,0.0070843404869740615,0.010004310068777701,-0.001956422681551573
-0.007637639360080977,0.0052521271051905825,0.007514526222554836,0.0017096696128834912
0.02301542365850263,-0.004451637743632299,-0.002010099137049266,0.005517890074711429
0.058902322400110264,0.011721796490167207,0.004923289247623645,0.025182444196830994
-0.04115244070512251,-0.012463116940450497,0.006423617886054559,-0.01573063085585956
-0.050266564083540785,0.004280356525381038,-0.002559463722693502,-0.016181874245060655
0.01724604286460373,0.011616490788450487,-0.009060617455947894,0.0066006321317300404
0.0033441929646116954,0.01175270292593988,0.004737962968067071,0.006611613007919929
-0.06538426972578905,0.0026478803149964287,-0.0009939785869586132,-0.02124343475579441
-0.025915729709350667,-0.0032668306801077276,1.3958195437808736e-05,-0.009722857675139463
0.015482829605171554,0.005511739692546744,-0.004313777827602488,0.005560258263108113
-0.025170631197883743,0.012235850479313122,0.011293282802704639,-0.0005471654247893559
0.04948222695749045,-0.005337262465735202,-0.0013641061618956053,0.014260271849667105
0.043188474658402434,-0.005590596509082117,0.008516738820605007,0.015371523618436118
0.018941614679336426,0.0009405270030661663,-0.016501401096046173,0.0011269124018719445
0.04688580135954756,-0.008563429174471612,-0.0016687652542400418,0.012217856759076327
0.06381598225487534,0.010724813845365512,0.000871859141519397,0.025137526609701668
0.008566011177865896,0.0035305446515161436,0.003727581913637976,0.00527470730629409
0.006125772878414501,-0.01194820931646279,-0.00018139498303784913,-0.0020012751390849053
-0.0106793429017222,-0.008621430132282292,-0.006543887858682309,-0.00861487834934197
0.04478995292221259,-0.008831320957837946,0.0010075149320732542,0.012322036643433667
-0.001095297670217436,0.007587400805275968,-0.0017855701407040892,0.0015688427626071493
-0.023866249112884246,-0.010506907865556183,0.0014213764020540017,-0.010983915874868617
-0.022033126834518222,-0.0052042196766500974,-0.001767644655758687,-0.00966832072064528
0.00983231734624275,-0.008484822144875325,-0.00511738242380212,-0.001256627817515824
-0.008622392223386666,0.008949114433135792,-0.002083384735857334,-0.0005855535898152274
0.01037308949012285,0.005659469634486288,0.009627203610395773,0.008553245691747391
0.04707505641001636,0.0006946293425009009,0.004655087568077402,0.01747490696527378
0.06175882449360328,0.005385657111651492,0.008288716143139694,0.025144374105065575
-0.0108288643652109,0.0002774070694115923,0.005356568011580744,-0.0017316280297764266
0.00687601432278309,1.3262928718245207e-05,0.0029064842684005136,0.003265250574713443
-0.02667416104355153,0.006909138484572583,-0.002551068520077088,-0.007438689587654985
0.024328397613847915,0.00037252185438885134,0.013594321317466252,0.012765067496820744
-0.015361971468210767,0.011402436674050411,-0.0011097963342108102,-0.0016897753530133461
-0.008730906887592467,0.00999357776288327,-0.002235881210435097,-0.0003244031206446527
-0.040802547199486186,0.002222304719965645,0.006489067111021138,-0.010697047759108012
-0.03715686702060592,0.00816885649437417,-0.005980887885746336,-0.011656287814359892
0.011830345532905616,0.009898396144102128,0.005822440556993843,0.009183718227606451
0.009658151378741625,-0.005865401029967219,0.010145972631937913,0.004646236347329779
-0.02195596452267274,0.0009619006825506083,-0.016417399957044027,-0.012470475461900787
-0.00882734490484908,-0.0064756163134503525,-0.026810849265666077,-0.014037922790051675
-0.01858743535227495,0.003672106120053591,-0.006189538236170021,-0.007034948787841304
-0.022055056045860406,-0.016623252922501008,-0.0008068502816689547,-0.013161706588290372
0.01496438220785309,0.008683569085711685,0.005753873382524168,0.009800598424754755
-0.024884333345595963,0.003980856588843914,-0.0019415336476357632,-0.007614995853125802
-0.08793925450670617,-0.014020495267687533,-0.0008416840568087082,-0.03426711034325619
0.050366305143719134,0.007818742886709877,0.007032792658411247,0.021739258490333188
0.03597569902452542,-0.015761958665434447,0.008190962944587208,0.00946822496632496
0.02153148564844621,-0.01402606765685629,-0.003473886672526278,0.0013438424291774408
-0.08058584519729825,-0.004347464039850013,-0.001438485378239224,-0.028790569414530957
-0.041525675158888366,-0.01277702431827358,-0.0027066630264450157,-0.01900310183141482
0.008597128864583933,-0.001419976941868541,-0.006145249278424001,0.0003439672041295823
-0.0012229126901683357,0.014689161910378033,-0.008560226051125708,0.001635339421020273
0.001982348074967369,-0.012540049476234992,0.0033943751281247077,-0.0023877730366055473
0.007135612099835034,-0.012628523467887998,-0.008397680988036178,-0.004630192821832262
0.06505089893775706,0.024092047574532573,0.0038252872266570474,0.030989380256904314
-0.023491766754740188,0.004169557849339318,0.004282384043770926,-0.005013269940601694
-0.05057537996092732,0.007353710234544317,0.003949462467872,-0.013090722662101248
-0.014991100942573141,0.003995683719486644,0.011952657721494436,0.0003190798470558131
0.011665757819127896,-0.001325612370487346,0.01772583871031823,0.009355318697658207
-0.013651133169207488,-0.011213370750211333,0.006396523855104178,-0.006155987198778192
0.025288879693277092,-0.008063816680423063,-0.0050512879949281275,0.004057920948050295
0.021218392257912756,0.005127798473155493,-0.0013758636241317265,0.008323434045536472
-0.022846821004574958,-0.0010225907951729798,-0.005295794453148966,-0.009721725695896884
-0.018384382643314805,0.003302459451116051,-0.002100207108665514,-0.005727371039577989
0.0019058043660807277,-0.004323172407808061,0.0021096715631430387,-0.00010256539029593857
0.01568394170561027,-0.005620155540801552,-0.0024742797376953473,0.0025298329458689818
0.023550823742395335,0.011203755604055036,0.013987234684791598,0.01624725509647598
0.002681738145045476,-0.0038607165059821777,0.007627008531170959,0.0021493412407346956
0.018239032209342473,0.012646880605754153,0.0068202157832674346,0.012568696964078486
-0.0072901233472775235,-0.00120901183388718,0.011457715792355883,0.000986192550870189
0.08410789152799028,-0.00872625896866416,0.008743847608422811,0.028041798680756253
-0.013430004432903167,0.025348026578340326,0.01940326371848113,0.010440418180877474
0.0365158993442134,0.006378043369390437,0.0036701247958270127,0.015521340315121113
-0.009846904940028593,-0.007461581134812512,0.004289221749049745,-0.0043397504355090115
-0.02304179982382268,-0.0032772747139705187,0.0011828592271362326,-0.008378730058147217
0.03802605044969971,0.005709635449322163,0.012125175880968678,0.01862026863970959
-0.02311562163880281,-0.004866359377452322,-0.006925857016780586,-0.011635934375065894
-0.027038295045028398,0.006954464507191968,0.010077704779454836,-0.0033353719174186117
0.013313515912628528,-0.009433754938267995,-0.014527011013394174,-0.0035490797972612008
-0.05365896307914317,0.003207729557262193,-0.004707607848511939,-0.01838626207051718
-0.003156673384858055,0.006651704386297199,0.0021394247977362217,0.001878150054906522
0.026791771425989822,0.0060436904733782585,0.008262027137505155,0.013699149313128066
0.03287399833585464,0.011644286874259564,-0.0043088522910915295,0.013403130903196584
0.020721052158063157,-0.007816844446906538,-0.008017842117342999,0.0016287869024826755
0.027377678274882404,0.0006628871930214294,-0.000626463487556026,0.009138024855415275
-0.06892548339986276,-0.0007762897993993117,-0.0013467195422423614,-0.0236828072310039
-0.026797729577464603,-0.008635291018991595,-0.0025101778654194103,-0.012647720172892382
0.009623992530539768,-0.01615170865667193,-0.005762214281117456,-0.004096639372439736
0.018192785993749714,0.011123579873360556,-0.008259240845558059,0.007019034654809063
-0.024234035437169517,0.019992043825156933,0.006338716265230276,0.0006989075188310131
0.0118880797197161,-0.013405663193557309,-0.018593643543336813,-0.006703735635317001
0.03263921572038668,0.0031707339200175003,0.0020253687614988575,0.012611760188861544
0.021740843324328973,0.0051781922742481215,-0.0064744197991504215,0.006814865118270292
-0.009175690406169518,0.020229732990497462,0.007185799485595489,0.006079941276693788
0.02258273077217356,-0.012044931338183164,0.011537888295372752,0.007358555217891806
0.01493030959198192,-0.01003560812179508,-0.004915806187982713,-7.0348988970520755e-06
0.03529346000473927,-0.014697322890130649,0.001359329825118975,0.007318481661420219
0.0034906510588836536,-0.005886981573233687,0.0006923166568819694,-0.0005680040511514022
0.005191539349130598,0.012769943230349294,0.0033192229182104514,0.007093561405661615
-0.017187764831301657,-0.0011818534038505186,0.006247149299826905,-0.0040408189376187785
-0.00881352253999877,0.01130142333639771,-0.006552138462991573,-0.0013547445341183224
0.008143407035776063,0.004417510712547968,0.005302136424866261,0.00595434543671204
0.02595488826157173,0.0038095811924780975,0.011955031967682212,0.013906486567410205
-0.0016881650108635337,0.006504926787347094,0.002901471383764572,0.0025727418140049905
-0.041330959776675,-0.004589373017368277,0.0010075099257403628,-0.014970925985160016
0.027261476374409267,-0.013474458356012532,0.015839320424896452,0.009875436272318247
0.028450182897548675,0.011006869076710753,0.007690322170031905,0.015715775665639063
-0.024494820961994776,0.003461998821085856,-0.00827172967323204,-0.009768174169863048
0.007404300060422676,-0.0032387443392632056,-0.003588265940299764,0.00019242973452330845
-0.015795078875544148,-0.010401835898535475,-0.002436801879665272,-0.009544562673342747
0.0050933306964008745,-0.004101904304669989,-0.007677093688319802,-0.0022285535369738732
0.03444270924571711,0.005103147870441267,0.0004751790009388914,0.013340332032020383
0.029346788260149387,-0.019898101250214188,0.012403079378466665,0.007283914845545158
0.015014904783038257,0.0007185710488647005,0.0001159807104470468,0.005283146897631153
-0.031055086166990476,-0.006748751437236307,-0.018310120251954314,-0.01870463391407441
-0.01333138259734323,0.006792278817239965,0.016355559198949116,0.003272148534130144
-0.011087321163500922,0.00795410162277367,0.0007727628847872764,-0.0007868180984944401
0.01258492356743156,-0.006261554924762234,0.0073102844297276304,0.004544546479581294
0.04076200004326631,-0.018176065015565405,0.00916595259521029,0.010583951957007856
0.031074151492517944,-0.0036434178563601095,0.014815200601560108,0.014081963997261233
-0.03698768899926638,0.000332446529769253,0.00488762764961055,-0.010589194350757253
-0.09328523235411726,-0.0011978344875422722,-0.010810377792540876,-0.03509777978025192
-0.001804050884606783,-0.0001832069669755117,-0.003966650524257617,-0.001984634140643845
-0.011145245686489128,0.012740467977847975,-0.0008811682747457523,0.00023801776751969264
-0.022304472506790057,0.012606038927745741,0.01105730064170654,0.0004529552345983874
0.06801004304892293,0.01854233253869221,0.007457289162960181,0.03133652358030352
-0.005268790828185672,-0.011006713985257916,-0.003492540766129954,-0.006589341937175987
0.012063873260536062,-0.0017406730532545539,-0.006494202318244661,0.0012763313533463196
-0.0016586263114338807,0.010575513923375779,0.004938343018510996,0.004618405591740754
0.007204292307418826,0.007229697169653942,0.004904746731714003,0.0064462389566835206
-0.00046282690097301923,-0.005248817365061164,-0.014496560059022463,-0.006736061372284107
0.005177869560856686,0.004956515296693257,0.009629511163393573,0.006587958752349164
-0.020435204935752117,-0.0024549641627520406,-0.007397118811470465,-0.010095752540895571
-0.02517954238009035,0.017506073052679576,-0.00861180361575652,-0.005428418885964783
0.044443051797340836,0.0003367441160540775,0.008744491202236282,0.017841411197114694
0.10034743334286109,-0.008286368288767845,0.004568818071119307,0.03220992883177647
0.05377531690996196,-0.0016460878510768922,0.011950498857577336,0.02135988794557816
-0.014876905288661951,-0.005617190625986678,-0.01358108263070481,-0.011358381490058298
0.015678568619309316,0.0044311937610553844,0.016924693545751802,0.012344806297220191
-0.015759943795740913,-0.02290920396198965,-0.012793098939896263,-0.017154065078460044
0.026241642159083863,-0.0010662624006824782,0.01279071617755225,0.012655352656619233
0.015308701717770308,-0.0002964072711479402,0.002055557468784281,0.005689278282518244
0.001921659961058223,0.006579165174194814,0.0018983313391504083,0.0034663820250823234
0.008858930621504871,-0.0015598772623842726,0.008032318140401321,0.00511045205605014
-0.05378245318956944,0.007325126756685746,-0.0032884094966081916,-0.01658189539458532
0.030470568145270636,0.0012437378410707642,-0.0015751620428713464,0.010046371268108704
-0.002728152010127901,-0.002292398435735283,-0.020970685667204003,-0.008663736707277025
-0.012893634563454059,0.002970688681873011,0.0044812570712323445,-0.001813894456219964
0.032617121722073296,-0.011105314705318281,0.0056988881743369295,0.00907022266013225
-0.014278543071492546,-0.004612671530587894,-0.008158822686515356,-0.009016670079519503
0.02417781064954835,-0.003154108747700847,-0.005444602387281637,0.005193027978488784
-0.04373401827355797,0.0008522562613780674,0.0021442932281707417,-0.013579142682180124
-0.06488473249259157,0.00467132377851239,-0.0012304261300080757,-0.020481257800084137
-0.030117838046919147,-0.007487344774320578,-0.006819379177660317,-0.014808172524779346
0.019437313428815547,-0.0006633834722151163,0.013085502995289912,0.010619800364152464
0.012696641733582177,0.0013958129879563122,-0.0017044743520306521,0.004129322660509156
-0.01890055626111456,0.0013775768817089306,-0.008301082319413216,-0.008608011958252382
0.03425541854060323,0.02076840730189413,0.003534846163984389,0.01951953781593658
-0.021959979081199944,-0.013092163372240131,-0.00021506744023865043,-0.01175572487548961
-0.014912398849409848,-0.0007544764743345965,0.005515744637612481,-0.0033837068450004253
-0.004963408250484738,-0.014680296988074859,-0.006097607167886609,-0.008580428888377933
-0.03996502301690027,-0.009877613938057087,0.0002796846604041399,-0.016520967577200306
0.069048735218456,-0.0051080306567381165,0.0017453781500640234,0.021895339008566397
0.01713803791016217,0.013739930750797628,0.0065497242658772905,0.012475885166381387
0.0023950708259273075,0.015637334426725553,-0.005502592871148234,0.004176599950564081
-0.012001255486883102,-0.0076665939187834705,-0.0015932926001432412,-0.007087040248222602
-0.033839639584548234,0.0005525165306639174,-0.0018548097715343384,-0.011713965894495275
0.03161629027748789,0.009933599816590389,0.02104827245178274,0.02086603331589949
-0.03389464006683128,0.01114974914909636,0.003771158947361651,-0.006324570998880432
0.006730351867393772,0.004191338641818295,-0.0008884591024124692,0.00334440712452273
-0.008706356037815536,-0.007673970013567621,0.00031869307810736074,-0.005353872303880941
0.006864191490766627,-0.00031957509332584684,0.008316439498550625,0.0049536803449785035
-0.01151799822676227,-0.00024244050899951085,-0.0006358193268191702,-0.0041320818887742965
-0.008309802605390043,0.0022218691015431684,0.007400505464256406,0.00043752354927919
0.037821918085526325,0.003549072179929827,0.009014191889896784,0.01679504392339026
0.039374856947101494,0.01493808457332752,0.008908701504182338,0.021073859934322776
0.05744799741662228,0.011279580289197065,0.01425798383691435,0.027661826185724048
0.011178399731080752,-0.0069170467158486525,-0.011166235542090466,-0.00230162520732528
0.007170231874761856,0.0004448579493836671,-0.008402527035777811,-0.00026247880806502555
-0.029038610406442327,-0.0003475152200802762,-0.014454743262078799,-0.01461360834924417
0.005092794160225238,-0.0010129929101011536,-0.004382039001819823,-0.0001007458164859957
0.05052596555199009,-0.006174409220597554,0.019107606831941182,0.021153033234723517
0.017011609822438052,-0.010362142806803682,-0.008432759148472692,-0.0005944301165153966
-0.0031839509698567765,-0.006050789513113167,-0.0020594638864846002,-0.0037647310250833914
0.012592722914266823,-0.010197703916530725,0.012712117338908925,0.0050357070765028955
-0.006447188284172692,0.005323560937223023,0.0004969359245128163,-0.0002088969319151433
-0.07782754026255459,-0.001128565275077756,-0.009530621657985582,-0.02949554623629691
0.03952384493126715,0.016315112251500393,0.011856036011910726,0.022564975166561693
-0.017932227684284017,0.0035335342035240852,0.0005421594496144834,-0.004618840058203805
0.04118982418587268,-0.0006663278008807162,0.0066090467427023045,0.015710831998383714
0.021901599131008826,-0.011041136582202222,-0.00907078154653218,0.0005965597375311405
-0.005318602034011244,-0.006584630767639426,-0.002944411294670415,-0.004949209749558996
0.008301772403827868,0.009474109764651701,0.015435146458769056,0.011070331805406666
0.008894458025694319,-0.005502088571582141,0.0043843872346080595,0.0025922496373211833
0.02311509492226169,-0.0005702673404052509,0.012429191600349637,0.011657994736062298
0.0409071524366377,-0.014495827242272594,-0.008445541509256407,0.005988588573108338
0.040735521384529474,-0.005187422583759314,0.018851787181847227,0.0181332771942438
0.06504370566286242,0.002338416763852652,0.009140406189772644,0.0255074840313197
0.0028347378398912485,-0.0007058339024354738,-0.0054398325980452075,-0.0011036417832202574
0.02327861465030044,0.005456881085733096,-0.005229565138770835,0.007835302363777368
0.0049118451435141465,0.0052805141306042705,-0.0010884324344681054,0.0030346392452411572
-0.007671067975268817,0.016527788937132033,0.004261872039082883,0.004372859960784366
-0.07264675041620836,0.0045207111305926055,0.008066897859420476,-0.02001969378901795
0.0019654535595275005,0.009251628767968008,-0.006665496132621792,0.0015171938810958406
-0.00025131321131010437,-0.010794997268679645,-0.006716335751796662,-0.005920876156380059
0.006374601203028493,-0.008740769233498685,0.0003481132197384817,-0.0006726842642256329
0.053738577790314254,-0.002726622450245304,0.014937382296490852,0.02198309056240739
0.0032149674769496035,0.023071527502216693,0.012341811483996074,0.012876089278285301
0.009756042347708813,0.020867366192865548,-0.004775105650012839,0.008616092347419543
-0.028075683856322173,0.008454047481164557,-0.005461380924116703,-0.008360997405419008
0.004255506363076133,0.005952698602385137,0.003725624900862032,0.004644605310831145
0.009676044138697498,0.012442601843804678,0.0015281113309503734,0.007882244555565078
-0.010842158684838994,0.0001590464596743931,-0.0008173979401961985,-0.0038334995549502114
-0.05932628530311395,-0.00949222634974422,0.00018378231195815382,-0.022878220235390222
0.009100113676868408,9.640681589179537e-05,-0.002441406979687043,0.002251702252653216
-0.021883779479334876,0.00036138047587788285,0.0010405540430208646,-0.006827274826197056
-0.0030409973408814313,-0.0070091276560485605,0.021393984847073496,0.0037812828354278844
0.024414556627406263,0.005220595797220557,0.009484923868370401,0.013040012390973642
0.02304707126403056,0.006557276901590173,-0.004484229219975398,0.008373364608508795
-0.012110277364902972,-0.0032120722566705293,-0.004029859019600422,-0.006450729762988427
-0.020248801468234493,0.017752143480214,8.807900285750592e-05,-0.0008028588588613346
0.00916408055653565,0.015426885330054735,-0.007391493203781152,0.0057331518277788495
0.013170710518724316,-0.008315026993903405,0.008524240095765035,0.004459970080220775
0.021219221504423885,-0.006741770084976035,0.00438580965406433,0.006287747403417036
-0.03539986004937846,0.007320582272739793,-0.013526665051656313,-0.01386863374078405
0.0010165606627165176,0.011171286664308727,-0.001188002005018683,0.003666611440720413
0.012976213229919037,0.0034773356134387198,0.003675652585400288,0.006709727099852205
-0.019667544116062953,0.0021653784265626475,0.0032454189700142585,-0.004752244154246443
0.003468331476698542,-0.006797240033959573,-0.00338500265018607,-0.0022379681645119647
0.0058938737944986535,0.004380387356537375,0.0011237477952281071,0.0037993325160850626
0.028068805072615128,0.006872932986772159,0.010981160543328485,0.015307617559939056
0.03792694073724075,0.0017071646121649027,0.011602246376631506,0.017078766829895144
0.0154935254686917,-0.004504926047452794,-0.005049773899726672,0.001979606527562237
0.036178167424700224,0.011770256178116003,0.01763140356546714,0.021859920529485398
0.04102382845241461,-0.0020411818788235634,-0.005877184882011268,0.011035142862039363
-0.03747856295904448,-0.01485305500167936,-0.020977275665959163,-0.024436273439263127
0.0386935652039262,-0.0062813262306223114,0.00462767783337094,0.012346626588919342
-0.02283891527756559,-0.00032404313462714286,0.014985345618122075,-0.0027258682054859544
-0.0008295494283089761,0.011625323796006138,0.002666756418922586,0.00448750577469632
0.043421829142236364,-0.01006482955065449,-0.005964714136069044,0.009130752687742457
-0.012455687060459495,0.00588431314218805,-0.003100350228657596,-0.003223904825068298
0.06500222729541304,-0.006122869659461374,0.012645030017813329,0.023841438709792443
0.032043745262889556,0.012565353779733971,0.013559027332684444,0.01938935606906053
0.05769111962058572,-0.005866262271568177,-0.005505563859346059,0.015439749056792663
0.03972530708334318,0.0022797739368832608,-0.004661710389153924,0.012447777762567294
0.02754745414797286,0.0046817865527219995,-0.015750245981486714,0.005492992746737807
-0.049161273730447166,0.0022610589701607185,-0.01216227900505262,-0.019687478234281765
0.036569359719102315,-0.008434571148746227,0.00440966127660317,0.01084813910083647
-0.041903591079219066,0.00450443471841345,0.0019530896248529021,-0.011815343763295325
-0.010542896970223288,-0.008570049012308062,0.00572897167968601,-0.004461320306290346
0.026875251336394963,0.0039043986170204763,-0.0013876745420068008,0.009797315339811074
0.006177407920304609,-0.0008691104295030721,-0.012856304044501051,-0.00251599966856432
-0.03286853192717875,0.010226221611955782,-0.00024952072931814736,-0.007630602717570024
-0.036835502350431266,-0.004095985313508016,-0.0005814498739108935,-0.013837632008304214
0.04078233901995617,0.008166662491867524,0.013575347707015193,0.02084142889816322
0.02187179092708591,0.0029024579252764824,0.01064892215481094,0.011807711861334107
0.037538647923648874,-0.0007832031593584544,0.0027998454950434355,0.013185083568014531
0.003540182136022585,0.006636930531608964,-0.0015559450296102092,0.0028737196722845673
0.038865027148952194,-0.0007098626130838391,-0.0028351847055454933,0.01177331483678101
-0.027572380528774552,0.0045280487250765784,-0.008106701251858585,-0.010383667301507835
0.010514960719576553,0.0017561560977665657,0.009893810500733194,0.007388301717716331
0.014649998555318013,-0.0003318607127635037,0.012622488148818195,0.008980199683582237
-0.012803337102428699,-0.017233542819378153,0.0034402941283449145,-0.008865519732292047
0.03195670344152717,-0.010962322703827358,0.010654998244588309,0.010549782444303046
-0.04615907074790894,-0.011626655643844967,0.00112646829637031,-0.018886400478708498
0.013008875310844076,0.009023311600127794,0.0017472431352273032,0.007926468755589708
0.05807921810423253,-0.00853124130989032,-0.0014539467891871972,0.016031327303708334
-0.03940382138534927,0.007201867334469282,0.00945589426270324,-0.007582012347372319
0.01817207724296016,0.007805795890217887,0.01759869174070046,0.014525507099104544
-0.03233241008851988,-0.002181989839601096,-0.002064199590319943,-0.012192854313280467
-0.010360014985507681,0.0007256349020000596,-0.006315184114350237,-0.005316516082764553
0.01652030462171101,-0.02266829450126656,0.01463074845643264,0.00282758336470617
-0.04679385073031136,-0.0038802715034302704,-0.006580872935288263,-0.01908497930467824
0.02918845870584526,0.00909468245584311,0.0011391682885326909,0.013140756675970536
-0.06571115106504749,-0.018566818181389902,-0.004431429070229325,-0.029569769869089466
0.03505397111247952,-0.005439695650633022,-0.001353892427579139,0.009420118257961442
0.07364677711556447,0.0023655618152826877,-0.00097064931473621,0.02501387152480711
0.029704299921654107,0.004852327190435619,4.031252118452016e-05,0.011532301678778204
0.005322409190038095,0.00635109728717963,-0.012020716030614753,-0.00011573640206249153
-0.04582296870289608,0.010227902070379496,-0.0062510753326613655,-0.013948700039678661
0.013396528041563136,-0.0019229956863814944,0.01233854873218455,0.007937352425095036
-0.005144563436960927,-0.005093894295802179,0.0004611635911622435,-0.0032590947881022403
-0.0030775531648859693,0.0029236983014335107,-0.01426595690430738,-0.00480659911598269
0.010356230043593382,-0.019342303049643215,0.025747448650549953,0.005587119627708158
0.042873751523915864,-0.0003453942288975349,-0.0016704945144668153,0.013619273974229577
-0.06375052175972279,0.008775526464404116,0.004854227900309196,-0.016706905758080693
0.04887248133151472,0.004745832323460453,0.0049208154644512815,0.01951302352676578
-0.03197547025807997,0.0071838362541924786,0.006517136811386581,-0.006091492972667907
0.0025410474810479543,-0.004164425528321986,0.006799193976070029,0.001725270250993356
0.04558341910239067,-0.0035843066618407343,-0.0026893555754925,0.013103239185100191
-0.031800622996640486,-0.0025788341136328834,-0.0041454648254511724,-0.012841627803600868
0.022373991955098076,-0.009111186987664003,0.008620696668283443,0.007294493250738627
0.019874359059770096,0.008999085882525938,0.010610291532041446,0.013161232330200336
0.05020454490964806,0.015894159431165202,0.0008325526378881673,0.022310396682481484
0.01711950193770739,0.01754170278824304,-0.007655658162066023,0.00900183985277928
0.04104731664361595,-0.0004368620476588413,-0.007474184044085348,0.01104541247186707
0.015367216511670504,-0.01546671513058447,-0.0047482478169385625,-0.0016159138627020303
-0.00901998124099517,0.002771793642980693,0.01840023406653586,0.004050678105491639
0.02029156875312003,-0.00034103776909752425,0.01220086041145199,0.0107171197480277
0.009467257060606972,0.0011861255586647999,-0.0008077685412667655,0.0032818680774636426
0.012267886649263942,-0.003672458864971208,0.004302118722722622,0.004299177869822949
0.024180481907962122,0.00939211256732132,0.0004920405582733258,0.011354866989640578
0.04795518403790025,0.014709738251600392,0.011239438433311755,0.024634762272817225
-0.025523016188840255,-0.0013072253735379844,-0.020837177122101258,-0.0158891236723536
0.010808454008514847,0.009925997137431546,0.005953575988430226,0.008896000148783162
0.017246483376803252,-0.00393049820308685,-0.00011013505783567996,0.004401945636676868
0.06438542763724328,0.010600819347211545,0.008365895182196048,0.027784019604836233
0.0005441926197289398,0.01662816312128294,-0.005758422667778564,0.003804640553100081
0.0016988186948879006,0.016988104319464126,-0.006621818295552312,0.004021697551231665
0.018009290170559168,0.007557404596495794,-0.0027410266628395017,0.007608548426182452
0.026543339259065237,0.0030903397486263264,-0.002598640330124805,0.00901167054750936
0.0009036906827306181,0.0034332415175481407,0.0031318081950284125,0.0024895776421889255
-0.025170320173385864,-0.010619984183726845,0.005373713937062293,-0.010138853334486664
-0.023402671854372673,-0.0009443167549530385,-0.004833935035707886,-0.009726964821369985
0.015591498668281996,0.008506254948350661,0.00459482209507205,0.009564182339709666
-0.01945692642150288,0.006357761471122381,0.0013172062161600512,-0.0039273156507539046
0.025704765450084523,0.0009522005228423079,-0.002063889892332308,0.008197683829172814
0.026855305083064128,0.0058223846165548895,0.008316604937554824,0.013664751214293067
0.006262957601660144,0.0037441499634513127,0.0043321638874547,0.0047797523710982346
0.017796718712860867,-0.005982763877327434,-0.008549432995650936,0.001088172858453553
0.009001481353791663,0.01374233211650165,0.003296423947951429,0.008680070459335774
0.057833202735609344,-0.006191103450930086,0.007878784362566152,0.019840274708787256
-0.02155756343319099,0.0020628512917618257,-0.007211225804399717,-0.008901970413296977
0.029431050211045657,-0.015408021698957827,0.008126974592732934,0.00738332698493922
-0.001356843403313076,0.001385707011991162,0.011934316620015196,0.003987722755171018
0.025445937060811403,-0.004191327893219375,0.01136921277451483,0.010874596439428305
0.030672421005598076,-0.006999281705553734,0.0039315057069594615,0.009201539134119599
0.00457831442776432,0.011097446190329856,-0.0010051530640368418,0.004890197627816594
-0.0066397404963369384,0.012224229486197745,0.005634481037061524,0.0037396529359841014
-0.013024409400949583,-0.004510801336372841,-0.013316622177869417,-0.010283934021119642
-0.03858263828834087,-0.01599892532379333,-0.004534650141725598,-0.019705384879215346
0.0369207736383663,0.00453486097284604,0.004004397656881495,0.015153328936020522
-0.005429823458417998,-0.0004718003083315337,0.0022123708625952404,-0.0012297497383004622
0.006697785361859111,-0.0002761925076357316,-0.0029642257707705156,0.0011524545420285933
0.013296508036851208,0.0008681240239042592,0.017069746013196368,0.010411448946524586
-0.04428028054649618,-0.008816461475552179,0.00517403733251858,-0.01597421892227503
-0.021679931727264647,0.0023943276158855057,-0.01214962514229768,-0.010478399272815856
0.012264976335410854,0.006756528018759099,-0.00544652583295268,0.004524988315412917
0.051644160636285456,-0.0030406558505942025,0.005099236076303382,0.017900895719751255
0.04039503174113315,0.005035843190638596,0.014166630165492671,0.01986581516658644
0.03201816203292557,0.0005140878586508939,0.0010642045559403563,0.011198806950354122
-0.013386437645387453,0.0073044809404878815,0.0030679470834767126,-0.001004668869137746
-0.0019530067245441206,-0.0016253751216721507,0.00036458807187006567,-0.0010712635201841436
-0.007826094398838577,-0.025016980858596903,0.011375036472098072,-0.007156005772432874
0.02281964364030856,0.019453867276030143,0.013872471371678312,0.018715308714011576
-0.002230133759535536,-0.009262437893714242,-0.0008238344100193579,-0.004105464582287691
0.0015082459033229868,-0.012311217786806864,0.006220584178076022,-0.0015274610410067157
0.04800716576349088,0.009159291783393118,0.005929851599468003,0.021032082016680952
-3.929673826358901e-05,0.0013921079863266712,0.004469784268941582,0.0019408632314697157
-0.028277292301839552,-0.01639138793831835,-0.0026869959705755958,-0.015785209618352426
0.03100208633539975,0.002902828810055141,0.00281269878348997,0.012239192403776977
-0.013934313517961806,-0.008454750217678832,0.01302056926859218,-0.0031228283661846636
0.0175392707793896,-0.008359556190234863,0.017438487927940356,0.008872725299630858
0.022862681054845607,0.002456227745239399,-0.004874098219524297,0.006814930045250044
-2.8125310833283096e-05,0.00452155791032538,0.010579750370912376,0.005024389299073834
-0.002121912755400322,0.00632781396105614,0.009456170904156066,0.004554019482579925
-0.0014464222077681548,-0.004572647372100513,-0.01060667637047954,-0.005541909774867419
-0.007966565597833618,-0.005112521978297284,-0.00535550539111079,-0.0061448581775495744
0.0436538895454493,-0.0010608420866785669,0.012643935674371375,0.018412309298719655
-0.03265781434588349,0.006716121498858339,-0.009420172292760282,-0.011787276592640098
0.01699309418289325,0.003896041725389652,0.006539289258324277,0.00914279924606067
0.00601704892701153,0.004306775776065501,0.011333842671938005,0.007219215239115887
-0.0001623954283732805,0.0013876975371116956,-0.01297962748398007,-0.003918104540305427
0.08148557084611048,0.016355561375450547,0.007618772705131498,0.035153266488929205
-0.016981849738691518,0.015962232155470945,0.018198872270596377,0.0057264125027070385
-0.0010788799908596236,-0.008724498360422665,-0.010011071863230397,-0.006604810133354157
-0.013190241069518233,-0.002626212043171347,0.005271989872681305,-0.003514817565181678
0.010748270363885452,-0.006026452372095617,0.007772129570819478,0.00416464502288725
0.02545109617294115,0.004163285470399466,-0.011699045501049011,0.005971772742318487
-0.017875828653275364,-0.013320236789199559,-0.015638922078376662,-0.01561164689528802
0.006786557311575658,-0.006811969064072918,-0.001410500467764525,-0.0004786369281165214
-0.0018999623378536611,0.00500379357449007,-0.0012692724053736588,0.0006115189989013063
0.006776454867152533,0.003517468415979816,-0.0073747156099745435,0.000973068251316711
0.006474707443009302,-0.011515380958660015,-0.006814047723952381,-0.0039515697949606176
0.043740208627986187,0.004956987265630724,-0.0008095862031606213,0.015962520600948864
0.04714415757810288,0.002558668901437416,-0.001456394319166247,0.01608212797131396
0.024400230621596266,0.003965438873071872,-0.008971833517377023,0.006464605527818378
0.06097128243004165,0.0015894842597472814,-0.010829159302176296,0.01724385188533508
0.034451137166218324,0.018174970603713557,0.005372605605768577,0.01933288512566236
-0.011404654207388419,-0.006923879213116212,0.016501490262932707,-0.0006090137768429221
-0.0316614278723444,0.010809364076697614,-0.007145490618878526,-0.009332508805656965
-0.08397025857012352,-0.012308802798598592,-0.004493198282651887,-0.03359071962637145
0.0017817603891332595,0.002187731010107656,-0.01060182591534455,-0.002210775961256373
-0.001221865873050692,0.0023213795660825885,-0.0060678057994896055,-0.0016560957127218674
0.021622334976788806,-0.011413747706716456,-0.0034757040078860634,0.0022442921764343413
-0.06419243196991713,0.015064044955229602,-0.002104452266450382,-0.017077596016099542
0.05334431310942509,0.0145470002767655,0.0024187215914207552,0.023436654889192124
-0.006354447334559879,-7.628034376755584e-05,-0.00545520313402092,-0.003961972975472514
0.07637160163234677,-0.009175446052445144,-0.0005943918570825882,0.02220056570701844
0.03962055557432084,-0.001197085641708558,0.00407834887771512,0.014167258769502864
0.014454699627938853,0.0027465404490527234,-0.006977933246148045,0.003407765535845567
-0.021359379600457844,0.01010606100063081,-0.001998951975289486,-0.004417419107615315
-0.01770462988370799,-0.014306306956294713,0.006865848115304902,-0.008381687859869692
-0.030227723529440854,0.006566214060962093,-0.011410696796715629,-0.011690723730996042
-0.04113821019104141,-0.010469151331434102,-0.011379574320778057,-0.020995624285439243
-0.02718937445317521,-0.0012339533531545979,0.010454079944889977,-0.005989743297397323
0.020673570885551485,-0.017777627891503348,0.0014655760889217806,0.0014538382404836118
-0.05515062020440255,0.0019896379248051637,0.0010858260876034083,-0.01735836803894593
0.03481987248180331,-0.008001122489116979,0.006870436120179157,0.011229717474559791
-0.07426714040958869,-0.00744046918742851,-0.0010051839793057665,-0.02757090362117646
0.019095804109261115,-0.002505618206686952,-0.002382081391655608,0.0047360301009380145
-8.015947685006573e-05,2.8608882034306875e-05,-0.002391485590099001,-0.0008143445806261916
0.001393913264381601,0.004833344429664305,-0.0007399953872840954,0.0018290856064998343
-0.031492204575924096,-0.002667003937078567,0.0003364085437653325,-0.011274255382145786
0.05058904255647581,-0.0030166532512333694,0.00670687485156716,0.018093069959181814
0.018279921829296032,-0.010712222604460612,-0.02089927756224146,-0.004443855001942567
-0.02186661083833598,-0.007498685679549973,0.0007032782385023444,-0.009553996539121777
-0.00239058451747276,-0.006435532655059851,0.004926677074598488,-0.0012998120661646749
0.02715860196481554,-0.0007316982843017084,0.0003569669947687972,0.008927947963803985
0.039426009127577384,-0.002967333855277499,-0.00280023110661587,0.011219470169079948
0.05203766033122375,0.008713442711462144,0.00041089656349982916,0.020387312814728702
-0.030390151086333198,-0.0051534731837922535,0.007843617579753577,-0.009233326330121729
0.02419208613124596,-0.013622248371591622,0.019809220706111394,0.010126342695569088
-0.007995335301299256,-0.008786554369917241,0.0023008171169713286,-0.0048270193577242045
0.049619428201447754,-0.003843501109839847,0.0045317385210696115,0.016769205101670636
0.01114535765255282,0.006635763023326273,0.009197729358863772,0.008992941018630943
0.035849772129314145,-0.016928655158404998,-0.0027188784996319206,0.0054007407563462515
0.042934094639377605,0.006888641276921671,0.003383421392985894,0.017735368034375955
-0.07502489480237946,0.0063996669909446935,-0.0027032706559678263,-0.02377614237963471
0.021307330895693543,-0.0017144140888727833,-0.003100159208115926,0.0054975803686490785
0.040360934787911584,0.004153626514020693,0.0020394833864152994,0.015517999378100963
0.021856620662528845,0.0026997008307274345,0.012355757626476964,0.01230401406921804
0.013473884980032439,0.011856067963313878,0.0019391466674131613,0.009089690780553288
0.00036581212076794564,0.007764356648506157,0.01648526890902251,0.008205137687619645
-0.024168580644858783,-0.01329383845189359,-0.0027950535230517044,-0.013419144120777151
0.07230586968599859,-0.00826834128478237,-0.005173451189608666,0.019621339449176777
0.02824054300465317,-0.003564508737836963,0.011984901225205302,0.012220299610362004
-0.03011629778301293,-0.007145047398173867,-0.006563129201872006,-0.01460814351952814
0.014261023334387866,-0.001622914432589642,-0.00033233051545543965,0.004101922026854799
-0.02523275092745485,-0.008722168944646698,0.0004453561723425392,-0.01116984339673177
0.0853326814004064,0.002127272684552694,0.005576583407446106,0.0310121481519559
-0.0017726816485637282,0.010452073877436303,-0.006482108024352123,0.0007324273357454157
-0.0119682481878285,0.001810641709800595,0.005030376728434552,-0.0017090748741212009
0.025376232924787127,-0.013407711934648665,0.005110821716099339,0.005693108542298365
-0.006638104445768074,9.965960276103877e-06,0.006931307641190359,0.00010105628417641103
-0.009613442854315684,-0.0044261054586199056,0.006641644998935072,-0.002465965305365735
-0.04286819872855094,0.012861150743349065,-0.005884732759417239,-0.011963914950946123
0.028044011001277645,0.014354400923901695,0.006982920097565544,0.01646042754713762
-0.015770679354317266,0.0017467094496596597,-0.004181988153283554,-0.006068646617327701
-0.03311860892403097,-0.002403337918508594,0.00030181145372855226,-0.011740033389558542
-0.03488157353428556,-0.004688841458877935,0.013216365251272255,-0.008784674462613832
0.01927333663214299,-0.01337782746584783,-0.011210223570530878,-0.0017715696965071048
-0.014094451301477982,0.002771171391833615,0.009657835840606083,-0.0005551474678647382
0.01933816533210667,0.00034660430026854926,-0.0034949978566640367,0.005396585195313135
-0.027935227251928974,0.0010312624771595831,0.012720185072096938,-0.004727921839630916
0.03466204987860569,0.010545919023753101,0.014167121738621613,0.01979167708862992
0.022732061953048513,0.002125721416549863,2.4462005508535086e-05,0.008294073497620512
0.04535749268245838,-0.0008083819585710869,0.013139035264786714,0.019229362766842673
-0.02941681713504472,-0.005091615620949464,0.005744318783804223,-0.009588028402691996
0.037425295830131516,0.003366969145631192,0.007183334131761228,0.015991850377308277
0.00806861186804612,0.006065366445100955,-0.006505362458243345,0.0025428694087626246
0.07109913556025242,-0.00507082883577969,0.004879022385592737,0.023635752734245452
-0.025657935486518638,0.0054921269796149395,-0.004839827347705321,-0.008335203616324388
0.003717453667099739,-0.005984525650312731,-0.0034143895166564285,-0.0018938186061359735
-0.022911653370135728,0.008983227140653135,0.0010767510868835797,-0.004283887430307957
0.006179709703602196,-0.010241555848040144,-0.0012969314268651594,-0.0017862574041751789
-0.05376886963700993,0.010290668085134954,0.002028432126349314,-0.013816575991918744
-0.0017343887190555828,-0.0026145384449071667,-0.0071974630101051765,-0.003848792875892584
-0.050625175162524134,0.0019446005987407535,-0.010706137580552331,-0.019795550919207854
0.002610600812773773,-0.003931577632865412,0.021629965762070644,0.006769656210996687
-0.030485838493796543,-0.0003663791471108319,-0.0024556675986348976,-0.011102617310552345
-0.02563895855445662,-0.0010170780283143138,-0.025013958072969165,-0.017223314328581815
-0.01680019424321093,0.0033281393689341835,-0.009934295148983795,-0.007802108872303507
-0.0242761832520347,-0.02069200073861255,-0.004216792041111382,-0.0163949756155942
-0.03100822464384147,-0.013477431510323205,-0.013154917541451708,-0.019213505351680895
0.06399254579541457,-0.002608170462721861,0.0013937112189101085,0.02092600792450542
0.04758289930066472,0.0006672382353480288,0.0094822337692734,0.019244104524304945
0.007999971664471407,0.008118274842178426,0.0021447432398587225,0.006087657161172936
0.0032501634116256133,0.017529913976327516,0.0059987367553305925,0.008926262454823192
0.047943990974765406,0.0003673861995802491,-0.009092368044592467,0.01307298997024802
-0.029302739442121157,0.004708915059683903,-0.003981800581411196,-0.009525198796074495
-0.006611221093578253,0.007081500546966632,0.0049233693190141,0.0017978811262512357
0.02671432914833279,0.005022828583400377,0.007219934152093453,0.012985684308911578
0.039620231775225466,0.011826286706049273,0.009264497554834675,0.02023698510836446
0.0042453980489325725,-0.0015806480198141222,0.002767926049439327,0.0018108902152938996
0.0018169748273464477,-0.004795700769986575,-0.00043296742546913044,-0.0011372299854719634
0.06680085854810794,0.012306652688877892,0.02467229428422334,0.034593233913801216
0.004020452619401643,-0.006497310168433689,-0.0045089735540483344,-0.0023286080390830925
0.004043456844797648,-0.0018662743796605537,0.019920988636703985,0.007366049667889992
-0.00429027145031846,0.009364115272323866,-0.009679020528871384,-0.001535057367229757
-0.06086492534690976,-0.0016183941094573121,0.002137364280131969,-0.020115298276759976
-0.024779570019970713,0.0021136669160625385,0.005149044541190058,-0.005838947015286517
0.022044192982979258,0.006612310716846056,0.013655657640288777,0.014104039675984248
0.008620173408260367,-0.004664350608204145,0.002563863044449567,0.002173226441606648
-0.0176741934780976,0.014930766362197466,0.00018048223398491135,-0.0008543141063234469
0.013379842607745437,0.006940980742481262,0.007307352969299035,0.009209382897116472
-0.03422998457853901,-0.010932172529101659,-0.008441090688472541,-0.017867731397621805
-0.006079684566265004,-0.004994578018932545,0.003241363568174281,-0.0026109637280414166
0.032302928907122996,-0.016477156157200253,0.0037933004239254515,0.00653968451825834
-0.027088063445143702,-0.011809937547238011,-0.001275923765466543,-0.013391294861307834
0.037353416209751404,0.00712379278739515,-0.007959927913435345,0.012172414855476708
-0.01006024917649658,0.0018742100852608599,0.00020141475553183438,-0.002661538783693183
-0.035644826866093646,0.004183264126950469,-0.002215388873740986,-0.011225639311977518
0.002002290593008056,0.017054223411385235,0.004750088806006586,0.007935526334599022
0.08328905502608597,0.005641237915439955,0.01454230979495508,0.03449083308795942
-0.011332261004770335,0.005259422135849457,0.002036616743002864,-0.0013454060298986293
0.036977101134164754,-0.0060282401850724416,0.024141481501842973,0.018363429120197613
-0.05637125286641714,-0.0018113455724587816,-0.002377225238142486,-0.020186587705731576
0.034633454914446526,0.007444003741089397,0.008253908391093606,0.016777105571754162
0.020168380168867704,-0.010668684194479607,0.010401598114586779,0.0066337580625602625
-0.006557016159851398,0.003945093152321747,-0.012064627869867506,-0.004892178733615427
-0.021109253525675362,0.010875619341065346,-0.00018313378803270228,-0.0034722525186249155
-0.026958689782103595,-0.007708176825124084,-0.007828389463350639,-0.014165071191774082
0.01687827060679862,0.010161310761427653,-0.004424253967812432,0.007538434928362146
0.0229607052318496,0.013210613507874606,0.012271729953526057,0.01614766675006719
-0.00866610627036627,-0.001927203594969801,-0.008505526658775783,-0.006366272475091777
0.042130969646025425,0.0011282953869478586,0.0039611545572853304,0.015740124123279672
0.007335057067502808,-0.0012009765808339563,0.01426962106812755,0.006801227050364948
-0.010004030378146452,-0.019811428773691884,0.0027350265488391774,-0.009026801840855518
-0.052458487591089925,0.006783627537002283,0.004548996757004228,-0.013708607390406706
0.01601207749377241,0.011324357286762619,0.017713190024650133,0.015016526585186785
0.012646009925904055,0.011034611600987414,0.0019677955810812747,0.00854946381985188
0.028999047485537333,0.007893214062590836,0.0033606817917871627,0.013417634362323997
-0.05362522230000088,0.00048136909204264493,0.010750199710005143,-0.014131203701433196
-0.024188032544868565,-0.005400464142757093,0.00300814954838706,-0.00886010685296382
0.003339085607567908,-0.011767854103274336,0.0008655756243485996,-0.002521061769388319
0.05713536060991717,-0.0024145186601036393,0.009378582253104227,0.021366453367831186
0.013119549228055041,0.001482893008739881,-0.0031492397961484296,0.003817730329148017
0.04800211991248669,0.01916380367122337,-0.0019204328133561382,0.021748475174954384
-0.01907298766107527,0.02307431940728218,0.002460968550392118,0.0021540979447662433
0.028904597905524316,0.008651499496212328,-0.009568565969887435,0.009329167814772592
-0.010709927144272657,0.008212740337663268,0.011987690639719925,0.003163498114202234
0.02352594147551129,0.00204955351116054,0.0026780346722605182,0.009417833801800897
-0.004267419206793584,0.001283123633168756,-0.0027862446029398354,-0.0019235114686748287
-0.007124409809458077,-0.0015741872254970307,-0.006751492335257575,-0.005150024640041104
-0.010127302240635865,-0.011694458464965328,0.0011913893810664399,-0.006876783564721142
-0.026266592272245152,0.0008601366218500868,-0.00840005224173837,-0.011268824695208514
0.02939274207526479,-0.0037907007513057066,0.008454074319078303,0.01135202719564058
-0.0858108395305953,-0.007069889252730165,-0.016876073428897815,-0.036585564151807026
0.029416187336870642,-0.01748240962951333,-0.00597159802320211,0.001987391240658505
0.0007846974418863049,0.004727002684640195,0.014892124675448062,0.006801268132716586
-0.012684928836018631,0.009461325441053046,-0.004843778686149856,-0.0026891246712444535
-0.006847690730203283,-0.0021404552315883716,0.005956584470982667,-0.0010105194864158322
-0.014156643203444584,0.003890753298516101,-0.003365894044861034,-0.004543923439335189
0.008422676991047942,0.00587039266048904,0.0020901726881281312,0.005461075318807591
0.002223713939392165,0.006675624114026192,0.008155655342822747,0.0056849921137492355
0.015200768843717486,0.009120141262349925,0.001922132001541439,0.00874767195485558
-0.004549665943707532,-0.0013372810250944496,0.0030835467270381106,-0.0009344658127878762
-0.025175832127770345,-0.011973776322306081,-0.0032281836866112222,-0.013459250586298504
0.038376914899799976,0.006572002996966299,-0.0028782797460012548,0.014023532026708956
-0.050876808810855295,-0.01945578353845095,-0.00462933499990021,-0.024987284129093037
-0.02440064418598767,-0.0031671849745739306,0.0007378337245801276,-0.008943322868662012
0.055510542143307015,0.005053164925755245,-0.0013993326106773777,0.019721438431336807
-0.006540553608139611,-0.004159793330757198,0.01422981421871482,0.001176487916783577
-0.025994849937277326,-0.0018427016264431916,-0.003981015425032515,-0.010606178390062013
-0.05098590214656042,-0.0014075099994520918,-0.0005125838585658422,-0.01763531436619412
0.0018707170440569185,0.0040046748871990995,0.0023437043260189083,0.0027396960127262227
0.06610729437504373,0.014704807593541569,0.012771352034056915,0.031194453473062735
-0.04686676351644687,-0.0017725210112607553,-0.00889371441343917,-0.019177647136049282
0.05076102323463378,-0.0032245634773090076,-0.002225451176592992,0.015103654423241067
-0.0174170459687366,-0.004455147951003202,0.001593575805512819,-0.006759532611869623
0.002578073000774596,-0.0022922312885748962,-0.001209342873296973,-0.0003078334125320374
0.024601599528458744,0.01573071179046677,-0.011474255782245694,0.009619342226208093
0.009681386766818612,-0.014012071721204113,0.001738037538305049,-0.0008642149411443454
-0.004700708561575997,0.0041285255221021385,0.009748672382485741,0.0030588267221741796
0.008446184847157251,-0.010047114448453916,-0.010687683218748153,-0.004096200177143999
0.027976665604324078,0.012470934921980429,-0.005184635808128977,0.011754309818403603
0.03413498292953127,0.002514453603385443,-0.002283800725042478,0.011455200480746143
0.12952398414086944,-0.0006221333636846372,-0.0054649117336875615,0.04114560520218607
-0.01654143142406452,-0.005654549418970744,0.014441189251449604,-0.0025849279455980225
-0.02876802177283246,0.005953989511016739,-0.004772082545647958,-0.009195362407116289
-0.04597438917690534,0.011438752425531828,0.00342346900600765,-0.010370712211066039
0.007374916048090126,0.002806660530543132,0.004796275076454362,0.004992612225745321
-0.002549824479186226,-0.0037376399599388112,2.8140364929114987e-05,-0.0020864392716239493
-0.009756969324155425,0.0012591717276393896,-0.005007280875979519,-0.004501688322472361
0.0033209244580486154,0.00882754919930996,-0.0023761390692377095,0.003257441605262093
0.014253518050712944,0.0019167573955933058,0.002315797824656422,0.0061620182616298
-0.026545138537520135,0.0036126837431481517,0.001755790511109633,-0.007058881035532688
-0.0006924131320569979,0.005582397947537311,0.00307316369483677,0.002654380182389524
-0.02904079826204625,-0.002379642756694668,-0.0003802207845261369,-0.010600210000868415
0.027456832431900453,-0.013758693123015657,-0.008214907245194903,0.001827742193485943
0.057882820791348565,-0.004857869118790096,0.001257926463571224,0.018094274617750518
0.012192180047051394,0.000696872831431257,0.01657079593226959,0.009819939783634477
-0.007861381555067834,-0.0047330437395106005,-0.0004750733161811623,-0.004356495180420328
-0.004557370089833873,-0.010807033602975826,-0.00586657950438532,-0.007076987322070607
0.05079483201498516,-0.0067175507217749585,0.005073798827546277,0.01638367698989212
0.0003183151129555681,-0.0024407043285694435,-0.003432338664743419,-0.001851574108543138
0.0029649081467458473,0.0033507638152564336,-0.0029044737955262264,0.0011370649184259628
-0.03673174428325768,0.005476476125549311,0.019303803091473306,-0.00398381770492333
-0.025684110125108395,0.015657552606324388,0.0028772447133570238,-0.002383101885371393
0.009503596213177763,0.00010094318569545309,-0.006924380872691394,0.0008933852820077656
0.002666031155092601,0.003634254303463054,-0.003997879107510784,0.0007674680162128399
0.03298128689196299,-0.0019051151790322866,-0.01194535921740337,0.006376931121571612
-0.01157522554616056,-0.005952971757632292,-0.00423366815917667,-0.007253947900368019
0.0025798226718699944,-0.00741808176062868,-0.007839644787249495,-0.004225963732701434
0.022189416575110407,0.002389645356952964,0.012104599278971036,0.012227874842457732
-0.03947704255723509,0.008802621554714046,0.00942843329312497,-0.007081988821136121
-0.02253324309506714,-0.0142841464870028,-0.0031192276104448015,-0.013312192418632516
0.00509292140247035,-0.010862663923964818,0.0023742812393457617,-0.0011318192955624747
-0.06887685351811773,-0.009869947840784536,-0.006185492953046138,-0.028310736459884696
0.04181140131942044,0.010455599749451986,-0.004713607328191706,0.015851115395762325
0.010827218463033169,-0.006998731438337041,-0.0015161366135507779,0.0007707826995983128
-0.029314646381987778,-0.0020305598417560636,-0.005353458935446009,-0.01223287615350823
0.0007573206202430159,-0.003773195829800256,0.0002191768380532586,-0.0009322318582685366
-0.0016038121443971679,0.008251213518267658,-8.511678708755864e-05,0.0021874260081661146
-0.06848856995955571,-0.007907789099074086,-0.018578415515781876,-0.03165822653321237
0.07972729400077701,-0.00020412900281409742,0.012464714200114206,0.03066259573673264
0.020715171321033687,-0.00770949048837349,-0.0006637419180303241,0.0041139755242303195
0.009294417650709949,-0.004209412063802306,-0.004841260504501009,8.124827955385045e-05
0.01304208949571403,-0.004681496553657867,-0.0007447888493731477,0.0025385988256263073
-0.05832022036700742,-0.008562522819198505,-0.0012160005899444328,-0.02269955855913553
0.00558121249206062,-0.005870672065273412,-0.00399445739114976,-0.0014279708934818627
-0.006572307680996313,0.005523090657041273,0.010491771013059526,0.003147514848850166
-0.006099939421497804,-0.02274193895975925,0.010959739373016322,-0.005960707042033908
-0.020835728225995265,0.001918051231145846,-0.0077554803392357995,-0.008891043553642628
-0.025992487561028156,-0.003313279322255619,0.0019753926362496483,-0.009110115638886626
-0.05254621247862412,0.008613750764029229,-0.0070342314154354345,-0.0169888807211124
0.011229369198238378,-0.007552681164513865,0.00281433225213078,0.0021636712649450024
0.033305954657085766,-0.0018062749018195744,-0.00788762542526273,0.007870676905983044
0.03075106480884773,0.0038732119764457247,-0.0007041172034285734,0.011306708553901767
-0.0260067649526184,-0.007171860520011716,0.010457712420585501,-0.007573630110377187
0.010863158162969401,-0.0012241538567963521,0.010434981300510883,0.006691321844232775
0.0068314709382856845,-0.013378819635582798,0.00027011994124215885,-0.002092407492942066
0.07976284848498094,-0.009653866924210778,0.009115918963131176,0.026408273766333604
-0.02795006325531314,0.01787779576649865,1.8073235629543832e-05,-0.0033513947329968973
0.021362800359281533,0.0038098660425222005,0.01723834301265403,0.01413698900114945
0.003564593173748301,-0.0004339149611348852,0.004964086069079866,0.0026982520623096665
-0.016237929433749215,0.030308168804593978,0.0054811064162476,0.006517108745248858
0.04949160944416948,-0.0007074159061036671,0.0008788651438116392,0.016554336339606256
0.0021255203492609254,0.01920791694267988,0.005203099726881655,0.008845503494095148
-0.03233486575721109,-0.014194568089058494,-0.0009895368680572217,-0.015839641065118697
0.046942094939204024,-0.010757356451219365,0.005175122759893165,0.013786606629338857
0.005895930176160984,0.015552017176478004,0.014282198270476559,0.011910036630989974
0.022741383940591133,-0.0019114672157308035,0.0016822042363618056,0.007504032816367058
-0.04642322392252898,0.00043822775293815086,-0.0023497626733885494,-0.016111570169406845
-0.0483278321573487,0.002765948508814707,0.005097043562987347,-0.01348826654023552
0.009411640683545702,0.009410784383738434,0.004525363917185797,0.007782588545560316
-0.01897732267684502,-0.015328921648332019,0.005511344395818813,-0.009598290378152767
0.012670235029005116,0.010205663186015389,0.002435679564896652,0.008437184156113126
0.04174440161013978,0.004490545593721835,0.0019076655422143678,0.016047521534487744
-0.020806456296273063,0.020775412884602763,0.0009597128287181036,0.00030955616279279536
0.027954898083125203,-0.005856122180978676,-0.009011909984595374,0.004362284276895078
-0.004409670959654992,-0.001154198399805021,0.008175378860667134,0.0008705022965658731
-0.015557891747233897,0.000588602520617231,-0.004764659930871799,-0.0065779764745131026
0.06329935764975532,-0.0011635594501600132,0.008172257376860857,0.02343599508946686
0.0537589667987114,0.011941021026902946,0.010204795431316886,0.02530156911738266
-0.007746040427895206,0.01034324606755148,-0.0008240247990067213,0.0005910596891562373
0.06409431472727818,-0.006003472859764773,-0.008359296928927657,0.016577165069013605
-0.014692663373095126,-0.00287533927164385,0.008899368615496204,-0.002889541786869581
0.029854401059197625,0.005333416533158059,-0.009465481574319609,0.008574103431900019
0.06725140863804904,0.002016441726717227,-0.009108985646430397,0.02005293485315705
0.01096742071165602,-0.00968373292836386,0.0035569018197334646,0.0016135282541453408
0.024011629252317507,0.013482887583573307,0.011035082417147936,0.016176516907813163
-0.0399766461144641,0.007257268720150085,-0.0057916875167052535,-0.012837008799984787
0.020164411203610733,-0.006938715868961628,0.009029738616275108,0.00741847056516342
0.04187934582854673,0.00841703324557635,0.025033246353391953,0.02510985003262987
0.009595580944850045,0.0005122691066418915,-0.004363581795517801,0.0019147541705686263
-0.012116520709711176,-0.008710139605707198,-0.0011030050933410964,-0.00730988115969802
-0.052963541665586214,0.002625647051088526,-0.0039392986726308355,-0.018092379669978412
-0.003939815764702882,-0.004072789338210687,0.0005374229032611569,-0.0024917249081567376
0.045331808224957866,0.0001509497522996341,0.0002541745293336494,0.015245628923219548
0.022681458030071273,0.0034563916608691893,-0.0046484742778106995,0.007163117974584784
0.03825113140525,0.01940249234661636,0.02409988952423176,0.027251143840861615
-0.014319493073172561,0.002948142386916459,-0.004722526377014943,-0.005364620323131327
0.09591949610553618,0.007571727569217232,0.01490565279931684,0.039465586025731254
-0.026842639248866186,-0.006031404295540086,-0.0021516547873231926,-0.011675221102010377
-0.039398608091698324,-0.000511574863793966,0.006614718001181231,-0.011098477219615368
0.01592419335595362,0.01118481942099578,-0.0025508435899132898,0.008186048209622307
0.03852886249886312,-0.002029690179370403,-0.003948015995067486,0.010850374591089637
0.03707163169568494,-0.005334990401385453,0.0033847828307163553,0.011707129667863905
-0.02716856338485835,-0.0025507404990802516,-0.008242428420898945,-0.012653898114368414
0.0014299027896495652,0.0019731692276499266,-0.006156180084890845,-0.0009177017714944286
0.03801352125099953,0.0021263677175023896,0.020011857609124373,0.020050562141959903
0.017569308330477325,-0.008217281870544125,-0.005311844087379341,0.0013467261107904956
-0.02534049675037716,-0.010287133660380792,0.0027759454378899974,-0.010950550707060993
-0.008652868573218338,-0.01238243030537048,-0.0016193445880435466,-0.007551540270662966
-0.05293385171287142,0.012066273517288688,0.0045021600183267185,-0.012121793937279277
-0.006413185285511318,0.0069021382382274754,0.00729885844601557,0.002595934536973443
0.0522526568926171,0.012838755122364614,-0.007739364175159373,0.0191173301625915
-0.048070986587121195,-0.004404277937713378,0.01337703197741813,-0.013032731149727965
-0.02210119713362998,-0.0022977407087536217,-0.006490727700746372,-0.010296544884488145
0.037588681695536794,-0.002648407713919111,0.0011865839634900533,0.012042273939416598
0.04652525798383757,0.017325466848936908,0.0019786803949633155,0.02194311313277752
-0.05459958674096155,-0.020321509045607027,-0.008775180681682745,-0.027898730923991616
-0.0011327485222592287,0.00588164285400182,-0.004986374654258838,-7.91600283453082e-05
-0.03984530620630726,-0.014147055510678427,-0.014453904412368846,-0.022815399227696136
0.006097694904473681,0.005704455918615433,-0.00045631359225138993,0.003781941961666831
-0.03576048638947573,0.009598957522171664,0.005591348436093017,-0.006856719953676873
-0.02059184096677241,-0.0010854216029138456,0.005999997474887518,-0.0052257498058445465
-0.00012703051228830703,-0.005813413166861471,-0.014011663259187795,-0.0066506956620768784
0.015855605814165452,0.008631408463641159,-0.016963146475788587,0.002507953426050073
0.03781919320067096,0.006100160035346795,0.012683476150424354,0.01886759092787091
0.025598545423622623,0.006145590244256381,0.010897197671347317,0.014213763565964327
0.05503572309840401,0.020729324789935902,0.008585140842300415,0.02811670146015053
0.049422296431894164,0.012485013306421074,0.012735091869136765,0.0248807756550168
-0.02504343024511148,-0.009717446048116906,0.00426705118376183,-0.010164598205213817
-0.0379147292883394,0.01655198116280592,0.007909955388068515,-0.00448425976155741
0.020003369513651073,0.0060613699712572175,0.00844738911500637,0.011504031362595353
0.05839023880284294,0.015487419069531888,0.014883322556079987,0.029586963889158126
-0.011911665722125875,0.0014063930308184512,-0.0068653251217856166,-0.005790193480831742
-0.02037145687725768,-0.005987653527794078,-0.002330055708335753,-0.0095630458080738
0.04100275876227568,0.0031611933331392034,0.010896094217842897,0.018353330417737155
-0.03957506182298046,0.002955812391745761,-0.0028913955662157463,-0.01317020182893515
0.009051455888244745,1.9806790914752345e-05,-0.0036841232708484813,0.001795711340390536
0.09691807360629193,-0.011619440295272187,0.01655937766550036,0.033952636372836374
0.02284008126806139,0.010686957715772133,0.004703280185363593,0.012743426979625981
0.009941407032916282,-0.007768171792190011,-0.0013848309529293015,0.0002628011664642275
0.028126614306671002,0.01035930534207554,0.013004262746863319,0.01716337696847582
-0.015069018176570869,-0.006334252587962934,-0.010643695868161149,-0.010682311528576106
-0.057191101074893995,0.012061707653893595,0.00715855332658448,-0.01265693404119194
0.06423292703050817,0.005022676797370089,0.01884868377814817,0.029368066500579607
-0.023504580642169093,0.005974307005577114,-0.0029627299247783644,-0.006830994356122261
-0.0001256350782073228,-0.0070638851055588,0.007928848842969858,0.0002464426399583585
0.017407334249984665,0.014422322437231417,0.00813240132367422,0.013320672682944096
0.01752733458925443,0.011402109408618815,0.008155502905061602,0.01236163660599598
0.01086657855332284,0.0006187757501221114,-0.005882082827022657,0.0018677552910502727
-0.012563520071976784,0.013660753784033974,-0.0019365097951691687,-0.00027975841461196495
0.01176047709389768,-0.01599681723321547,0.00157088719946624,-0.0008884834247995369
-0.0323509339567628,-0.021798725655811677,0.019482242680521115,-0.011555794088212142
0.0023031597919875232,-0.014107838484767165,0.0035335864084866525,-0.002757028004400235
-0.027819465763439796,-0.014209333954280989,-0.00991219120148816,-0.017313646326072674
0.019811149455256243,-0.0011099922257698487,-0.00022771146270981774,0.006157809097776936
-0.005952847382778573,-0.011651913198409237,-0.008101304016608383,-0.008568679630577197
0.013482733272491956,7.750231092295624e-05,-0.0005425196530613615,0.00433923430421254
0.06485020188376885,0.005529157424465322,0.012017717671659362,0.02746566486093885
-0.043132917567958014,0.012303891319389476,-0.006987294897684456,-0.01260542777664395
0.0017046182296979898,0.019524628219919234,0.004203507071601479,0.008477576029488393
0.0606086319083755,-0.007415698566602333,-0.004811165705202557,0.01612723975160099
-0.049289600712756905,-0.008564329249199504,-0.010963955821125068,-0.022939272321731895
0.03810493181429277,0.003567884748384564,0.003257195072530843,0.014976655568398847
-0.008446445377692586,0.005045027840280783,0.007832778069172257,0.0014771187001333076
-0.004999298194741923,0.0052291219162319685,-0.003668207771297939,-0.0011461268704746144
0.009027067828472447,0.007666071663469414,0.004317086022339836,0.007003401501352061
2.7976315160639642e-05,-0.006250446239146274,0.012397122791612626,0.002058215564324708
0.008087093500082052,-0.008353730041227634,-0.0003024109877613841,-0.00018968231995314562
0.011124251839419924,0.002074699329065986,0.0014233777643570579,0.004874104770171345
-0.005423594789262052,0.012469210970277889,-0.007092152537308638,-1.55121032521481e-05
-0.01765873303607589,-0.00949861448671511,0.0018666560839101605,-0.008430222049396467
-0.0015369560582353353,-0.007855902009174983,0.003201904007694002,-0.002063649289587419
-0.02198145345422001,0.010201398333294611,-0.005970610447545413,-0.005916882605935082
0.016117334475787764,0.0018213125772958963,0.00015578272559765643,0.006031470561417179
0.06510943765341495,-0.011596911250103502,-0.00208693478206604,0.017141846731884597
-0.0005696582093789302,-0.003908863085103272,-0.019977673485197436,-0.008152056774494952
0.019975933829680614,0.005329373408198411,0.0009310598469816447,0.008745446949497861
0.009426063600795172,-0.01325444890701963,0.001546212342901747,-0.0007607235603832487
-0.02695400154029431,0.0031173587189623196,-0.011346051034415569,-0.0117275528910179
0.0699232478561408,0.014626583709047762,0.013057531709021084,0.03253575522228212
0.0024739437133516617,0.0034243345846151295,-0.0011066948015437486,0.001597192901613182
-0.06247569491914188,0.0034875891574595516,0.0054164271120941705,-0.017857208359303166
0.002840201524079799,-0.0018784331047542254,0.009429037209444548,0.003463598412654831
-0.04437133194674519,-0.0006596485815622306,0.003945725060693673,-0.013695071460786093
-0.008428283348016883,-0.00022869489227689993,0.001498006447293363,-0.002386321544676209
0.025827559090466124,0.00543670727290417,-0.0006447561175453251,0.010206493208771573
-0.02522845738252791,0.004113585083646298,-0.010049747605767014,-0.01038819624667624
0.02561584546596122,0.029899220197041988,0.009115324928600328,0.02154344198707098
0.0013011895291084419,-0.0033791210651922987,0.01526824432932988,0.004396766534311076
-0.014222357962176167,-2.1900953896455792e-05,-0.0137023970626594,-0.009315542677358681
0.015363700775577513,0.007228448848016318,-0.0022791847660275414,0.006770981514867143
0.0290645725802558,0.020162527373690228,-0.0005979673685373738,0.01620969465209202
-0.024709259877265282,0.0024665701640284505,-0.00423756383743122,-0.008826742356804834
0.004145771506276927,-0.009261937477618613,-0.0027008411773492037,-0.0026056664438945804
-0.014176655434399027,0.009054301173445394,-0.0020554989976792164,-0.002392615360259864
-0.007776413134660667,-0.01950485768513546,0.00428389630296739,-0.007665783839818074
-0.01596932865508374,-0.004792575845163517,0.00901029086904739,-0.003917200626528745
-0.02288340171962019,0.022304636249044222,-0.0011871606952057042,-0.0005886414666185028
-0.00793737584699304,0.017980373198072868,-0.0006150108205793044,0.0031426590341713306
0.02610576411892156,0.004251704441432238,0.0013008186009493216,0.010552751834338653
0.013292303348681332,-0.0053875669334892354,-0.002880164823801143,0.0016748555222731206
0.01483350754286216,0.009843139805536728,0.013281818951370638,0.012652809447101074
0.02459276057988975,0.009993461676852819,0.007381687703440231,0.013989289330757613
0.027919792841382535,0.005177075670841196,0.006164389865450433,0.013087073038805262
0.015098595345255874,-0.018521562540809403,-0.006105443300815068,-0.0031761336559860335
-0.017080363762464253,0.018954158758334467,-0.0005143855642952071,0.00045313602405519147
0.03801649433772724,0.008699516965975065,0.009357606663861198,0.018691187297981846
-0.029835892733893452,-0.0025662871254890666,-0.0041589189832483865,-0.012187020760510687
0.02347797259268317,-0.013676863731862637,0.013539023542670064,0.007780036354452731
-0.0006533252351802158,-0.008333612356954978,8.963374049934933e-05,-0.0029657649847773314
-0.021344065068239125,0.011230677020681711,-0.0006321736544285092,-0.0035818503188080734
-0.00845788690685054,-0.007842274063931598,-0.009587002788190442,-0.008629045957269607
0.0686105261837806,0.004089694341847253,0.014320499944263116,0.029006877816390168
0.054118935994348645,0.011718316219992714,0.009365433964363137,0.025067536992006107
0.007997389995883912,-0.001043675537523997,-0.009374481981105935,-0.0008069217006594989
0.015023728322395314,-0.006072212390095554,-0.010521341491676271,-0.0005232746631836508
-0.0452368792825419,0.006251433574572598,0.006862578203829994,-0.010707611793757267
0.015207164516578081,0.012086446930679662,0.0018496710417735228,0.009714417781916259
-0.014692221665070095,-0.002667906932421197,0.0075941611308102605,-0.003255319233571188
-0.04304542959924328,0.012802307126218816,-0.007580381472201036,-0.012607822040573851
0.04479843039783348,0.006613972280109193,0.01456102247305811,0.021991119725858543
-0.014948968550843086,0.004871106352833214,0.0012521534259273023,-0.002941899982124599
-0.04127149634045836,-0.01749339186740654,-0.006471397169707837,-0.021745406713762454
0.08927519240739416,-0.0019377432956950136,0.012738661077695432,0.03335867003776146
-0.0036568756311890107,-0.0066349417851930695,0.0006469076973545755,-0.003214966691372595
0.04314979664079475,0.010184120562449701,0.004271991355736667,0.01920195031769085
-0.03160501734988098,0.005079492002409458,0.004083074195510692,-0.007480809569836558
-0.005651526224489861,-0.012984713494983377,-0.005052002605834006,-0.007896072879021639
0.05962668721377502,-0.00887842730930266,0.018069583036746214,0.02293925804112521
-0.019518725558385523,0.009616086020100115,-0.005916001067917337,-0.005272874929187379
0.035351997077553904,-0.014675807742503037,-0.005479418593517169,0.005065585181587652
0.024959585120852702,0.0034632528939723215,0.0007000717363193319,0.0097076268760782
-0.04829404266649927,0.0048499994747257785,0.008831278501618281,-0.011537576692463506
-0.0006475524754078576,-0.013857353600148207,0.008049977293568746,-0.0021516407756861787
0.000520912177695947,0.0031297691562519004,0.0021761880216687912,0.0019422878429157609
0.005079031383093313,0.010822670205213934,0.017314662477859313,0.011072110283267498
-0.004155781307373228,0.015817274560126108,-0.010636227294840869,0.00034175497754868414
0.07942414856011629,-0.002184746659237982,-0.0005051419668750188,0.025578061066581115
0.018614621187427752,-0.0017085964693637629,-0.003215524703256346,0.0045634954414358764
-0.01417684397396321,-0.0003818277740901471,-0.0012396773150587666,-0.005266111088254354
0.05372796934849457,0.007491527251829397,0.011380520804556732,0.0241999816016211
0.025057559245976833,-0.015136116405982308,0.015316543559924805,0.008412653720644309
-0.017443901393070584,-0.014503522194185974,-0.00017855586209536488,-0.010708649107790826
0.019958205430395542,-0.005825388112744847,0.01576926846861673,0.00996735196139388
0.02040727675909988,0.012993512256649426,-0.0026433318621827324,0.010252475465369807
0.009299749155225525,0.005042853962404707,0.01640975193329445,0.010250774766189876
-0.002993159342265565,-0.006995618246477728,-0.004742815595165505,-0.004910526150771872
0.04015230246013859,0.015247734388601419,0.0012276128281771877,0.018875864349755838
-0.00783692063777885,-0.005629110375988439,0.002752581483090096,-0.0035711462724092205
0.0520845986305308,0.004710649094986719,-0.0029063806533508405,0.017962937727766533
-0.008833867449913244,-0.0006673496192418144,-0.009807260165563108,-0.0064361526420803105
-0.02719755358816404,-0.02228940227708596,-0.002742389257692644,-0.01740976429786584
0.008657391924864899,0.004084608148512539,0.0008048424736342678,0.004515609666723053
0.02867881697949629,0.0022060591566559753,-0.006174878809998934,0.008236657538718668
0.06471669139799066,0.00044099782142506256,0.004740952016782068,0.023299523779185517
0.02122171316271539,0.011370852514756025,0.008305801502010686,0.013632775427038307
0.03467276107285156,-0.0018792214799264089,0.016127376019697735,0.016306955563902426
-0.017719479299707915,0.015132504593671443,-0.005317156459558979,-0.002634707753821428
-0.0012386754829322865,0.01753646163552155,-0.00928845218998418,0.0023364423177570396
-0.013846903867259251,-0.0036966934784272965,0.0018695690579090198,-0.005224670871249747
-0.004820972887554904,0.002755815094659669,-0.004172400394233975,-0.002079183983190341
-0.012357058128154672,-0.011486364046423588,-0.008617926390577969,-0.010820438701269221
0.03634616257790079,0.013548243984317634,0.0006975234850832397,0.016863959818457206
-0.0042882020516294625,0.017595997435453342,0.010262787639740341,0.007856853150993732
-0.017807745563295712,0.018018310813736275,-0.0018635287392284542,-0.0005509872786081336
0.0005687482793739211,0.0004811774176093918,0.004858987501462974,0.001969635763177696
0.008725699706826334,-0.009117180448332238,-0.0049952293368814155,-0.0017955682305590805
0.03446468802862744,0.008696864513274543,0.011723577931891839,0.018295025196221115
0.0025041929427961837,-0.0063435774242418365,0.0031999939735945795,-0.00021312995615352184
0.0687606150168213,0.014880131352389242,0.0019308177977426185,0.028523826198462998
0.02923807033562922,0.002375732103862832,0.011188217306422672,0.014267325647964993
-0.035391538133732366,0.0027873565378890696,-0.00271107252383737,-0.011771739601475515
0.026233439669900747,2.6849493396996992e-05,0.0036983578493059634,0.00998620568465223
-0.021312828930040714,-0.0007810654389684189,-0.019739334611522545,-0.013944395715767565
0.00920019618194258,-0.009816999022563538,-0.006170487332660077,-0.0022624277953302873
-0.03366401112063883,0.0018363002946479691,0.0004841995042920922,-0.010447826659395816
0.039434400861217654,0.009164589098655232,0.012120442897587057,0.020239790712675693
-0.02456998826663478,0.0029100089680605254,-0.009889152888166323,-0.010516366879202797
0.0018409096137669554,-0.014636656365720417,0.009207322683832389,-0.001196140159899002
0.012571946534054157,0.012913984068287759,0.012796950167203579,0.012760947495554908
0.012683671594749044,-0.00783709465876956,0.0005862257687123721,0.0018109324239630503
0.031504591283680466,-0.0024553404606295673,0.012031542772663058,0.01369358417164012
0.00848331666059083,0.01381645166322269,-0.006737790789746451,0.005187320657363178
0.027898839418000126,0.002720148227781771,0.009787090515213334,0.013468679251639023
0.041019401573633915,-0.008043981086634273,-0.010828573548338572,0.00738227493060471
-0.07132484176658424,-0.01644940222310355,-0.00887661439992022,-0.032216920579583204
0.05693179683243573,0.0036419787547524976,0.00215659270664731,0.02091010185448908
0.045188549259428924,0.0015054817601382175,-0.0028824223027802834,0.014603854968392713
0.026742763915452265,0.004572617092462495,-0.0008631738935561133,0.01015072555405051
-0.06428490106864093,0.002259722130267732,0.0009170715545649443,-0.020369348758566955
-0.0012972801348096982,-0.0035684984845958984,0.0025107962162577093,-0.0007849933493884947
-0.025074044170698365,-0.0029489473817704264,-0.0003625429400961606,-0.009461835369010152
0.0018770202531152179,0.0042156022042543085,-0.005237291521423465,0.00028511002687170835
0.005346166652021965,-0.0023647573384355325,0.0031462363763892984,0.00204254652077668
-0.002480019244662426,0.0026690166953819987,0.000826127186198306,0.0003383745405977472
0.02160438462395866,-0.0009046241964320072,-0.00035224602493286834,0.006782498018359793
-0.0016431399831057431,-0.006133296904030976,-0.007657540960790675,-0.005144654137983182
-0.016740678420152214,-0.005425625937739057,0.013737091918625367,-0.0028097346700178215
0.010753606342112617,-0.005079693479385371,-0.0006548808253487059,0.0016730090061155007
0.04777213673269026,0.004049629106762491,0.011984096379286293,0.02126859947095894
0.016448715180126007,0.020081850274731732,0.008652330505214868,0.015060950259058882
0.03819684301450882,-0.003534812141959175,0.014001428045693572,0.016221136751594766
-0.02053019220868295,-0.011610303792055507,-0.009650614704613808,-0.013930356304747185
0.007893608791474552,0.011517910406663915,-0.00032011585757955006,0.006363794749718526
0.03226276217285434,0.009065206837289782,0.016817387775870718,0.019381766213552684
0.07126129507773077,-0.012401485913078394,0.010268898169865223,0.023042879401936753
-0.012568105207673999,0.013903587860687258,-0.007940481277394652,-0.002201664006460923
0.021480088553015985,-0.004156128390406721,0.000244471328265172,0.005856137974147648
0.03702218193551895,-0.012590215824900122,0.011645612650090542,0.012025847561043536
0.011479016194652572,0.003924488839028622,-0.009580664090243012,0.0019409450401990794
0.01693614796528973,-0.004221271873687756,0.0027839452259517676,0.005166268606244141
0.019945123606000086,0.004655031501288762,-0.00021681824430870578,0.008127770826547758
0.013500235858819043,0.002499659743532439,-0.013690697184039195,0.0007697320363712897
0.006253208860457448,-0.0007252871612238584,-0.004046235503916836,0.0004938949045435196
0.018960985274890273,0.006214788057877835,4.460484159292356e-05,0.008406784317994286
0.004216467192502363,0.005104445805156097,-0.01436592563361691,-0.0016816691969819381
-0.018669350250081332,-0.0024891608712722868,0.013996125567209684,-0.0023874594639194603
0.04171508126544991,0.009674247194661307,0.004950137515643001,0.01877980321209608
-0.010473012314909939,0.019129988354862286,0.0002097211856687827,0.002955562786307968
-0.01673312952542374,0.004652508439465908,0.012217604979258043,4.566125210543939e-05
0.01746051498948003,0.007158414596268758,0.009101457280891592,0.011240117715417837
-0.04896904701196802,-0.007589699938754446,0.0048184883124577395,-0.017246735632668698
-0.051675728986243695,0.004600164034192959,0.006575066695660645,-0.013500152585297279
0.05299246245652995,-0.001390257653443418,0.0025969537459024678,0.01806636811661015
-0.036517383111372245,-0.01189485014082184,-0.001596095048086701,-0.016669426097317495
-0.006018168502368923,-0.004065781268043513,-0.0009293073294369706,-0.003671082028864102
0.005403251442524079,-0.015650618413097235,0.007595199890087468,-0.0008840548094395359
0.008099119708198288,-0.0014206100157139502,0.0010760985330422641,0.0025848668236394586
0.054778341393152616,0.0007887234023808564,0.017011899917715557,0.02419296404476144
0.028174794490881117,-0.019741167374241572,0.004313513096823809,0.00424904248877438
-0.008907887194030448,-0.002033734534601187,-0.008259390712884352,-0.0064003310801678485
0.012951291036388963,-0.009742235407815408,-0.007338304782170305,-0.0013764150081158654
-0.031029771175691733,0.014635192720753046,-0.005696138514049416,-0.007363564959423711
-0.05789811410403147,0.0005232646772356894,-0.00724738760425251,-0.021540724136270423
-0.040514342834895876,-0.01354961260623025,0.0003803339222348013,-0.0178945226117566
0.021625917493317805,0.0028256268226797875,0.005336433796316717,0.009929316108112065
-0.01935095113765487,0.003963384102817221,0.002114907275808241,-0.0044242154954565495
-0.004957408486868693,-0.012491170435403286,0.0016042133461565355,-0.005281449910583288
0.052532103999334515,0.006288480627432412,-0.001507796294145389,0.019104243673277736
-0.014577207735358796,-0.007944289376474917,-0.0025705192788711456,-0.008363997099562823
0.012061992882153401,-0.00020692192678448064,0.0027967226789142917,0.004883926327496526
0.024495313749275133,0.017030724842085385,-0.008293550270385872,0.01107748502949544
-0.03752103640620784,-0.005611763044675142,-0.0010002021621814555,-0.014710985826687607
-0.03734914615951822,0.014829525142794038,-0.010351729188330274,-0.010957105777901415
-0.008118775655872434,0.002399656184098317,-0.013141707541903977,-0.00628693605095036
-0.008035369782438156,0.005905106610010348,-0.004370742800663076,-0.002166999824028304
0.0133756646391441,0.023350067117781276,0.005154140180868648,0.013959943352640695
0.02656639695027705,-0.0030147471218735767,-0.0003237796921015854,0.0077426156361439175
-0.018048298365379935,0.02405935718015702,0.0014948686708466086,0.0025019733265654025
-0.015070408324096226,0.0006130729957329438,0.006583349712506846,-0.002624659247290273
0.06248081427040193,-0.0022597942140481883,-0.0017319093576875725,0.01949635073651849
0.02722634842496397,-0.010151234860972465,0.007731434432878062,0.008268841063440523
-0.029680300637859775,-0.02092443447554624,0.0011013820007788023,-0.016501101203091367
0.029415094160357955,0.0011371992573114436,-0.00024026919543324488,0.010103997970070645
-0.06167425842924446,-0.010025210078261994,-0.008568536452053879,-0.026755974897185123
-0.025657826381761787,0.009759862877865937,0.004522467225179813,-0.0037918283010732524
0.03269726163382283,0.013855951397857074,0.013926199259962696,0.0201597839374101
-0.025692081481759832,-0.0035279354648145573,-0.003909571779450911,-0.011043185198812191
0.04433142569707198,0.014258733232009163,0.0006211388328785064,0.019737079516887295
0.011037959439976708,-0.011055641955446728,0.0055861213138535815,0.0018561444099815876
0.0568129849461573,0.009953788282281805,0.0017991371413013531,0.022855280601276697
0.08577426052640577,-0.0012412360248904922,0.0032445940073621924,0.029259176910419654
0.007679132956537646,-0.010908402993519197,-0.002416447499958184,-0.001881903963740733
0.017188858925358264,-0.006580715561473575,0.007610364297993378,0.006072829814456801
-0.005782378969458548,-0.00506067636752167,-0.0029587782504183683,-0.004600606595188333
0.006467108096646083,0.0017804093309879108,-0.004578565208672544,0.0012229828500030767
0.021592898477863488,-0.01581865706533527,0.01211772171262792,0.005963981744397671
-0.048104638688254646,0.014288292107849859,-0.008659684866678896,-0.014158662990350745
0.043269818863324705,0.007978698684818163,-0.01663166868256852,0.011538938082908493
0.022721540652350485,-0.013356482502336328,0.004817053024313237,0.004727365664072073
0.019479671993742922,0.0033485778448010357,0.007463881148976767,0.010097366898463245
-0.026986018539768227,0.005023747386781485,-0.0012306066070597202,-0.007730951522389567
0.02125286733089749,0.013118749592704121,0.004841055006194167,0.013070877572374616
0.012165530195524455,0.01000329088823789,0.010122774093165995,0.010763854295111053
-0.011560138375821488,-0.0036473553464204983,-0.007815729945738911,-0.007674400214919076
0.06816607972508,0.00021249180079072532,-0.0006685924302995306,0.02256997046186403
0.03182295519804166,0.012919228095632404,0.004964449271886072,0.016568860952975856
-0.04739239557308506,0.006464954662739433,-0.008853196553596942,-0.01659352922776837
-0.016673803743935164,0.004207826540301972,-0.01612780005712823,-0.009531249555661387
-0.0159093989067955,-0.011205050076739463,-0.02568730112373248,-0.01760056576850578
0.04218139916622905,0.026263322965908654,0.01216500197377486,0.026869881165396153
-0.029182692034992224,-0.004738490796416674,0.0081490847760895,-0.00859069076107378
-0.02317773957945597,-0.017595797110852428,0.0018731832672008164,-0.012966771507584718
0.016892371554258462,0.002762956593939703,-0.004509848145114263,0.005048488285867967
0.010972516743894486,0.0005939433029687126,0.0006539784175116681,0.004073475414645467
-0.039769131642807896,0.004765305392501677,-0.007743814694979843,-0.014249199399215038
0.03250262675995378,-0.000434526306344732,-0.009058732360852698,0.007669781694462753
0.010433103104926745,-0.011210231368450807,-0.0007099550248359744,-0.0004956939337589162
0.006283875238709928,0.0037691534190462824,-0.006084704935967699,0.0013227732511549297
0.0309857115985814,0.0024043363070766596,0.005426487702466027,0.012938832263862825
-0.027804066372767867,-0.004487785576255979,0.008009614590005503,-0.00809407102559366
-0.048702306376433906,-0.01072344374430628,0.0033856491026971035,-0.018680014992647355
0.03476831606900313,0.010005647768486283,0.010471037558224148,0.018414982050237387
0.046399753365947066,0.002331934061280473,0.010380125329483162,0.019703917881632647
-0.04215929626304527,0.0033141077587995923,-0.00614954233502933,-0.014998228614848057
-0.007352491902087987,0.010013902001996847,0.002315063988774106,0.0016588230374029592
0.003647079540421641,0.0007067266833597473,0.0016485597094236712,0.0020007866436130423
0.030451049944755136,0.009590811348166401,-0.00016528372343256907,0.013292179230970466
0.055665102298967935,-0.0031331049350511605,0.009916053685298708,0.020815996200388143
-0.022113535050230452,0.004354490815741234,-0.0058386325787634814,-0.007865884405191962
-0.020463231549060525,-0.005982331825647338,-0.0012665635004041544,-0.009237366387661714
-0.05294076172773983,4.7350209577743546e-05,-0.004846224365718455,-0.019246526048081553
0.015385626182720316,0.012614071364839429,0.011411705295971247,0.013137121144042715
0.006290555689464818,-0.008395354826406477,0.012595093275331343,0.003496761216031849
0.014815111341970845,0.01970257339582077,0.012551054018465345,0.0156895638958394
-0.002470088700987936,0.005744917352380217,0.005637949171716394,0.0029709229701102837
-0.022315864501491995,0.008855660175053732,-6.403090527823917e-05,-0.004508073902493757
-0.04473509765953361,0.005359759285999339,0.0002402644956624768,-0.013045011580932638
0.08766976451344684,0.015235064352425607,0.01273490181642968,0.038546538347523814
-0.03697626559611428,0.011017446869590743,0.002877856132593581,-0.007693646504322452
0.016566804035473524,-0.003898541370744354,-0.009821585802423774,0.0009488913385428449
-0.010881451469266884,0.005297856926326687,0.003550434055340601,-0.0006777194848130362
0.0008854435038254766,0.0015236091680263324,0.0049273310588799045,0.002445458798115994
0.0021192580806722815,0.0027225858133145286,-0.0012905575668089998,0.001183760925297161
0.0014560155433920863,0.0013296765164289102,-0.006958632967827319,-0.0013909789116884716
0.014289881510666121,0.010100823519101906,0.004748497573221318,0.009713057821262246
0.022679212258871567,-0.007117034740319327,0.00462811169414488,0.006730089674135969
0.03303941113966245,-0.00014561795125043098,0.007572167890616512,0.013488640204355818
0.009255482357037157,0.009923668764008506,-0.004126818513112571,0.005017439185200161
-0.02371883188137831,-0.007211020831912888,-0.005357354451025632,-0.012095723625703223
-0.02329654498107435,0.021799929498931968,0.017836049550430416,0.005446472576284655
0.008724290101802146,0.00046594557249691776,-0.001434068606259557,0.0025853864372908128
-0.04287497943378355,0.004625084415176754,0.011452412611131649,-0.008932485203330913
-0.008964833134180679,-0.004099963254097997,-0.004280166974481813,-0.005781648672599042
0.04608819583732531,-0.006895099101464628,0.003223457619319453,0.01413883731287526
-0.04055592738906964,0.0022390616182704102,-0.004586895840883683,-0.014301239569307102
-0.04063642938087023,-0.01685556297804701,-0.008215488164713718,-0.02190247160538348
0.028292789803385864,-0.004880137131249738,-0.0016841164669949117,0.007242838158868336
-0.016759586229818976,-0.001734687105235646,0.011412787291693576,-0.0023604929872916673
0.026518836365627064,-0.001498647459255828,-0.00243340294070009,0.0075289211262950595
0.012046184049336729,0.0025153652074847363,0.008084313841259636,0.007548613484072667
-0.02599501629941885,-0.004590234501095962,-0.0037166223240404964,-0.011433946274227395
-0.0010918127177078235,-0.009521834372807545,0.004354679709915167,-0.002086320373877607
0.09052013315627082,0.005986769836038799,0.006393774605833173,0.03430019156582173
-0.01857227512666615,-0.0012189923835715685,0.004669427571919144,-0.005040608272159545
0.038094293442238025,-0.0029305909457313676,0.008961574565395387,0.014708410978874993
0.05181100024307601,-0.022549595984214108,0.004868255921668896,0.011376542016956872
0.003092659691287485,0.00821227214151151,0.0022706586101302376,0.00452519228911293
0.0002776252479418685,-0.007076792743345345,0.009960601066267064,0.0010538101364766723
0.01967099206025903,-0.00028658261644757003,-0.00889425680492932,0.0034967140495764993
0.016704046498716568,-0.003965639390546909,0.005581830073826281,0.006106739620586253
0.026994652123633205,0.0012826464027858105,0.014372306716458403,0.014216520864424058
-0.03311921006596553,0.003760182469783179,-0.018247338245290227,-0.015868772745035578
-0.07774257585493793,-0.0005414139883086277,-0.007031019672989237,-0.028438308067075427
0.02035723603092901,-0.003066233544855216,0.0036779963989815637,0.006989659305352157
-0.027629007942799193,0.008564031234241586,-0.0005873048435370773,-0.006550753966604377
-0.062130579246037106,-0.002567173519852719,-0.005696898832660804,-0.023464860401299678
0.03371269523755998,-0.005491075611527872,0.008800132268169829,0.012340571624150013
-0.025153646130314976,0.0011754818033353702,0.002264409348949524,-0.007237911088091701
-0.04985897200380046,-0.007855660790712279,-0.011849215114340053,-0.023187926115001627
0.08566612203858162,-0.0016761679781177232,0.011515077424037868,0.031834978659823425
0.03881716926956759,0.002426224235326922,0.0015924154036266458,0.014278588690904082
-0.0007447925687499367,0.00185469335291906,0.011514838105017494,0.004208242088149242
-0.0021504791000381495,0.005644819355759453,0.00982207975183933,0.004438802230380208
0.044530099906005684,-0.011735625691374712,0.0068217041273294955,0.013205379575260707
-0.041417956429176464,0.0021131831653297697,-0.005307314268391122,-0.014870680973383427
0.0009624679900057417,0.0030526547757374527,-0.003632252771011205,0.00012762320395399832
0.021703793159758553,0.007378864963962356,-0.004936701040097448,0.00804864431255546
-0.018403066253771527,0.0013481234825305285,-0.0026674838813568855,-0.0065741356433904104
0.0380234863830418,0.00648366170618236,0.020816196762257683,0.021774426509378997
0.02395757741055687,-0.0043808834666994294,0.0016014551534482809,0.007059375973052208
0.0938195932497857,-0.013919510887786016,0.006545840393326013,0.02881527876980098
0.028779795488184635,0.004633204546784944,-0.00535466409370129,0.009352769294310783
-0.05588025010428255,0.008184127680773038,-0.00415678509694512,-0.017284285222515704
0.02650531175211672,-0.0029431150119532826,0.01204545442195891,0.011869205184823728
-0.05484488666981422,0.001514899440016533,0.0007121296854806961,-0.017539268308819817
-0.0007095530885159163,0.002625624355868288,0.020946819629166894,0.007620956011209456
-0.04128372095398533,-0.006279726704301932,0.008370919021842263,-0.013064163147972123
-0.035911279539714,-0.0019343220320132185,0.00016760957979211578,-0.012559318104647704
-0.04667836582922476,0.0030222590997549714,0.012234308232126291,-0.010473922358514999
0.011426756609386624,-0.012087449517610377,-0.0033802956443806675,-0.0013469948372052888
-0.007277745933345601,0.0020832416523989495,-0.003519376727344117,-0.0029046240981365867
0.013814561823688348,-0.004744174807026722,-0.019159202975058014,-0.003362935289860143
0.0436907764112302,0.010806047534125639,-0.0015801537021824259,0.017638872442167722
-0.04513412211187136,-0.012917980316485635,-0.0023229455636087698,-0.02012499587230592
0.02538760394323392,-0.005949177499894006,-0.01303433053688753,0.0021346965007854927
-0.06611538169979439,0.005318029329241873,-0.0037376240049100252,-0.021511637280162053
0.016017619531145246,0.005164728727998972,0.018893903483549808,0.013358737222147428
-0.02101974154085036,-0.00715149107919244,-0.013374413141823674,-0.013848534738740237
-0.0022986109171354604,-0.004618306846769114,0.0007811368093854705,-0.002045258272912716
0.041449489347667776,-0.007763284736654977,0.0010841249431075483,0.011590098261263598
0.03324988782308358,0.015758471707832355,0.013229263885511858,0.020745853726268127
-0.07644158646674477,0.006726799437910291,-0.00035306470948395113,-0.0233559272234889
-0.03288989810217908,0.011790350022824364,-0.0010644472356343931,-0.007387991050331264
0.03116638726096899,-0.010416718354163317,0.00919545651020785,0.009981698490629368
-0.0019031968016705466,0.008889039619277138,5.397726398316885e-05,0.0023466043472565594
0.023451754889547604,0.00984914193913638,0.004713003240916046,0.012671287351899986
-0.014945647662932937,-0.003972576550851217,-0.002006060254989524,-0.006974754514829736
0.0021158537363967908,0.004744233809272253,-0.008139595516886193,-0.00042650223056972595
-0.0014294541036896564,0.009063497772075399,-0.007158575009139868,0.0001584893945924049
-0.00894191884666685,0.004980479886012553,0.003589357840248075,-0.00012402691610836704
-0.0244804246059583,0.007798908265340257,0.0025894851210072137,-0.004697339042526537
0.06334686522081005,-0.00719444508499386,-0.009325040284728265,0.015609111007902693
0.0208212912448137,-0.009640863764249942,-0.0037500547251389945,0.0024767884416840025
0.04223653463891728,-0.006135693802185803,0.006331986603028189,0.014144261668977408
0.023889664582821817,0.006871759073426601,0.0009422670286445752,0.010567886327067436
0.009356157443547725,0.01748644762437137,0.006043808675213704,0.010962126952239684
-0.054478937914703714,0.008280637326162405,-0.004523225417476431,-0.01690715842816391
0.041522418570418426,-0.006634043639870223,0.010244298778078843,0.01504420952531778
-0.03556468124890825,0.008971385776853108,0.005639599535275619,-0.006984558327694529
-0.04295840837941756,-0.0061770410990108285,-0.0006063110735214214,-0.016580570270063086
0.018275990830931343,-0.004010714714849692,0.010063755264932065,0.008109669017327445
-0.007560802826359212,0.01223868587394173,0.0008439343880789124,0.0018406039712813313
-0.03561926275149361,-0.0034585182952105212,-0.0020512996741305564,-0.013709679863917988
0.02120116125333962,-0.013310608917049412,0.010233394892399909,0.0060413097015809625
-0.036647437604082865,-0.011778745922507411,-0.009060568844076454,-0.01916223162797145
0.01954597070382431,0.002368004559972386,0.002833911582474622,0.008249287366128157
-0.04259623698255945,-0.011925062798186533,-0.0022319518928577797,-0.018917731640117362
0.0489043331310475,0.015716897035561627,0.011213188341229655,0.025278114224473423
-0.025927831255489486,-0.004436694109644646,0.012683746652196782,-0.0058935870107195455
0.03822291627695368,0.013695465351695928,0.0025021390926787427,0.018140155433602544
0.026601660427354002,-0.0020620249793358667,-0.0020962960913724544,0.007481105637768775
0.05472540722836228,-0.0009119101880506554,-0.01075902750308482,0.014351475494252421
0.03729319041234082,0.01492875720461764,0.009941418489858836,0.02072110131448373
-0.0021049113284694666,-0.018204083461427368,0.0009459572407912064,-0.006454339395356026
-0.04268530441368833,-0.0004786271058737039,-0.01023021281764725,-0.01779803031435498
-0.000742799675237871,-0.006317045565973922,0.0037437690151205173,-0.001105357636671683
0.019362346779670126,-0.0006035517879354858,-0.006127788860167523,0.004210331166853661
0.03669902809435511,0.011062897859923301,0.006996540200791433,0.018252803798867897
0.04099151194029232,0.002986459304479717,0.01135625633615817,0.018444724082234205
0.036499908956096304,0.0057155906861204924,0.005379825726842216,0.015865092591244547
-0.005123372084043195,0.0026638299929704562,0.00747924256742784,0.0016732318188848747
-0.015123115792690489,-0.009330048218360684,-0.004597515181915871,-0.009683550047429284
0.019598987580879697,0.00615963950811282,0.006412465692226917,0.010723686870042218
0.015585025198261618,0.007055728826430898,0.00039869016617039346,0.0076798070504729065
0.026278467317659756,0.003312479840049985,-0.008125230729779304,0.007155231654071336
-0.005811828229800493,-0.003815699124157092,-0.0060147103256227435,-0.00521407401244755
-0.05811075706174363,0.002939697075398485,-0.014625448284587983,-0.02326547949147495
0.012379823326719474,-0.0007701072423135946,0.004546098062587033,0.005385265997059589
0.011786195591657712,0.012418122745217598,-0.0030672734182405448,0.007045674593863282
0.024838321863225786,0.009006738597310186,-0.003858036236257865,0.009995664745751295
0.026754792806442367,-0.008605725673580523,0.012205741298180322,0.010118259358744578
-0.020846945095551798,-0.013663211858431858,0.0019718562542696792,-0.010846089387137759
-0.023752040836437227,0.0024640474118977204,0.001048517275895032,-0.006746485303056108
0.016928757851384695,0.002754689055966655,0.003056392997614607,0.007579939055042017
-0.019402004412444867,-0.003121768384532268,-0.0032034896577215794,-0.008575745575812086
0.0015500503488264197,-0.004802384906727134,0.004151900644107873,0.00029985506221369066
0.051651311049431985,0.008314352272739219,0.01563603234119441,0.02520054002055665
0.005330324738339165,0.005053620407786861,0.0005212770918163949,0.0036350704442400608
0.012711945155134095,-0.0009183857671104129,-0.008064697458890973,0.0012429527334235939
0.00257780175718668,-0.0024665177419404844,0.0028915649867786585,0.0010009486663919505
-0.0032935016139403746,-0.0023970559248688832,-0.005268209315157906,-0.0036529186317334366
0.03518641552944207,-0.018620783137497352,-0.006742880213444389,0.003274247451916051
0.009030548643543641,-0.009110991162232145,0.010511805754147799,0.003477117601365353
0.021151626115534717,0.012950313683715417,-0.0034858518424814,0.010205352446893592
-0.048606264515862335,0.008201333422375888,0.00029688036360998914,-0.01336933687394191
0.03454750696690256,0.014671170955873171,0.005643402417978404,0.018287341826224598
0.03261967689009642,0.0021514848696889887,0.01944517779560541,0.018072095113017085
-0.010249921570694454,-0.009786995282157178,0.0028509808029267506,-0.00572863962132961
0.006396319960067938,0.003876814286464978,0.004288824348388598,0.004853981344320973
-0.002331146655286932,0.0050509876404502664,0.003228955953004046,0.0019829303297901474
0.02637610606011858,0.0036611995269204252,0.0007117120139701473,0.010249662283997183
0.043856253450910584,0.02432191132892615,0.004570264044690589,0.024249452025366165
-0.05545313242622024,-0.00030365832407335295,0.0032125087122294674,-0.01751474316459403
0.07235197310492177,0.01472624916325522,-0.0006033680887406602,0.02882492256819405
0.010896565320709603,-0.02097704857352673,-0.002951692528806088,-0.004344054249815811
-0.05216986152753865,-0.0022246828935013267,0.00745712629475629,-0.01564579039628852
-0.06350737212584501,0.0012041727815337736,-0.007343903778747966,-0.023215677825318692
0.045931854033602684,0.004280433355838404,0.005506956833535222,0.018573062834577363
-0.0629383811259656,0.00977343721779362,0.0007083167575316122,-0.017485524898004406
0.06185484132746675,0.0051209788029035926,0.008646240779986183,0.02520732842943187
-0.013060683301429975,-0.005824279289021315,0.0006985071452619734,-0.00606214575291129
-0.014880009462942614,0.0025408074907307815,-0.007982483291018489,-0.006773888313848353
0.06320237276675243,0.007347296501977008,0.005952232566979604,0.025500608444602405
-0.0371227718458438,0.0009557449193713566,-0.0030546680174252517,-0.013073885240734249
-0.009517912829257224,0.0005247205758455282,0.006608050948404855,-0.0007950463066218448
-0.05969088855921654,-0.019986718663590718,-0.009834202212059462,-0.029837239974352427
-0.0066829981360542,-0.012667242653838909,-0.0058718914123697934,-0.0084073689933769
-0.01893643302813199,0.010582310641843711,0.0007065292589206007,-0.0025491951599248496
-0.03426731405756724,0.00612603291052632,-0.00040810233352882265,-0.009516451643728755
0.05478007696834898,-0.018322133642423133,0.007201191756433887,0.014553030474408216
-0.002590825125888313,-0.004838063054520082,0.0016925184575103847,-0.0019121213288427624
-0.04193728984942811,0.0019653769687127663,0.004527976594397458,-0.011814633614127198
-0.029913680581594198,-0.004686406435473115,-0.02136913503827993,-0.018656388695375063
0.022312730240420846,0.00951785584882939,0.0065528629744628746,0.012794470226754681
0.06684262318526032,0.014216062303858712,0.027339229411517334,0.03613260216757382
-0.016663102109809563,-0.0018401624694179383,0.0016841418677320977,-0.005606368630790897
-0.0005699908347212347,-0.006275509117165438,-0.007023432950539098,-0.004622973011164289
-0.0020463917967637802,0.001338776840318615,-0.007635608394648856,-0.002781071669290223
-0.03855208719619878,0.0006885364916929902,0.006564433754453201,-0.01043302855031188
0.0009152000706834792,-0.010596240172955218,-0.01183894838924639,-0.007173322323843212
0.03809109022692372,0.009023808469544599,0.007202771142025185,0.018105871840274554
-0.04474474099795983,-0.00818438983317785,-0.023982716228695675,-0.025637256715995434
-0.00645780333348152,0.025767354582372268,0.016036606902374156,0.011782040935035584
-0.032820755433158495,-0.00017500887258692485,-0.0009451234670623733,-0.01131361794397334
0.0005096434817825255,0.006180178517952672,0.006259842869476756,0.004316550639849028
0.011405992864795784,-0.006731520913694155,-0.002269728263001051,0.00080158042778563
0.031423194338259845,0.0194409025127815,-0.005472618611597967,0.015130477615988378
-0.0394141765314631,0.002542810684454176,0.0017165857027103778,-0.011718248329839465
-0.05428556106432104,0.0055572979125151755,-0.005877209409386342,-0.01820180598523988
0.006915057994276472,-0.004396542104011203,0.014486022188971152,0.005668173691566114
-0.04760408257612011,-0.009791590119742545,0.005611371635957128,-0.01726141642520149
0.00947679686672365,-0.0009064568260454237,-0.0017438070242442147,0.002275508729966998
0.04553975242001558,-0.009819135680131739,0.003884238125176012,0.013201605086734996
0.0035045605312309515,0.0046535929398427815,-0.009776474555698064,-0.0005394398221010824
0.0354712635775593,8.430026155330347e-05,-0.001624995665856299,0.011310178080896044
0.010735955515811111,0.0035704685894506444,-0.0030826244312432446,0.0037412628167396125
0.03410619993195693,0.01567759766241605,0.007167986691512694,0.01898390911136713
-0.017331165063830516,0.014216466796527072,0.004469679084771881,0.0004516598208292068
-0.006731413230786378,0.00514388275388774,0.013432481138221578,0.003948312938790759
0.015951716061970267,0.0023218453684548984,0.000982826541757389,0.006418789571931527
0.0616492095768843,-0.003825247730396298,-0.004919113046258998,0.017634931965126735
0.010738264653750614,-0.008026537961878672,0.009926711670462081,0.0042128085746318865
0.037604062172700535,0.001825878971186047,0.014591501572547695,0.018007129564997188
-0.010814019202664232,-0.002677495017099127,-0.0096965677575392,-0.007729352929740193
0.01601209287763183,0.0047126887470410606,-0.0037531051292943878,0.005657219841234002
0.05684072941528678,0.0029723325170264206,0.015966002629972182,0.025259662927740272
0.002073450268467016,-0.011541526905725788,-0.0022614626193291384,-0.003909842509016217
0.028691292494931183,-0.010074896330076003,0.00017942650016740174,0.006265267956399972
-0.028641699895281172,0.006218433973164507,0.009394732583513293,-0.004342840103356678
-0.030688862031715666,-0.0006045403283901834,-0.008170159268176477,-0.013154507388240233
0.005106574389455789,-0.005091421359962077,0.0007661141597020433,0.00026042213597618854
-0.015280327411650543,-0.006763463432370619,-0.00823327601598703,-0.01009234552764711
0.04096480592371086,0.002903025113631653,0.001367214746635585,0.01507833351631077
-0.022938116744827566,0.006475246312195894,0.009690382283915796,-0.0022574937920759094
-0.04041556283035454,-0.0006682233573651629,-0.0017803132478692476,-0.01428801885716317
0.028220290821653417,0.0070708957190925665,0.0014996425677816071,0.012263597439232827
-0.04274247235498033,0.0034989990746370934,-0.01154632665381208,-0.016929916381451793
-0.004440542802971643,-0.006508200859277785,-0.0024433276706137524,-0.004464019313597282
-0.0433233377844511,-0.004480177310237105,-0.01233722124929708,-0.020046892067749646
0.022118268257927252,0.0036293269972265787,-0.01031048050098054,0.005145699772352845
-0.008699285004356877,0.012721352810224072,0.012903447384660266,0.00564183275500409
-0.025414405906722018,-0.002637882410153078,-0.007543669998432678,-0.011865307573116485
-0.0018603208008699554,0.00762473343230097,-0.005162138283216126,0.00020075791531351344
0.014707273667591314,-0.005072336174849529,-0.00018050419380930276,0.003151474614833061
-0.04346857002641871,-0.008848245583360571,-0.00017253503964564866,-0.01749643272002476
0.05586479972605684,0.0073446305370151056,-0.002007283253293924,0.020400695269210338
0.00921128089577235,0.0077557661637287145,0.0008396179357471437,0.0059355490628610705
-0.031138918818262844,-0.006941817295282994,0.004103115109759526,-0.011325862342055102
0.05487574804280878,-0.0009203025654490302,0.011270826511263663,0.021742068920783807
-0.04588822416252045,0.013475217068406995,-0.00019638033414268088,-0.010869784939622902
-0.029741933335413636,0.0038062244992776184,-0.00731152090010565,-0.011082398829670643
0.05392393548552008,0.014587419922807716,-0.004482856914671233,0.021342811488386022
0.00250130721225669,-0.003686088170185072,-0.010951548872896216,-0.004045439231498255
-0.004518609380925303,-0.006731686938430416,-0.0023476525179909205,-0.004532645079799267
0.055791790075683065,-0.0010269800531923436,0.0030375852264967053,0.019267445815530724
0.008219238243536285,0.005264831022528731,0.003605645050585807,0.005696565742312169
-0.012024825631857533,-0.02042782274055667,-0.00695963179405046,-0.013137413584728166
-0.0452835599606458,-0.003433419330082762,-0.004398549652586941,-0.017705158609262188
-0.0020611170087348495,0.010171124421810817,0.006567071650039237,0.00489235479534538
0.06749852324778126,0.009522794349974783,0.00899673649500803,0.028672656024903324
-0.03446491893823818,-0.011936186423718291,-0.007998821769280651,-0.018133290910436663
-0.0005778977823298055,-0.004342801829358981,-0.01193696509702905,-0.005619215950351043
-0.009969998713852752,0.007841801262069388,0.001360751606665469,-0.0002558150258906832
0.018262562646993292,-0.004055026879225151,0.004505409512600321,0.00623764218914106
-0.025328294068052943,-0.0035145022189835688,-0.0010179958232740774,-0.00995358741650616
-0.05802225908623286,0.007589504896847976,0.013412439708011769,-0.012340092487019545
0.013224953058060299,-0.0030599650117842207,-0.0025087392840440897,0.002552080368661075
0.025957096342851777,-0.005550118241120165,0.008393714010525077,0.00960022110385486
-0.013686697569063239,-0.004588187840509682,0.027078610384696205,0.0029345720571327697
-0.03479036214062278,-0.00739642471677684,-0.00727449549969638,-0.01648707763193788
0.023085572268182714,0.0007929867354949896,0.010889099189980624,0.01158920780866671
0.034792443203004,0.009258611832606725,0.010369571373159754,0.01814019066271469
-0.0067758139035229755,0.009841017159170937,-0.005128095121932163,-0.0006876299344641119
-0.04236537796785409,-4.305451396668632e-05,-0.013171704180896915,-0.018526693694193675
0.044843122668439504,0.0029967608339171196,0.010221872393857502,0.01935389927815274
-0.014664799620955713,-0.005565273831355458,-0.014551255121069905,-0.011593764597350833
-0.003734175946745765,-0.01515702246474565,0.0053611421925047024,-0.004510014229643498
-0.007373096511274187,-0.021235668711339698,-0.002960954652042375,-0.010523229434978795
-0.029965677863290557,0.0014412569584339422,-0.007157231396286051,-0.011893872206496788
0.03195196642037766,0.0004767427316364583,0.0008708323013608189,0.01109983605127783
0.060373287504252145,0.01183949611599495,0.005961649154933409,0.026058118200249242
-0.020085579928666684,0.00037518120947433435,-0.0012226355950386409,-0.006977671127065558
0.034834113333537656,-0.0020929410283996412,0.012456546863771683,0.015065891323730176
-0.0017452088143633288,0.01668816124217062,-0.0035746595265672807,0.0037894271776490367
-0.01569543645619181,0.002279289926732672,-0.0002679524418755584,-0.004561361762411908
0.02363898482340495,-0.0022636428392975396,-0.0013765954614132826,0.0066662421746492015
0.008693805821213254,0.005693374011677435,0.010537374880282637,0.008308176596206205
0.011393334614816009,-0.0011570527948449524,-0.008925099263918457,0.00043706041495668096
-0.05129230749710969,-0.006714944698234734,-0.02060556746907722,-0.026204247017200658
0.030194269987967197,0.0007989492146441417,-0.008068466177537542,0.007641576700106924
0.0079748204207186,-0.0023407956052171135,-0.0014245687419670917,0.0014031506213594402
-0.013353524357912032,0.012017761181842418,-0.014035440910869402,-0.0051237295719116435
-0.028998360073536098,-0.015067469016874512,0.013306567166467553,-0.010253077054893712
0.07610037305462584,0.001420066527833527,-0.010272604682746439,0.02241592255062601
-0.052799524877525615,-0.002521512796209514,-0.011404781977417082,-0.02224191764177752
-0.022206283901079784,0.003926587232729755,0.0029740962634470713,-0.0051018616997675174
-0.0032182917973916972,-0.01911952640334254,0.007816550301671594,-0.004840417792598248
0.023107744012846647,-0.008726686230193188,0.0014893892707303661,0.00529014372764559
0.04785137910620782,0.0017449503345305889,0.02289154109375385,0.024162599348873905
-0.007599380269293061,-0.007587562719283689,-0.004544476602789267,-0.006577133286648809
0.021049482829865428,0.0016384481437238915,0.00019419370244571558,0.007627367264636786
0.05102447373209396,0.008709143068439463,0.01251794865424407,0.024083831067737347
0.015675579974582004,0.00019499388676865576,0.00337686599528008,0.006415806869730294
-0.005697937806449956,-0.00647078314827643,-0.011175473471535967,-0.007781390360689308
-0.015106764522033932,-0.008835339507787143,0.004209100407561008,-0.006577661296418814
0.04856174961288244,-0.004732054381474742,0.015523140382867435,0.019784258753813174
0.006531712125654279,-0.005388428987403607,0.005151796986172944,0.002098357943114497
0.037264302685348465,-0.0153381791680391,0.0010701965669754532,0.00766543236265491
-0.014484844232099364,0.012311585798869559,0.010548833200633606,0.0027918554639430105
-0.012081306134234087,-0.012780304089826552,-0.007546825971202948,-0.010802801262275797
0.03532534216650915,0.008709308110256745,0.0017614772330041,0.015265360571214161
0.03968102702494249,-0.012796675272207056,0.00885056566532089,0.01191162722771297
0.010384834016197593,0.008981521223757699,-0.010247814164280446,0.003039510652377923
-0.018064371559888083,-0.012341743409878397,-0.010382550042922108,-0.013596208074674524
0.00667268560993379,-0.007432265034610143,0.012027085206360972,0.003755831504726279
-0.0030177425967949797,-0.0016199532125315392,0.0011111891417578713,-0.00117550104702066
0.04926894066441111,0.016408582890798946,0.003023533030942479,0.022900329295031982
-0.029281233693187896,0.004044591206012159,-0.004118988616905359,-0.009785200582816664
0.020356659865068842,-0.0021177463131815816,0.014655685434800291,0.01096485536402952
0.00796464132107285,0.007462549484455658,0.003908491893183839,0.006445221121009883
-0.05310729577443012,0.006524522743986282,-0.009917211111426339,-0.018833309213962014
0.01942170602645414,-0.001767046332634463,0.0065394325847774985,0.008064689361501632
-0.02922894244704072,0.01121013799013562,-0.004859345544321762,-0.007626042374358954
0.014763915518920407,-0.0015450803987894662,-0.009399434064435878,0.001273132412098002
0.02242546785165075,0.003810655258883561,0.010840447831589542,0.012358844621850969
-0.013831861278681693,-0.010991811192711457,0.006336714381298401,-0.006162313201045553
0.013304380766600742,0.014185214274850103,-0.0030132307042183997,0.008158779953622701
0.06291182776539796,0.007241394774474024,0.0038790402246282204,0.024677396244079143
-0.021841132140987263,0.0011389024398329142,-0.004425001409461095,-0.008375735327794778
0.0062767403739606336,0.006958572749333128,0.011696776981549958,0.008310688390917871
0.028011630408497683,0.008957650179770023,0.012091418807195834,0.016353550111588046
-0.016309048538663686,0.012629878899091751,0.01104371527850951,0.0024548460914639784
0.027199307059869466,0.004048055769274376,0.005124354330917824,0.012123893596114835
-0.015330126928552578,-0.0034922085017227897,-0.0021872205202383807,-0.007003178313652599
0.017428160672937645,-0.0021324442006342595,-0.00023336657792137573,0.005020778277344038
-0.05434892366016987,-0.0034795240447727765,-0.011624705608223183,-0.023151027953337504
0.018363043854102194,-0.0027059716961384656,0.011063002859692798,0.008906682765860503
-0.04202793401123673,0.005270555966785435,-0.007706958496743403,-0.014821430692286051
0.0369277360437312,-0.006566351726281308,0.01887812596747177,0.016413153681803794
-0.01443011086679559,0.01570638970327397,-0.0004699094379692465,0.00026878953071324594
0.02343318014048647,0.009270637090819874,0.002188287939910936,0.011630690093037369
-0.008682393350394824,-0.00831288084305351,0.005651283180260798,-0.0037813265563988413
-0.013969133405824185,0.01965968641857497,-0.0016507654675529649,0.001346594501803425
0.008252573189836972,-0.0026834862703454024,0.006915179211999599,0.004161417882408346
0.0019611315563392547,-0.00040130970902385696,0.0023401873790895337,0.001300001775465235
0.011248987300398933,-0.002777163355589501,0.00919937220133652,0.005890392824983268
0.0061568052586489005,0.00111358245789216,0.0009668607582072205,0.0027457467458332687
-0.03985602021843989,0.0043237990757555664,0.01395958419536754,-0.007190871791559946
0.04090804025133713,0.005356249958466752,0.010952864687892814,0.01907236589351393
-0.030089730479232284,0.014611091981724887,-0.004795804369730329,-0.006758140864264952
-0.005025500088502789,-0.02280573363724878,0.0017450003573395519,-0.008695402427392883
0.010331883743909953,0.02131632303449338,0.009649458012115072,0.01376587449761787
-0.008098356909260999,0.005867843869855769,-0.004740877874942862,-0.0023237946476523928
-0.002955132805623271,0.00366628270217067,0.016752330584961513,0.00582115433934281
-0.04540977702448297,-0.006493417051644995,-0.004013210403443129,-0.01863878285438887
0.024095705591618957,-0.002848710991761119,0.014105751904362316,0.011784237050491217
-0.024993758213862002,-0.004238511539115328,0.00481045434416596,-0.008140596995665321
-0.01447046598273857,-0.0057421259395919345,0.005353082949663964,-0.0049531647043858556
-0.01297934491046088,-0.0075055652768577456,-0.0018267473364939977,-0.007437211737385033
0.0117058136382107,0.007342769205667136,-0.001501097931559072,0.005849155788277951
0.05540342399518596,0.012358774852687465,0.0008227759342626167,0.022861635399053754
0.020648232955517282,-0.011757481002578757,-0.003924414435440773,0.001655444183720078
-0.004951153744439874,-0.006018831597651201,0.010735511916929898,-7.815773022925086e-05
0.022020289837480646,0.0033789905146826417,0.0021909991641552292,0.009196750642013
-0.032952069476902546,-0.013015205571468152,-0.0025627527807397846,-0.016176659766360884
-0.036325350078189156,-0.0014600763508981537,-0.0037087616409754976,-0.013831382191958246
-0.03418571423787907,-0.0025755474561035443,-0.008538721321156203,-0.015099979238385266
-0.028808407791906302,0.0024551246230229734,-0.003074282906296595,-0.009809178882537949
-0.025684309021815174,-0.00036216858646776764,0.0018851774092466878,-0.00805375867924535
-0.018517958972540046,0.005769040005003335,0.004565302488765959,-0.002727869431718091
-0.04088699250749566,0.006467740463547134,0.003982210314863491,-0.010145670430681103
0.03032512394810181,-0.009933376832998872,0.0067902165424370275,0.00906064549185877
0.015442199348475181,-0.020730028982945438,0.0026389269323825737,-0.0008829666843949939
-0.01957906298448527,-0.008061514154019199,0.004207216911514686,-0.0078111122645431845
0.03560007027249564,-0.001088802429834515,0.0053164423839214305,0.013275890132957442
0.01607445558181084,-0.006147305600795181,0.00909896662198041,0.006342032525626489
0.01742578778865163,0.0036858820795369223,-0.0037463168765356062,0.005788445208766652
0.06166690913572983,-0.004293657921329293,0.002418224245908555,0.01993047188961121
0.0015280745409259038,0.0095483466307693,0.0025866075486190177,0.0045543383524285
-0.032079688931726795,-0.0003619838673404619,-0.0014118015694599166,-0.011284480171684269
-0.004115604358962714,0.009405877431221428,0.008734599094961796,0.004674952714116115
0.044105933029509006,0.012569007544145194,-0.0006653014481394655,0.018669861038625203
0.008952260126742646,0.003855864128454161,0.0024167523851446235,0.00507495380515493
0.03284878047150162,-0.00926360253312233,0.005756309415824024,0.009780486004238653
0.009099208970875239,0.006445798830210101,-0.0012829182303037878,0.004754025102897327
0.013256913621890222,0.015421900468667264,-0.0007692987441436812,0.009303162478966153
-0.024979984190080524,-0.00693230651805202,0.009548959859610797,-0.007454436161730299
0.013138120415551171,0.005110806641925237,-0.00014640759404255113,0.006034167120304798
0.013354616585626105,0.005889364890588947,0.005639240962270272,0.008294399185087628
0.001722450940696451,0.0017282518742421861,0.011300853836187267,0.004917180633189751
-0.05767887484840644,-0.012395175012603139,-0.003169930525825713,-0.02441463571428497
-0.020707189235114304,-0.017799563714362723,-0.0012813622924096732,-0.013262691817923819
0.02229503418198782,-0.0037754162835719,0.005469133834448456,0.007996242581370881
0.03504072240848544,0.001114054992343814,0.011892631958045368,0.016015787103821753
0.06198706555256729,0.013429777457740509,0.007797366837273232,0.027738042211123727
-0.008577941318036856,0.012283567719614811,0.0034578317459017325,0.002387816994673847
-0.034293693199719526,-0.0033799905640067387,0.004682424334108983,-0.010997075479452617
0.021873879224794543,0.005891926398294676,0.010828839120796373,0.012864868716413616
-0.008712340584165524,0.012573491804033258,-0.0018872608339544675,0.0006579628040076271
-0.048047008061522775,0.00473312423043677,0.006813482561311462,-0.012166788256457757
0.018793386508186172,0.0003708602053254467,0.004114738844720026,0.0077596540930820294
0.07076118930490885,0.014795055694807793,0.010962712835188715,0.0321729537719825
0.028041671311814037,-0.002940619001881629,-0.01190097614283815,0.004400020989006029
-0.015339527462213273,0.012846115866661286,0.0014331877671057251,-0.0003534075894074782
0.039351198926553144,-0.01105953150832444,-0.012068454626023361,0.005407732189664182
0.005910329135060193,0.011318678670432387,0.01792990173425855,0.011719624793613864
-0.010129369093269993,-0.004700757647977129,0.009993073594838007,-0.00161234943645199
-0.0012909599445556298,-0.0016543301465878962,0.0008196039388116147,-0.000708561342215253
-0.014942982593906532,0.0049535606352301455,-0.00035804967924027214,-0.0034491537634816732
-0.022622526464748473,-0.0020886044862407018,-0.002632691788798195,-0.009114598465321543
0.049757096425043085,-0.009095649859637194,-0.005226756886561238,0.011811551414718324
-0.027886606481205476,0.0017170528397382062,-0.011067128252314604,-0.012412214885699992
-0.03756979857362632,-0.006092052297138975,0.006676381854600406,-0.01232847734356529
0.010429606083866401,-0.0005170791002606032,-0.013341967942928246,-0.0011431458432938297
0.01921627546615673,0.012970198768104884,0.0034091057387091116,0.01186518145913025
-0.012487610108175923,0.003159684357987712,0.007834721029297408,-0.0004977344092286941
0.03101296563676977,-0.009530975485626978,0.009387404548121708,0.010289787943289932
-0.02861529854037941,0.008309708437315665,-0.0153856311194675,-0.011897061843770007
-0.015044674150714914,0.0038139792943661663,-0.006958969339520345,-0.006063215335401632
0.022598238873901763,-0.008052043437718877,-0.010344079828591996,0.0014007038018250945
-0.011470027615044585,-0.000640655224553291,-0.003377362614634454,-0.0051626766553956255
-0.016556502322126843,-0.013011517803935531,-0.0077827455841767024,-0.012450242786491122
0.01119988748716395,-0.0068036923446633465,0.0060255147601536805,0.0034738998269814602
0.008394269191663356,0.00923243209875993,-0.013524797834695262,0.0013672997846081894
0.02781356666554896,0.00929527051663675,0.011128242934055756,0.016079010626387117
0.011211085693918028,0.0033455613377567925,0.0023022665313283757,0.005619632234696545
0.03176229331416754,-0.015181782304951853,0.007242997711156019,0.007941161632287664
-0.04862854723631945,-0.00648764988881673,-0.005170607135340408,-0.02009558132455744
-0.04877819725627466,0.0073536830433731945,-0.006842529467498682,-0.01608899847111882
0.023484058358741372,-0.0012284371284093602,-0.004727045446835923,0.005842852751640102
0.007530048975511279,0.01321994496863218,0.009700308966720465,0.010150090820187004
0.05160885892075059,0.0067864919821826,0.015953832290082178,0.024783036281277388
-0.03472664942737051,-0.004266521144141642,-0.0010316375562620505,-0.013341589367655358
0.02043473659702345,0.008702445532758124,0.0020012961223680494,0.01037948237122379
0.05254385397350664,-0.0002446896374561162,0.003965072973296235,0.01875472701503648
0.03411627168068097,-0.013442098637952113,0.00244886689069517,0.007707672270128031
-0.01918402639993866,0.0042372687680797124,0.0008369217063530239,-0.004703273938556665
-0.01749792308988567,-0.005370894972033353,0.010324380670067353,-0.004181474949138092
0.009532624876998363,0.003508884897301202,0.007456375869492141,0.00683262171530202
0.045372132824373884,-0.0026476252276285495,-0.008265660757925054,0.01148627079332448
-0.017739929736178925,0.004401127993600021,0.004846242306121578,-0.002830850314632629
-0.0253505154758751,0.0017318128035186562,-0.010148690636933475,-0.011255786513965535
0.03296292494921742,0.012674342101869346,-0.00813923922321499,0.01249933010994798
-0.03252577767282488,0.0017375344948755982,-0.01006755592082497,-0.013618586080991717
-0.04412289311913041,0.00472258752942361,0.001526687384899059,-0.012624526777063178
0.029829014582510856,0.02220856066569343,-0.0005075451705801161,0.0171766595158647
0.018221162022415895,-0.007474742411798373,0.0015880368938950183,0.004111481390018678
-0.0025683186656852365,0.014364933329753846,0.015880494366265444,0.00922569378440834
-0.004347954677507827,-0.0014604946724362544,0.00878744183316489,0.0009929965014094416
-0.03631919022861432,-0.009603408805198228,-0.007331724787391544,-0.017751423522293423
0.03697306053748227,-0.0032609247989530033,-0.009526540809777754,0.008061856914385528
-0.059139163221659886,0.0015147826495495655,-0.011174764108485863,-0.022933025293817168
0.04268140728342711,0.012305266942246386,0.008758190892928902,0.02124826712457909
0.003235787733979993,0.012168464982327695,0.002282455592692403,0.005895563540763927
0.0480242567656691,-0.002973131047438264,0.0018408883307469474,0.01563065571898791
0.015232887866411068,0.01279511781265109,0.0037033462227877914,0.010577106723499348
0.01694044535367909,-0.0020853204113954566,0.0020595782838134006,0.005638228770464603
-0.02162327519526321,0.009006504083363124,-0.012558716986884327,-0.008391820974432104
-0.028600018335247984,0.010699148685804306,-0.0062711224656244215,-0.008057322647691994
0.005202970254365123,-0.000450506246744616,-0.0036882470912680183,0.00035473861737852423
0.020089856492644186,0.0007839525703510733,0.01340950700212417,0.011427760593934454
0.003498129875367691,0.011460437439237534,-0.0028212760287657946,0.004045759716182715
0.011461719653651876,-0.002382126075817747,0.004174593715049871,0.004418058012898902
-0.0007821147089037378,0.008871642251846551,0.000268327298308438,0.002785948827798803
-0.02064603137475768,0.011033761467371792,-0.0004817671707923624,-0.0033646756613803903
-0.015422798980471771,-0.006789102688212186,-0.004572081001446503,-0.008927985295382596
0.01592218853145017,0.010945633612780583,0.009729335717421113,0.012199040421498
-0.038257063765214386,-0.023351806273259557,-0.00743462740540929,-0.023014476133461928
0.0054794042282309986,0.013511345623139591,-0.009378800901607514,0.0032039797792713753
-0.0017669146025544179,-0.02283123670698141,0.002133087622903507,-0.007488347073856211
-0.032757440998249794,-0.003333270292371833,0.00011242777985245704,-0.011992749177495219
0.08251653107258274,-0.002135688327944768,2.2314701072306928e-05,0.026801025680850944
0.026167144958178245,0.0050078792767383465,0.001023197682057466,0.010732729906250713
0.02692332892885951,0.0026772668035041805,-0.0014211007989162099,0.009393155584650849
-0.00039593068564348953,0.013841327390783621,0.0038313018987788773,0.005758893775740135
0.03858097298008709,0.0067554369187899956,0.006472615278865919,0.01726965778957261
0.05475302563927535,0.007630178880687647,0.01122349135842379,0.024535540757230304
0.049487297819275376,-0.016368615013793598,0.007128942732091628,0.013415861763315957
0.019004423444738638,0.007310643090112583,0.0059543937153342785,0.010756475993575083
0.049590641960783166,0.020245991437293564,0.007283340711823044,0.02570663232997522
0.008088626213408008,0.0016217685780522753,-0.0034205504431842515,0.0020966126861438946
-0.03800036262560861,0.015295818185776324,-0.005393452906692497,-0.009365989749509146
-0.012328871886866238,0.013314324540553377,-0.005060189127169722,-0.00135824413291537
-0.00097862589553096,0.009912421107602768,0.002991821097402901,0.003975201461286133
0.026615849411848354,0.014177690939585827,-0.009643906986875825,0.010383200738308332
-0.0015766879902186083,0.011640924653490422,0.003312664339821849,0.004458962542064219
0.019990983531654676,0.0033004079477650166,0.001686584761170313,0.008325983754204588
-0.003700522486817299,0.0034612377824022426,0.01154402588518838,0.0037682432920107143
0.06279065616434897,0.0020662004299346884,0.01180914359145259,0.02555530783991202
-0.01209382793684637,0.010701425623164305,-0.002848506347633339,-0.0014136348068022472
0.0366319160681369,-0.0015782453080483943,-0.0038737036191070725,0.010393311987004763
-0.005725602395672,-0.008004081019720331,0.01625827964027866,0.0008428645654300346
-0.006442317208645389,0.011163054829527121,-0.0075971964500305324,-0.0009588186508966572
0.013273154684806372,0.007757830233743348,-0.013717522304858912,0.002437818433409398
0.026919164773423106,0.0001898567209533392,-0.0021349748030048475,0.008324673905774968
-0.02892864219497829,0.01133895221777736,0.008354315123579535,-0.0030784552060821807
-0.025037180295874577,-0.0041566166690634,-0.015272692942662007,-0.014822148480370025
-0.006442787098913896,0.009806553622192337,-0.007664345817522955,-0.0014335249978884067
0.016027921805585352,0.006355384333397944,0.011223900572304326,0.011202391034693638
-0.013386374589767651,0.01196232044322734,-0.0017809870184906673,-0.0010683459866632711
0.015297161881379591,-0.0009945472978539508,0.00914353071048627,0.007815373949288872
-0.01879142231257112,0.00032773157322634085,-0.0026843433599182454,-0.007049337650409642
0.06164211688467811,-0.007571975451027335,-0.0022032026999128274,0.01728896228893307
-0.04769176762050618,-0.007673874471525092,0.01104324978455137,-0.014774115995029199
-0.016581199618284186,0.013974046812164449,-0.00034293762208113376,-0.0009833624927034809
0.008679562752987804,0.00928043461541908,0.0013772533101329106,0.006445743780429705
0.04759907025544544,0.001232860798896141,0.0057341807922020975,0.018188685760143944
0.036809948578557405,-0.015119344202091538,-0.002397946322103475,0.0064308795872347795
0.02911404451134501,0.015147915806238324,0.008333803076380094,0.01753190359940001
0.012293197576360052,-0.005372686330107141,-0.0019515006785350763,0.001656335199569089
0.04266516205843514,-0.013631245511420595,0.0015179022579662053,0.010183929417720648
0.011536981046140133,-0.0017291521932015076,0.004341220084590322,0.004716344929493337
0.049970819764728634,0.001797873585867013,0.0005355022517227414,0.017434714432707596
-0.013063162961461126,0.00814004078577097,-0.002214161786053454,-0.0023790922748198827
-0.048414594309335306,-0.0026172699241038683,-0.030102185469577027,-0.0270446561896555
-0.03374282161446169,0.0021555853361524845,-0.006535170539159047,-0.012707456231687144
0.03591106198788913,0.011460513534171851,0.0014050056118044946,0.01625884411909478
0.03976592078704599,0.015969053776682392,0.00040231514559846946,0.018712411190679047
-0.00724967613572557,-0.0014795589185598499,0.0039458812058743575,-0.0015944496883524045
0.004777279983222203,0.010590357987835867,0.008664002520898875,0.008010538820105485
0.036769794927143794,-0.0008653790458263104,-0.007041611709691276,0.00962092510294068
0.025241995458410313,0.0026119639716115648,0.008408487515080087,0.012087470227551673
-0.0030663023507933973,-0.004584333335607322,0.013790781824367793,0.0020467133326069783
0.0629122471714463,0.014010297886715773,0.0007612451862640359,0.02589457085354529
0.06014472031691475,0.0065890488253629595,0.012126470461207926,0.02628672024774868
0.023189313650848885,0.008579064778094116,-0.008863578551935102,0.007634925657402673
0.028740915913456424,0.0036475269683662356,0.008748200782208249,0.013712200842462415
0.05699304321585299,0.003202049764215073,0.013900144818193185,0.024698387901007816
0.01633056879376266,0.01575921659872445,0.0176269361235937,0.016572223933119766
-0.019204374759449517,-0.0027884618626205933,-0.015845500258658284,-0.012612766347463838
-0.045665395087371774,0.007281099275959408,-0.003757026011790609,-0.014047093227293717
0.026704671091071077,-0.006281865745434114,-0.001701855696187798,0.006240310309499839
-0.012083348566364165,-0.00013073411156932623,-0.0011066312084660212,-0.0044402335218952085
0.035556008360850606,-0.010068909487579944,-0.01293371778713492,0.004184456177584885
-0.010236681195822698,-0.005913061978115129,0.0069523088154480935,-0.0030658083870184574
-0.04179804744263282,-0.0007585088090631026,0.001895173882698201,-0.013553780569205117
-0.05327395212638126,0.0024851009054612586,-0.010500880623167654,-0.02042989018478527
0.015130960045495703,0.011176940568448122,0.008524321942213984,0.01161072924131175
-0.030380731238075814,0.005038063672324018,-0.012632686327586014,-0.012658438639327972
-0.029783301389522444,0.018986158748503557,-0.006814641030942601,-0.005870588686725938
0.009145837195986505,-0.0024030200996086773,0.0035265989096346343,0.0034231352455321522
0.006356429281372799,-0.014419128438563513,-0.0039869565459986454,-0.004016547884511219
-0.029143426523387268,-0.003535523372461108,-0.01308838128383968,-0.015255761804118959
0.010122976922458216,-0.01592792958394948,-0.00891662701818051,-0.004907188319364031
0.02556328727887314,0.0010679339790422748,-0.0013764453321429351,0.008418250223665517
0.02829803941161253,0.0017556150439584414,0.014396931049730178,0.014816847018238547
0.007910198866309077,0.016102846436479773,-0.005303312299778571,0.006236571431092425
-0.0683049793364006,-0.0005000407575451821,-0.0004037166903850119,-0.02306955585853134
0.027930664655713373,-0.005190381613970436,0.012017704425045956,0.011585984236267142
0.025376493068087685,0.0010544980667527774,-0.008963025387880852,0.005822649426331287
-0.06175787957422132,-0.002303992040830321,-0.007517157067793788,-0.023859652367938914
0.013049573187747718,0.006509388554950316,-4.4842387104604355e-05,0.006504699947158025
0.08270224073550989,0.004064913153963681,0.0058841352474194916,0.030883732161867974
-0.012288552828229177,0.006743592543195437,-0.0040284891455815465,-0.003191146619055285
0.002892293144857585,0.014065400202506167,0.007002967979228846,0.00798687912197709
0.06393877590789866,-0.009005441298917286,0.006543606843395087,0.020492293325145003
0.03368180585091231,-0.004413043350218597,0.001771240770810549,0.010346657410500329
0.03504886452883454,0.017997071861039098,0.01182568590555032,0.021623852474600552
0.029651242964762094,-0.007971356561458993,-0.0005829678951662523,0.007032299137072781
0.026662683459571672,-0.015522356498694632,0.0009750811792731517,0.004038465341580684
0.12216374740891268,0.01171264524325272,0.001085248051002372,0.044987168580509024
0.029116433361372554,0.0017062074421554823,0.005721725066294188,0.012181443108485452
-0.004806726376965935,-0.010395987587896463,0.0014388410206109875,-0.0045879530601261554
-0.01563535686265917,-0.004911989696967855,0.008063415772754122,-0.004161306100980705
0.014371792652326052,0.00845167016342562,-0.010928312793316401,0.003965046042428416
-0.0320629176781115,-0.0072900248083757856,0.019478075755872036,-0.006624948951916173
0.016373831824434634,-0.0011369902227429296,0.005442019772221415,0.006892946898350581
0.03926627951580336,-0.0014766525090583083,0.0025815685636880474,0.013457051733079175
0.014198933742277037,-0.006657877227358893,-0.0084535936285874,-0.00030417873371071447
-0.004491673170322997,-0.01009217737693606,-0.00927862815370765,-0.007954151612829335
0.013918023023109969,-0.020277114437423315,-0.0023929008749203353,-0.0029173278457471307
0.02044172656084805,-0.004206579797356,-0.0044510998539937785,0.003928011708483787
0.05521366417429625,-0.006719202003121989,-0.007578207561872953,0.013638737897682232
-0.07709138762739191,-0.0029105398780844088,0.01188518678494439,-0.022705557534597073
0.04800746360399677,-0.008145511566114164,0.004397915180623803,0.014753274319546397
-0.0230286556253612,-0.006992030654716418,-0.007574645756291866,-0.01253176481367915
0.04569835552577621,0.0017018479077241136,0.005675815565768587,0.017691988641083303
0.018701112429048043,-0.0021193004437017353,0.003468047667091377,0.00668327986752601
0.03320087828659701,-0.0011644649708747934,-0.0001117774937781158,0.010641534632436094
0.0267996587594743,-0.0033563403180451794,-0.005434131847737644,0.00600305619483496
0.01766377239743588,-0.003124483904498339,0.011469771509606609,0.008669677997828048
-0.002432909099333072,-0.0031981650309234645,-0.0032911848586452282,-0.002974083355547592
0.00583129329028583,0.00040949029046391414,0.003326062290553784,0.0031889454348192187
0.013795822176626504,-0.009484581959483878,-0.005241515758384703,-0.00031009153698884534
0.0601123547710889,-0.020309541945642575,-0.006056171520189106,0.011248869186205305
-0.03884725261212002,-0.014924738373448251,0.0001695774834364819,-0.017867453299906095
0.010533495671084072,0.0017723697236108737,-0.008544261931481223,0.00125386656720342
-0.06127901175585305,0.0068560150415870125,-0.0028054862003827935,-0.01907614189538864
0.0004692083659863628,0.003246300115035646,-0.0036239751196974926,3.05110899303849e-05
-0.041413391794670316,-0.009486730958898636,-0.00300292410864967,-0.01796766431972392
0.01706337150189383,-0.006803145859042595,-0.00478418360412613,0.001825345520894355
-0.04788986238562159,-0.004875342757122159,0.005644139026249738,-0.015707006331809298
0.006626926737525435,-0.0030329705032512157,0.009626215783358736,0.004406719599153646
-0.06726466674173354,-0.01685248010733193,-0.0028333376615954256,-0.028983465853392124
-0.016000576489413817,0.0037165698936553497,0.0032337479408880957,-0.003016749868203906
0.03298394262760876,-0.002855386874543211,0.004960219321423721,0.011696246661904731
0.0667674169475987,0.0010118474412251243,0.00825770256368238,0.025345630305179754
0.006893700988275967,0.0012393318732479273,-0.009507510561265956,-0.0004581587750881204
0.02903330560620321,-0.0074407066432954725,-0.000532583392022128,0.007019998170290013
-0.007823882108522294,0.004998903622072228,0.001982402728212139,-0.0002808583052207232
0.07758000767389649,-0.009223771962478457,0.01637279955080218,0.02824298351106165
0.03730297097169942,0.008493846079380618,0.00944234946640892,0.018413037092774146
-0.043752559892763165,0.002633106454641781,-0.011179388284474687,-0.017432929807918118
0.01001289000543723,0.011412400260214655,-0.00010692447975206424,0.007106114822511345
0.013195763349674377,0.010925904364903418,-0.0009737129479887683,0.00771597720621142
0.0017401973167953527,0.0025339223084236196,-0.010006678471621068,-0.0019108510379477498
-0.009881432529800572,0.001706026489669389,0.00629495167666291,-0.0006268174943379698
-0.022347061554877017,0.003030066916182442,0.005166893940520792,-0.004716695516024361
0.031489370199246074,-0.007748208216027994,-0.006955907713809601,0.005595079161384737
-0.007628210573352206,0.00464999759121777,-0.006506225465082444,-0.003161476320926144
-0.025276468797262145,0.009593154499647556,-0.011269325667960557,-0.00898420433764506
0.09576061985844853,0.007092575326615384,0.02004943717864778,0.0409675031536931
-0.037451349576521666,0.0066864097446350055,-0.002385120074954785,-0.01105000891892718
0.018293999412215226,0.014961352012489238,-0.0005451443386736586,0.010903391458607907
-0.02821746895446008,-0.005187556398512252,-0.000996169436710368,-0.011467053462829302
0.04771268817473243,0.007068065995817349,-0.012619879313206982,0.01405361089882265
-0.02314972779411629,0.0012751789208062464,-0.011359690625976585,-0.01107806875501571
-0.04994898996279754,0.013176449238431089,0.0065668442723449075,-0.010068555415441698
-0.015086648523638224,0.01086610959054061,0.00325223318269045,-0.0003227682607004714
0.05559978904592663,0.029206793032451484,0.006060540736495446,0.03028901064925025
0.02366991996421837,-0.004427708410136209,0.0007973266416185648,0.00667983938538751
0.00017618646271287805,0.010647855421768625,0.00012927142770706532,0.0036511007862917518
0.03324652364050498,0.01351662424198999,0.0027015768728826657,0.016488225096884294
0.0009049008716149869,0.006357326638887121,0.00024977059575323577,0.002503996864752412
-0.018713002710553282,0.007848131502939162,-0.008558385693077781,-0.006474412492478334
-0.01482568879517731,-0.002934574060576376,0.0011075893870716468,-0.00555088560533619
-0.016628717635501677,-0.003828345245673654,-0.0017569168483745263,-0.007404652505190042
-0.0743268252170621,0.011065150096402002,-0.004727280142425353,-0.022662962424710064
-0.028144983263656453,-0.003369167079001927,0.0035991140047029082,-0.00930500280763971
-0.0009937873773228508,-0.00852192133636432,-0.010912408950780748,-0.006809365745450085
-0.03896971174788421,-0.007298202613600747,-0.014418403422025206,-0.020228752365730792
-0.016738344480771824,0.002094174994812643,-0.004697504510060728,-0.006447218218115304
0.0638225012986108,0.00912276872648282,0.013455858168624742,0.028800347264196724
-0.0233619771393312,-0.00037720657549170035,0.005478865769955732,-0.006086766561516407
-0.026784205364500276,0.0004345514390668293,-0.006862581558537953,-0.011070734090578637
-0.010910921151495268,-0.005617396225202196,0.003140404686161691,-0.004462633100874361
-0.0249832993022127,0.012874719558367201,-0.0004206857446895408,-0.00417641765308985
0.06534759443083774,-0.0034326227244181775,0.0014557702516005452,0.021123559529092714
-0.011790486946283815,0.009209622491822625,0.01446086421008394,0.003959995958540998
0.0424133560928485,-0.005158963813537585,0.002080365231779773,0.013111572725444392
0.00972577801401018,0.0048393376763917455,-0.0023148857042943104,0.004083405911959209
-0.037943000928159006,0.0027708797835406143,-0.011095324693342484,-0.015422466523505013
0.015541486586775528,-0.002417426319605823,0.007753520645115896,0.006959186678234896
0.022760289997502497,0.005751124113192966,0.004163530937147511,0.010891637457632641
-0.02568536770112287,0.010257824152893823,0.006765998521141495,-0.0028871787885141748
0.017450675874621065,-0.0013859385917986298,0.017168400685328093,0.011077701578337519
0.009834247060564343,-0.007452033880843086,0.004091407153111691,0.0021578712864042046
0.040448856310333195,0.015311183096323622,0.015234571824781851,0.023664846745609144
0.037318999681632756,0.013142518408660247,0.015895746175871642,0.022119065969633457
0.03523987848926465,0.0029965484405490806,0.019662670629256102,0.019299679886657425
0.056804681489141653,0.014078434680584895,0.00543296298428282,0.025438667612643403
0.01131150399503009,0.011565923594903148,-0.003926835505829179,0.006316857711170658
-0.04558599509440504,-0.004422613655700481,0.0007463398485123629,-0.01642073987977475
0.007610873746393847,-0.0041013862935812455,0.006927189238268202,0.0034788887514680374
0.03551803448607121,-0.002508241420491634,0.007311688885922336,0.013440480543339985
-0.045720248410201184,-0.01746013251254355,-0.008261922060699858,-0.023814077180380533
-0.035320220604337274,0.018365162680820984,0.01764146021304709,0.00022880053437616987
0.026641477108931166,0.002233387189033717,0.0064691719911951495,0.011781333648374581
0.007810148983996984,-0.005013759802121297,0.0118897084833869,0.004895360993054974
0.014598558956497155,0.005535658820072871,0.018042954809470414,0.012725711469622617
-0.013112592705598253,-0.018423545731588158,-0.00021403751044952188,-0.010583381399153328
0.04701630578601343,-0.001050085950316161,-0.005013760133616806,0.013650806249873587
0.003863893969269004,0.005579920475093325,-0.010310968138263533,-0.00028905094224917013
0.03066124215025336,-0.018005969121379715,-0.0024326518800624726,0.0034075369753966745
0.010124315308110558,-0.013560947457371702,-0.007164964143852686,-0.0035338618971725126
0.007025216607767624,-0.00661740614560665,-0.004814302616269134,-0.0014688292492053352
0.02698642830565474,0.023022110343957996,0.0030770932760628422,0.017695192946681218
0.03440710302906019,0.0017835272409986512,-0.001716586154091948,0.011491336547307593
-0.06752447317211045,0.004116842851112331,0.009160318051544472,-0.018082419340713793
-0.0036305317413741797,-0.008335956811776233,0.0031589919473581224,-0.002935829266098562
0.07537146910426078,0.003446528353872236,0.004218160770053004,0.027678691730675928
0.039590953832877154,-0.006726865734307838,0.014238126028534168,0.015700722341629784
0.09028311356082026,0.010888785807706315,-5.2669368974876674e-05,0.03370637629344057
0.0012283796110010231,0.004995458297966648,-0.002514976036933951,0.0012362860543906162
-0.01929058444708016,-0.020850225739840196,0.013028028401799683,-0.009037584890779628
0.026313809016334136,0.015399308387311047,0.012288429402248753,0.018000497601449044
-0.049030092195016715,-0.011886535522021686,0.00601438966886083,-0.018300727715313176
0.010411749636423783,0.005785426978790077,0.004164290974348558,0.006787149076031609
0.01402535548141037,-0.007211226402176044,0.0064632449150732185,0.004425786905644517
-0.03036986534504611,-0.005232424073662527,-0.00136467293705032,-0.0123223084629322
-0.023271375829410804,0.01616633815078698,0.006725036704362161,-0.0001266668647535637
0.0018751906325460853,-0.000938893248777553,-0.000493039788794098,0.0001477523839056131
-0.011295139617161679,0.002241982507816242,0.009713073944493401,0.00021997205841037658
-0.011526501204414874,0.0008210632927691691,-0.005585712122969598,-0.005430377914488423
-0.022538673888854444,0.00019341865031796137,-0.006960205111723329,-0.009768477014933153
0.005322452892707764,-0.00606600306656866,0.0029781830413928476,0.0007448768776330279
-0.012731336002426537,-0.0032203144279022333,0.0067607349435454996,-0.003063635431955928
-0.03604843053507086,-0.005144868313779575,-0.008409947286295415,-0.016534398843966572
0.036604215567452116,0.0011371094345413153,0.018888791180773003,0.018876686517550083
-0.00465854140144447,-0.017363334656340965,-0.007250255699616716,-0.009757367495090132
0.01182529910399375,0.0017961015445146504,0.0010935116252613524,0.004904965852952493
0.027747414584345226,0.009853966504076479,0.009851053239201676,0.015817462291729686
-0.0294129369391115,-0.01994016339253179,-0.012252463858485977,-0.02053516752818836
0.014018332075846365,0.004623013796731895,0.012113831700705048,0.010251715606035244
-0.022959498239352526,0.00981400401858377,-0.004601100098672666,-0.005915525524282367
-0.027555432865227398,-0.005407878685512525,0.0028824269805910814,-0.010026951496421422
0.031543129442932354,0.019776519609601494,0.0026484166606202102,0.017989337248362783
-0.017679893681958866,-0.01678004062531288,-0.010328061543684866,-0.01492931702098692
-0.06926887020526597,-0.004737885487278599,-0.016797175272676712,-0.030267946720430105
-0.0020468668286612595,-0.0004905977952319409,-0.01944989863780942,-0.007329113758113119
-0.01706443682789606,-0.01091962449827078,-0.0014252082622423436,-0.009803080059713198
0.005458699623039562,0.0028294312367833103,-3.6294928184428814e-05,0.0027506092266008373
0.041382335606038476,0.008689173088768019,0.0028382830480221236,0.017636579611012292
-0.00011396526279859771,0.00762063368649815,-0.003750899738565167,0.0012519216431219002
-0.020758834976781923,-0.0017225129481432213,-0.00581558142913772,-0.009432300352377836
-0.013187930137111639,0.003941319617465913,0.0016138933482814925,-0.002544236512882354
-0.027900245862193345,0.008053360166385444,-0.007739110331430415,-0.00919532281374743
0.007635669201656335,0.013170967921580836,0.0035616585578559577,0.008122757104265816
0.011170870699026137,0.020545915499180837,0.013041493631267158,0.014919411690398099
0.009801046131960693,-0.009783338071201977,-0.0008416134010277713,-0.00027463483878790524
-0.019778515860148463,-0.009754786429782922,-0.005444585722655994,-0.011659284344899788
0.0022106320275623076,0.010850153388949945,0.014621757808440675,0.009227505180803234
0.0073771573422725945,0.0074517317353087285,0.009639531834265126,0.008156132147808512
0.07342903606384005,0.00389890162436877,0.013721931966742216,0.030349926201693793
0.017464238342284423,0.008292789407133426,0.0012321755417100488,0.008996392100641534
0.06889853590833583,-0.0033001756141402805,0.002444361549831126,0.022680884600434943
0.012127894409882645,0.003187674877111463,0.0024866168789526777,0.00593405612125354
-0.01715307514145775,0.004133532466914902,-0.010064858838703483,-0.007694792809614939
-0.015056677349907975,-0.004605322753326678,-0.0005210621168352787,-0.00672768067900257
-0.031843097365268705,-0.0034366043242872028,0.006202867696864454,-0.00969226830528582
-0.041535259691325065,-0.003552532414859764,-0.009450847785134962,-0.0181795284508933
0.008887776178056628,-0.005816339157060114,-0.013262984474075543,-0.003397179087177192
0.016347902822925555,0.006235752621417153,-0.0032265032714194042,0.006452377605257043
-0.0243439713010083,-0.0014244165921077764,-0.007312092689157883,-0.011026815833931126
-0.015853912584051492,0.003844488577415908,-0.006284736006550898,-0.006098047239675489
0.02631554025915866,-0.004856582397224479,0.007840071896751986,0.009766333486552136
0.018764420202700822,-0.00766851065231243,0.01152649263231916,0.007540793186768456
0.04400306972250171,-0.0034031416161907154,0.008585773459945885,0.016395217460185105
0.006134144736559191,-0.015549281222138719,0.012814174220532368,0.0011330114453050352
-0.008207818767582713,-0.00018535918234093116,0.007769051799706543,-0.00020804184203031712
-0.02497558124726661,0.02142141468268888,0.006847892879699433,0.0010979076737984625
0.0164808553300771,-0.00182919673344978,-0.0007867433109455615,0.0046216338069221576
0.005484888722253613,0.0061971066032837415,0.009016324013837585,0.0068994328803518665
-0.049932095370137715,0.010119492184956192,-0.010134156279430722,-0.016648903172617593
0.002271672549672926,-0.002154629005642314,0.00924570638910889,0.00312091352346319
0.04392278547133278,0.01200719780581455,-0.00975768973659752,0.015390749122752088
-0.04076642729839477,-0.0014434865823443012,-0.006323265361575478,-0.016177710236378432
0.04551156518048001,0.011264507327590682,0.010757440360936822,0.02251114844516488
0.03845988811536643,-0.004575776972345791,0.017603598126132956,0.017162552593814773
0.01408917030657657,0.008192524368543038,0.0074355085608949645,0.009905724506270445
0.04330728931836588,-0.016564473942097126,0.008287438310672378,0.01167673955222915
0.00852919277655336,0.009604305769969257,0.001094803091178969,0.006409427469799982
0.012737815268649429,-0.005043300378110849,0.007753269603355994,0.00514925634870336
0.037194815574342996,-0.008625341935417995,0.0045114641740843005,0.011026968244023829
0.01933412305681851,0.010099988064762718,0.006317314062117144,0.011917129810757729
0.03870142449321423,-0.004140694923151335,-0.007799312927794812,0.008920463293617148
-0.014089262613375994,0.0023672740032542015,-0.004062972097025214,-0.005261648307395434
0.007777937772619788,-0.005288950436809356,-0.010668612788364566,-0.0027265390909762266
0.016457645023617178,0.0075670349073797515,0.003950769832930011,0.009325140596159059
0.025257307918341264,0.01913960970444212,0.0005724169062842578,0.014989763186577704
-0.049568860322993076,-0.0034183631304937115,-0.002135801631165246,-0.018374323320542316
0.012752224153490924,0.002512597492620466,-0.0013111107033159535,0.004651232329694831
-0.01306939547636123,0.002442910742303498,-0.008904834963120693,-0.006510433388619575
-0.006078424024476009,0.02033683432760069,0.01096590764570441,0.008408097574837048
0.04954568571178502,0.005898128491658951,-0.003982539140729763,0.017153741200479713
0.002961570329563678,-0.00818355753565847,0.009731535014774143,0.0015031810997105143
0.05373551333647588,-0.006598350396297769,0.0023452356591833596,0.01649411637232096
0.01848044204551669,-0.004763512329915881,-0.002094694348551377,0.003874074581604688
-0.019973115827737052,0.010176461109601126,-0.0021095966353482536,-0.003968746482410942
-0.0264199812844002,-0.01271025432013273,-0.006166436140567772,-0.015098875482809653
0.09358367561010662,0.004775119198976495,0.008204801167680196,0.035521163137722446
0.011336087610404022,-0.0007143672771142468,-0.0029755471807331305,0.0025487218354611637
-0.024790784446184943,0.006645760766309548,0.011388813240926962,-0.0022520678942459984
-0.04677255715073772,0.009500328357589433,-0.006265736489885491,-0.014512640581689497
-0.010187914866351087,0.011741240930910961,0.0002033909500029407,0.0005855717526152664
-0.03277947415164882,-0.011769576616898975,0.010071158733152771,-0.01149261918583433
-0.0023918858323530253,0.005613547358709774,0.0027990858030104244,0.0020069137695399477
0.008262941264813004,0.0020533235393963793,0.0015233649464048184,0.003946539303661484
0.03434722371221057,0.0028129990367006326,-0.007785512376716045,0.009791560332494929
0.027572663251838745,0.008275171772895044,-0.013045753767412903,0.007600686151746542
-0.022687621245064554,0.01575200659912433,0.010314563234872523,0.00112631506999457
0.044889341714829986,0.003927142200015819,0.008843743116323041,0.019220056456980602
-0.06682322958577688,0.0029589116818055476,-0.0185538715462688,-0.027472702344016896
-0.027576714594540586,0.0016412823267951857,-6.417510953569093e-05,-0.008666527125891237
-0.015643258702621166,0.01914796793895174,0.006649849873891448,0.0033848496518876373
0.016948076946534763,-0.01126584930084122,0.0031774624559076244,0.002953227080637022
0.05650198973105754,-0.00980572453133714,0.0038958120285873393,0.016864008878743505
0.05311487584876405,-0.001127606450910174,0.011636455631519438,0.021207887135216093
0.04403240190151228,-0.005999149105592521,-0.011302921982459246,0.008910101361043234
0.028031720260481237,0.005814921546964497,0.015442061322426148,0.016429551280389584
0.018613901350493827,0.009869899603202741,0.008845119908294336,0.012442961177690013
-0.017546886715211915,-0.004869116427937333,-0.004622968560467098,-0.009012981554881547
-0.0058241619570292315,0.001611903487826249,0.014218143578296224,0.0033352917010693777
-0.033457982849842416,-0.01163536751398565,0.0004992509823872892,-0.014864684929113798
-0.014231749012106335,0.009175184159102017,0.008098096362129605,0.0010138428225312595
-3.295144173358529e-05,-0.012295026724027047,0.0024058372656903543,-0.0033073769926431256
-0.015112446600533416,0.014793427929149176,0.004294806512249445,0.0013252612883591214
0.02179818745457892,0.00012831955607860125,-0.0015274747926338297,0.006799670606330491
0.012770637566609212,-0.0018393512469127636,-0.0029436390581655913,0.0026625464246278654
-0.000831742762571887,0.015720853332935505,-0.0004924080187455912,0.0047988960516384925
-0.018903865126704746,0.007325493975382719,0.012072716088917614,0.00016478148108354948
-0.029531030609862684,-0.005758163651090855,0.020727377378541235,-0.004853934106865142
-0.03756777346431557,0.005722817861448661,0.0063017566693667655,-0.008514391130100402
0.0014147191265719197,0.010064157917384154,-0.004372451500645823,0.002368806145628236
-0.029003534291589975,0.005175344573623355,-0.00022757657823742556,-0.008018580746812583
0.03297415581854049,0.008219366884188754,0.004489483863357407,0.015227653627693362
-0.010319473197978575,0.022364634369181447,0.008252859124297122,0.0067659999991599
0.02696495883374959,-0.0183241108308798,0.019067073025060215,0.009235964440002993
0.014234932192515082,0.015382933222828117,0.007971034198058651,0.012529620674834078
0.010270050831733926,-0.0203016030411566,0.0070045753940052285,-0.0010089912628135432
-0.025142088691861613,0.0031470429845338052,0.00555324934621796,-0.005480593306437829
-0.00435699911215363,0.0024935885045778957,-0.011478844430600734,-0.004447413898640477
-0.030847816849645795,-0.0009015286445546985,-0.0025869208444825723,-0.011445410667472242
0.022371766740671477,0.0071560570523337376,0.007034394919679322,0.012187394050155275
0.060891954767061676,-0.0017169214062597673,-0.004979392904155194,0.01806519542033542
0.07130059048631447,-0.010756020471781624,-0.006113745450444415,0.018143590044421287
0.026537692591098283,-0.013205052586263023,0.012149859307356263,0.008494157943230737
0.05302129543792309,0.012518995862096986,0.001206452848169544,0.02224889246714849
-0.025612592462306762,-0.011268092169722662,-0.01402439071796857,-0.01696834148164088
-0.04283817701991273,0.004599898009040911,0.002250729071558839,-0.011995837983921013
0.04459985250013599,0.003151321328405096,0.0034475527644316937,0.017066225131415397
0.014255231859003441,0.0003361742906812922,-0.006689119704344906,0.002634092847684461
0.0316724607936606,-0.005778993232519724,0.011080686886622084,0.012324705824536172
0.004079849357785713,-0.005569414090078157,0.004754462510351045,0.001088298171053608
-0.023551102669263097,0.010124278229281396,-0.0035109752635890065,-0.005645927588590335
0.026444101449123823,-0.01646627684056531,6.015911036448313e-05,0.0033459912269797588
-0.010823732523293886,0.0006297861965303823,-0.010648051698515813,-0.006947325727760431
-0.05941149119080157,-0.007007053881131723,5.650714484172804e-05,-0.02212065718835121
0.0611151349671661,-0.003450973080569074,2.783156926446941e-05,0.01923064525462268
0.046381125261830636,0.013315819805069825,-0.001991145656834275,0.019235247234755594
0.04513697563909692,0.002329093543474051,0.0009488126681033897,0.016138277811930835
-0.006556081407832896,-0.013546173868140996,-0.006025027043986638,-0.008709085397559402
0.07549937286581875,0.001611608006948844,0.015302469591210455,0.030804452683509193
0.006724346872352453,-0.01345352482404827,-0.00047402972791145024,-0.0024010668254665296
0.06288191973002531,0.0006089536635762184,0.006918517587210581,0.023469773523807042
-0.031103258889144014,-0.01815552867101253,-0.0008585290695424335,-0.016705755504127447
-0.010441573774694558,-0.0050185848707173936,-0.003409310847120483,-0.006289816874354314
0.05066647118782165,0.00067720929059787,0.006748465881113512,0.019364029422462223
0.04258323590309646,-0.012185990771122986,0.006651460222532858,0.012349556101933659
0.04861264108063609,-0.008921578509190594,-0.002379764024140086,0.012437087078668954
0.029160966834777338,-0.007680705877763714,-0.0010308274243741844,0.006816471027735302
-0.057694789079311394,0.010826173306812122,-0.013049265964112036,-0.019972607272909858
0.01328112365133657,-0.003349644785321853,-0.007471100901327247,0.0008201251681031686
0.04724431925213289,0.0037646887558461873,-0.007088165456429409,0.014640266210235705
-0.006860820254413319,0.002026336538431834,0.004774722514046864,-1.992038072447313e-05
0.04891824933029262,-0.00866312809647994,-0.0012532622128747593,0.0130006066730263
-0.020343633800858893,-0.005124561178080016,-0.01204603505827787,-0.01250473084099558
-0.025185529894734087,0.015654622908632735,-0.0063496041106034,-0.005293498405397885
-0.0605425393051398,-0.015968066120723115,0.0075705095286139855,-0.022980008985717677
0.01524486384744123,-0.001236050075224377,0.005181546320802595,0.006396780300886451
0.003880926563471581,0.009416320529145773,-0.003058020074448779,0.0034130722596471858
-0.0034990782403580994,0.012471330177777129,-0.003981264785455985,0.0016636607203252972
-0.009753336141406357,-0.001305206812658412,0.006937722756734124,-0.001373605358836816
0.01674852299147327,0.00491176515468145,0.0067163208889604,0.009458860219502029
0.02969863096593044,0.008646124883280364,0.00047739310270809285,0.012940703376589983
0.011634452555012264,-0.010611195163589281,-0.013898199107824513,-0.004291642947153272
-0.03884909759826128,-0.010857111467356064,0.0067009488327881735,-0.014335072409189646
-0.09787016754243916,-0.016716783465963055,-0.004262478630782654,-0.039616436929918404
0.045238671349718644,0.011020681728035569,0.010213488598476329,0.022157591734462957
0.059625999045786596,0.002559268613255552,-0.012200030643436492,0.016661729010122882
-0.034070718271433036,0.002081639830580333,0.00016002379447625076,-0.010609674272440603
0.026269137398078367,0.01429510861796874,0.017332110181755473,0.019298766100482128
-0.04025647404602647,0.0007672174388576967,0.0036180242543995484,-0.011957065493845623
0.015899070642320077,-0.0034120739313418884,0.006286270755093401,0.00625774956426804
-0.014145928310027419,-0.012589467376707006,-0.0008970015424136237,-0.009210789865583605
0.00238902224693056,0.00841438473870187,-0.0001481591562044356,0.003551745724726721
-0.023954013568301947,0.009871431836552135,0.011578472917822404,-0.0008347021032728648
0.012643768684109857,0.010804409756948784,-0.003643866956547503,0.006601430560066552
-0.019090369629239875,-0.003951167648533104,0.010647719477232684,-0.004131268468907498
0.044112001917428374,0.006982586311197008,0.004991968717705098,0.018695500286591178
0.027648004381241445,0.00046879006498986523,0.004893717703988028,0.011003493046569062
-0.01099593116000438,-0.009149643053171522,-0.014147501264042914,-0.011431013728047779
-0.00797879178250415,0.004778686866209198,0.005207065162013478,0.0006689860795860929
-0.01058783388897253,0.01108864032355917,-0.0033631614409715617,-0.0009541173813433054
-0.01302161747535388,0.0006172953583686656,-0.0018926936154423828,-0.004765667145137288
-0.017302378743577,-0.004735061897192432,-0.006644543585896152,-0.009560651848227119
0.030436806915493088,0.012115683658853592,0.007075571802117158,0.01654267091613382
0.0490384440090806,-0.002087731548691977,0.012501052657273151,0.019817235221965553
0.013774352941625061,0.00033068032337281813,0.017550441843045845,0.010551814484189539
-0.04585285741099837,0.00550686232458044,0.0008108324773135349,-0.013178374357980596
-0.007895338711678216,-0.006098484519122256,0.012360194669449168,-0.0005445423092409139
0.0004250853855276432,-0.003213936770440078,0.004844315853143705,0.000685154137588934
-0.0348941018015222,-0.00975880061921855,-0.0009602509340837563,-0.015204369247223716
0.053330644932986816,0.0040835299863154,0.011843461006026864,0.023085855555897716
-0.005107759258884037,-0.011524510959391823,0.011102770464510978,-0.001843164741421709
0.04221070653810711,-0.007093836469311201,-0.0022711167393358335,0.010948573494568915
-0.027785740924153254,-0.005369262501812551,0.013937267719634095,-0.006405905496198667
-0.0012472207493989499,0.004934577273007425,0.005594647721236053,0.003093998320946761
-0.0067238091911990105,-0.01046962760553017,-0.00022863414054016232,-0.005807351171732801
-0.07670866397863654,-0.0002890232296751835,-0.00515412487722558,-0.02738390997790841
0.022931475479253467,-0.00010809202056155372,0.003676882590199301,0.008833413182875055
-0.005371607685999933,0.001472968067364864,-0.0042591117838616105,-0.0027192477482484256
0.031321185352237546,0.0016749227282102709,0.01220564862972795,0.015067237169473018
-0.04012035057135893,0.002619395698918098,-0.00863827363675935,-0.015379727456657225
0.006590629125099168,-0.019684071696390866,0.001616209835717057,-0.0038257404194473018
-0.01462022758261321,-0.012044407800215646,0.007528618974518869,-0.006378665757431192
0.04081743516859766,0.006444821065315242,0.0010652567476844956,0.016109154884694804
-0.015825155224033903,-0.0031773097440627013,0.0044106341367236256,-0.0048639387465140484
0.020508306836086895,-0.01036777285758703,-0.002704657856049015,0.0024786228955249088
-0.01898601346708725,-0.01303811782845743,0.0034565359859606757,-0.009522522247329565
-0.008623493435148065,-0.01118251378764964,0.009839412989899217,-0.003322194755434751
-0.013776336843943308,0.004925844983143442,0.006143270475431168,-0.0009024062260491044
0.0033737924072796536,0.019524542291179104,0.011631314709461077,0.011509871626090143
0.0005149184396316848,-0.00729593571323244,-0.008286017694782207,-0.005022339967115997
0.052104976039207676,-0.00040786626875265696,0.006554039169275218,0.019417030229527097
0.0008728271158362473,0.003240161302053597,-0.0069281998696751924,-0.0009384028788579653
0.007313791640742198,0.000969241729545379,0.009919817252861214,0.006067610806766056
-0.009715971097122049,-0.001800000119209136,0.013110572772481038,0.0005315333205160992
0.012473097360863173,-0.0033836311083421766,-0.0013926538039897352,0.002565601583906271
-0.049386586612369145,-0.001798074301528917,-0.0022984103516244777,-0.017827672594150423
0.007538688880726275,-0.004007062965784067,0.009111451347638294,0.0042143548731677465
-0.02467177873033798,-0.00476276943855822,0.010914432086605497,-0.006173365854058206
-0.024430097232886777,0.007278813635083723,-0.009493870932491889,-0.008881709295046803
0.016807236057093448,-0.004029596603373807,0.00480464829382072,0.005860756721750871
-0.04087828309894794,0.009970486512268251,-0.0018986597762782912,-0.010935474518833872
0.04123008056236024,0.014795847938166611,0.0033888533509262423,0.019804907478890414
-0.00766866204837546,-0.003715473085179205,-0.009059235226667565,-0.006814449972283957
0.028736873679877394,0.016016659467618773,0.009880297827436045,0.018211258780367078
0.027727347205920544,-0.013907032547508844,0.00029361076594332843,0.004704637103476536
0.009344271928493911,0.010234161751127416,-0.007255367100842446,0.004107684751904101
0.047747622985821934,0.009043301492571314,0.0010786529578084051,0.019289839855541405
0.03574099004597769,-0.0029851198456035187,0.005680120123157516,0.012811983962513786
0.019928961492011458,-0.010805939688156163,-0.016451347228904335,-0.0024427726989078714
0.001694290720467484,0.003950897252195845,-0.0024300330122258946,0.0010717172484274913
0.026123130533361717,0.001963367928720375,0.0009527524513431228,0.009679740624724768
0.016234616211806916,0.016358187012934695,-0.005558667545652082,0.009011369548317948
0.012682574941029026,0.004893529046818542,0.0014482883761626378,0.0063414577798726135
0.006809423667835511,0.005800627668353127,0.0013015936384753366,0.004637210354339666
0.03211766651306154,-0.009438021990208321,-0.007549400531166416,0.005043409620480938
0.01544093429487906,0.009135524264224601,-0.001199298769765345,0.007792378804059508
0.0027933735507693624,0.002749455398558769,-0.0020716722422803578,0.0011570510786303554
0.01211514509633991,0.006024601694944937,0.006669623671344712,0.0082697818844197
-0.06367596291430383,0.005293514905124754,0.0017010836762387754,-0.01889376921719199
0.001987637170038622,-0.006874422512019784,0.0036472515927531016,-0.00041317750323143686
-0.003042119169615869,0.00199164297693234,-0.002507694228917996,-0.001186055621143701
0.028719366259691265,0.005569973783357982,-0.006104453096665999,0.009394952920498767
0.023130536409625896,-0.00847209768738948,-0.0004851615897364734,0.004724420986407603
-0.024716491645665504,-0.012157963983923017,-0.007004276260202372,-0.014626229337019668
-0.003060121828118861,0.005216053369006434,-0.004366763433297342,-0.0007369432271926254
0.03459011084505502,-0.006195527527960645,0.0019497638550566596,0.01011477227593462
-0.05559152123520341,-0.0073074542223000635,-0.011568647807721415,-0.024822516265867206
-0.024436185915346853,-0.0006464549645872189,0.008543139661452747,-0.005513161559660035
0.01904970518227478,0.012183480039158739,-0.00029327751477733793,0.010313292255582824
0.02741455438526797,0.010018213220969284,0.0012171693502845134,0.01288329943552827
-0.022903651330645737,-0.011879876370832364,-0.01610454714566613,-0.016962674653023126
-0.03784085203496186,0.0027315152849336846,0.0019580005856048525,-0.01105043433769572
0.058105751046308766,0.0029590058108073984,-0.011097780281313429,0.01665564220294205
-0.006690903386107932,-0.0022787429460181577,0.0007365389494742055,-0.0027443663831815002
0.027316541461341444,-0.004365439797373794,0.003657797717598413,0.00886962425755556
0.010585442743624076,-0.004595266413027035,-0.0013816365110807913,0.00153617840365881
-0.013833397126960151,0.0007286906007956834,0.001623280231044784,-0.00382713827123113
-0.014817665980970035,0.006815251126340444,-0.00789468608014192,-0.005299028345890192
-0.0050861672573576325,-0.010473379047700149,-0.0013325968397249893,-0.005630708750879875
-0.007201083518688818,-0.0011697686476401874,0.005544052507447694,-0.0009422656106938843
0.008773904165125995,0.0018244137753414711,0.010589660356099331,0.0070626523695295
0.020545150423969382,-0.009320856899301986,0.0071789647360008865,0.006134413285803341
-0.015496204901735346,0.010766615340873595,0.0037153338776415167,-0.0003380848896548503
0.009691335939327445,0.0047249287029632525,0.003947356676374449,0.006121200985014608
-0.021602275416031557,0.004369886783935189,-0.0006352920771176755,-0.005955887613844445
0.01188726026389206,-0.008336936584616678,-0.003994882977239265,-0.0001481862844681954
0.042532201987647636,0.014244864097502643,0.011264889659724043,0.02268062923430619
0.02895071317276991,-0.000836026496838499,-0.00884401222478916,0.006423551726822599
0.02009268402764738,0.011369865821296263,0.009406514615664054,0.013623007865181077
-0.016945297641494043,8.397599105067514e-05,-0.009327922706306455,-0.008729739389168488
0.0284235212539918,0.00378922186404392,-0.010039669497823069,0.007391017149046344
0.012017602628950718,-0.011548210477181532,-0.004555394126822569,-0.001361999296350469
0.05163209782876934,0.008845590166359177,0.0017937718243718095,0.0207571325160135
-0.06541725625142035,-0.017318603755529613,-0.00407421454534827,-0.028936662580741228
0.01558646897477859,-0.006258641918972375,-0.010076026859299385,-0.00024939968509778897
-0.03092987856734154,-0.0077719577116835015,-0.005549263780831504,-0.014750351936252161
-0.03310340237059792,0.006817271473712417,-0.009264497735714413,-0.011850197693990426
-0.02852569780323774,-0.0010268885632428375,0.003183781360855167,-0.008789592878940135
-0.05578715751292776,0.005611698245437876,-0.00203868445969925,-0.017404697171015136
-0.046775722695218895,-0.004559433906008358,-0.009756000860458584,-0.020363698790176125
0.03443990250625107,0.007979509958903511,-0.0004489856511262441,0.013990128281200508
-0.0043309604946247405,-0.0009185162169323698,0.0020982358434151966,-0.0010504125723003485
0.03152094269576275,0.007440308465893325,-0.011467542892243448,0.009164560258568119
-0.00010258670081602674,-0.005711677756708616,-0.013185218065549032,-0.006333154507863717
-0.012840135922406463,0.0033652957100878365,0.007393996475689127,-0.000693613885261921
-0.0015408977270268023,-0.003066421409338438,-0.00026003664373497565,-0.001622450304248145
-0.03910692917392947,-0.0015922660313176331,-0.00823160570947882,-0.016310250661308336
4.061037021182209e-06,0.003323440315100619,0.002993645668870042,0.002107046899948274
0.016635441449432173,0.006310505365153364,0.005416866824592127,0.009454261758788008
0.0022982797359462977,-0.007333989859571663,-0.005484109836633978,-0.0035066031468131277
0.06811467335881619,0.009820957465874315,-0.004879192955786328,0.024352121604155435
-0.010356837652808015,0.017186387708012944,-0.001790846255021585,0.0016795662538265147
0.016340656717400797,-0.009326607248662072,-0.010679097444572206,-0.0012216814369285017
0.0026602184030621256,-0.008157244052615524,0.009571290498264776,0.0013580869248155096
-0.021619367320454903,-0.011588258809978826,0.0018076006302177204,-0.010466664700063502
0.042386341038660263,-0.003528790204195879,0.008585720108090595,0.01581440783309468
0.034492330708880775,0.008591359833545602,-0.0007419643968257206,0.014113894601291505
-0.021470411673330622,0.0014417136891398028,-0.0029210230697711446,-0.007649899368080303
0.04515307854029175,0.003894207046325861,6.999383732951472e-05,0.016372410102222568
-0.005039035473212872,0.009751777555761858,0.0051958575701000626,0.003302863248016465
0.017655561334474067,0.015215037013176178,-0.003546886951182072,0.009774560690918926
0.04140317920676727,0.00317804665331991,0.005136781705682863,0.016572652615920825
-0.004828769404714311,-0.00017501394186232643,-0.006038527021734146,-0.003680766442000138
-0.03122764649524008,0.002342398123142456,0.003044037325823771,-0.008613728401687601
0.00901863109113206,-0.0017994644944110305,-0.001398973211062613,0.0019400625218216768
-0.009661896638137152,-0.001729360026416429,0.005789474462975019,-0.001867258866598787
0.029560008053042496,0.019059061641583882,0.001466189564763705,0.016695069724710274
-0.03128177405208022,0.0008216805626904011,-0.0004159077765364973,-0.010291990129975018
0.03802731027950548,0.003754378672548797,-0.00409456755336692,0.012562361237188653
0.031419557715083625,0.003731185130400383,0.007349381452198123,0.014166693932519278
-0.013477431559655969,-0.000560509652096925,-0.01341096539255998,-0.009149626385135423
0.004228025870047464,0.006399765263065194,-0.009294033376696365,0.0004445854742195119
0.0025858503559995647,0.0014704874795028857,0.005283911300719441,0.0031134132653242515
0.00015691407845657042,0.0028722860927166095,0.009001422022271352,0.004010203387607446
0.07609397701291017,0.007839844145745317,-0.006231516667224097,0.025900742263042297
0.033766086615128914,0.00037501921726109543,-0.007639594474471942,0.008833828285468904
0.05121385949761356,-0.014775791896604436,-0.01288194916332396,0.007852031627188909
-0.04985457634802658,0.0020764306018276296,-0.0060687819386283735,-0.017948957945966543
-0.013806359723304532,-0.008190696606805636,-0.012692134183425801,-0.011563051941448485
0.02022270473788231,-0.006828000964629846,0.001477583618414779,0.0049574241731266165
-0.0327869699887673,-0.009421233200686179,0.009553037158013327,-0.010885044458758042
-0.0023812786501710846,-0.0021999358451076246,0.0020851134539487323,-0.0008320328484096452
0.008337593864378993,-0.007030521387364957,0.00026411225445751,0.0005237277200956051
-0.02183527906024189,-0.009179656534790151,-0.0008323193141447764,-0.010615741020640636
-0.013029288399402952,0.01030464473299837,-0.0009698947222996743,-0.0012315115647219556
-0.022378793352174856,-0.007091771325198771,-0.019224785212583913,-0.016231767064869215
0.022217206823990688,0.003304323008603616,-0.0040689544865060885,0.007150851297837624
0.029604107144590785,-0.006777444606193771,0.012516920507748754,0.011781182567520906
0.06894911061537265,0.002730705201217601,0.009419903666932825,0.027033212794601198
-0.0224397987197874,-0.007342869999075463,0.010578783144152669,-0.006401288790274874
0.0033821609072703573,-0.008816440227304148,-0.007837081256294873,-0.0044237824349893625
0.0006179230726401264,0.008612132730209148,0.010958374411600644,0.006729470008673234
0.007637989082069561,-0.001426439724906609,-0.0021449522535290162,0.0013555310123456105
-0.014936871329265605,-0.0006016052253776664,-0.008722178836118814,-0.008086877043368898
0.03347258508897858,2.8511195155901583e-05,0.007833354521794553,0.013778136490492742
-0.05717705729450785,-0.006185373786341191,0.002794965336249444,-0.020189135059044617
0.05631896657892239,-0.01662308394884521,0.0026162681013244676,0.014104036139750304
0.005449138663163916,0.005048440890895136,-0.006288122491093118,0.0014031509511696237
0.03133216280008886,-0.0122635241181629,-0.010174611429071941,0.002964672786275589
0.03628348581296591,0.01071809118587454,-0.003033680644713943,0.014655950795410051
0.0037050894139273993,-0.006997346498832651,-0.006852555933137005,-0.0033816009577430795
0.04806338629924564,-0.000430285491520515,0.002777307746013747,0.01680345271444344
-0.029123089643786928,0.004361560896021442,-0.0018153195768333512,-0.008858940582583503
0.00849128675976466,0.001098307381826175,-0.001795581861085296,0.002598001495497753
0.0207973379002164,0.01843974638777509,0.003995812749038288,0.014410951268044246
-0.019126813938725985,-0.005949603772724846,-0.006734128067368195,-0.010603504656091082
-0.03807107906177992,0.003299401816591469,-0.011461336513366355,-0.01541098917518035
0.05765949052911931,-0.007245288303190909,-0.001727050362157171,0.016229034392206455
0.04188848176719136,0.02206353149326969,0.008000653842992724,0.023984198383595556
-0.009529228397533188,0.009046588261451348,-0.00528465240116302,-0.001922428923317441
0.0223979835303493,-0.005757087966989514,-0.011569611586706538,0.0016904263017897567
0.024555961520132175,-0.01035416903828481,0.0020994880219081455,0.0054337547341583355
-0.002670250156572834,0.005981127892337133,0.0027509503601379623,0.0020206073446913885
0.020928266616754447,0.011330442703366783,-0.002791308877532348,0.009822456991729478
-0.02211275856174364,-0.00031243045295259377,0.0015207246710980502,-0.0069681478130446135
-0.001160264749003955,-0.0025298233815752684,-0.0026186601332323332,-0.0021029139850210978
0.01927412409849536,0.011781553610150345,-0.005422139700998493,0.008544504124703069
0.040296128239225,0.009011566529358556,-0.00669167452680601,0.014205325875252433
0.048575134934532596,-0.007551779493081917,0.002427293527304059,0.014483535172701923
0.019819985975289747,-0.01393774596464131,-0.01682468080021551,-0.0036474766157087606
-0.028540766947473557,-0.0012825369807422052,0.004568278155417436,-0.008418333505924183
-0.0009852144116535995,0.016302716416650525,0.0072086515035809685,0.007508710327474795
-0.009268321638891911,0.013972850668343577,0.0207690385570542,0.00849118070431276
-0.00582615042005229,-0.0022489024909732717,-0.010156541040354567,-0.0060771919065953925
-0.018534394712925614,-0.009869786418441572,-0.002299151945344432,-0.010234434124459513
0.0034279398273636,0.008885259215381195,0.002208735016298255,0.004840639845702997
0.020647143941386482,-0.001495940805069938,-0.005708724529432744,0.0044808217214683975
-0.015113392304438367,0.008032329977866511,0.0003857270717737423,-0.002231776186487619
-0.01711073368976031,0.004437539980811037,0.006303277624350156,-0.0021233032382276776
-0.015092736603855184,-0.0005379968053377584,0.008709864156174724,-0.0023069541107163215
0.000648001232479913,-0.013478984447823165,0.009972645649962508,-0.000952778235681059
0.011822696359486198,-0.0029151671694465702,-0.005060104080894532,0.0012824737539066623
0.03738091161786413,0.006852658899964517,-0.005728959665043,0.012834857449391597
0.03429031193685006,-0.0021672842542987546,-0.0024077957171146133,0.009905067416734909
-0.02023083189248764,-0.007348740969738024,0.011436622613304638,-0.005380978035323592
-0.013203304088609005,-0.010322492171040466,-0.0009431620171631409,-0.008156311269284778
-0.006400829115293485,-0.0112651482777474,0.0012789248092823198,-0.005462345398901993
-0.003501473157761516,-0.0026586463546409153,0.0035951818137874834,-0.0008549783778924165
0.0242346471849429,0.003629133703223732,0.01479031966273225,0.014218019298932776
-0.05706346319046538,0.008714302220700743,-0.005210956112237703,-0.017853354507295086
-0.03360356322142434,-0.006642215936274009,0.0013925542962933692,-0.012951062002726705
-0.025844635119182977,0.0010841209175845648,0.0019355808469436395,-0.0076083035099071385
-0.005255088810682793,0.006959236290566225,0.005254495009012898,0.0023195451767512804
-0.036855302198090516,0.0020436456272605046,0.00018543425035566908,-0.011542062564750674
-0.0036768306635485194,0.0011589973734567906,0.006121143001861444,0.0012011020361533346
0.025796713463579136,-0.011705653625610272,0.002740295268236305,0.005610446091616687
0.03447361140389989,-0.013389100904125279,-0.001053994185460213,0.006676832094599359
0.02713791090826287,-0.009378334291990517,0.0026234722272504693,0.006794342820157993
0.06045244411336617,0.0060111194009002476,0.008629909536867809,0.025031132652553724
0.07333413920291525,0.0014676656217742661,0.006753392362989373,0.027185038544160565
0.04187975589209324,-0.0005837623285458732,0.0028530219225444803,0.014716323779025452
0.042069480547707816,-0.008287752231782429,0.006713158260889128,0.013498282027309313
0.012415534616824927,0.000735715477713678,0.007346823664155044,0.00683268442020663
0.008843661756584723,0.01604914113551022,0.010877618912010995,0.011923462011228046
0.028962693862692034,0.0009086847588646915,0.014332189918039497,0.014734508112009227
0.007557460801203349,-0.000540803293004815,0.004826586292452972,0.003947743985802568
-0.013316849085483883,0.008237961204359849,0.0022039195832205096,-0.0009583218076450753
0.002267653717893654,-0.002416329435780192,0.0020265903313910175,0.0006259709118632887
-0.08130074246509826,0.00584819113859943,0.0055634471185717176,-0.023296344772940968
-0.034370846070167625,-0.002847460215368518,-0.007962638392223258,-0.015060299832271574
-0.05116670583115327,0.019693716155526498,-0.000891554899006185,-0.010788170736696127
-0.03535859836894505,-0.0013826102438027799,0.010668227831702844,-0.008690984902688069
0.05211183422187848,0.01290740371529541,0.004130393851246477,0.023049854212929523
-0.009965040493606603,0.0035034912368601353,-0.0028219396515194364,-0.0030944932082589984
-0.04168119009609191,-0.012375741988875975,-0.010039590613003298,-0.02136548620048283
0.05771055753918361,0.019967915961086796,0.013319623036024008,0.030332668512732627
-0.017740572256616117,-0.00023853858892493069,-0.0012976336198776283,-0.006425575062891403
0.029062388637891987,-0.00858216085888473,0.012596073731648443,0.011025422811451396
0.0756037928924068,0.005866772258324547,-0.0005891940726698431,0.026960430065563475
0.051018404960706906,0.010647888462367219,0.010585948441457181,0.024084056537429812
-0.00900988001653846,-0.012133891555341326,-0.004534064276329044,-0.008559270056790993
0.060859619877713766,0.00792200937581086,-0.004088522890645782,0.021564347223257493
0.04269508605392408,-0.0036946698545184636,0.003256675646400411,0.01408568319623806
-0.01609100830131047,0.0011437723269886843,0.0062741771482388,-0.0028910167176747197
0.017185640855493248,-0.009362083438475239,0.0008090855399815034,0.0028775447747855184
0.010246079390732908,-0.0008836960894065044,0.0006028035021837604,0.0033217256127744533
-0.04812832469491277,-0.0028085933225563157,-0.0035497669796891733,-0.018162210170157754
0.01124004541715393,-0.008140075181634754,0.0038332076441948575,0.0023110569821787183
0.012168240128590956,0.013153714523906002,-0.0012119558502172094,0.008036658230760316
0.010126550528000006,-0.009982707071500905,-0.004657313676508092,-0.0015044885688462568
0.0212170141393392,0.012251726823390175,0.018517243875491723,0.017328644284078754
-0.015037937658498653,-0.009120079620619668,0.00391247595940241,-0.0067485070247248645
0.008167418392767528,-0.0037901985696895935,0.011565199735299991,0.005314134538652789
-0.00248383966527007,-0.006758778415082486,0.004820214012252152,-0.0014741332152321117
-0.017422203751564686,0.0013050263061392725,-0.0004063467668961201,-0.005507835896265774
-0.021891099879890585,-0.009676803503702229,0.004955132487200349,-0.008870914761207188
-0.013939202572083899,-0.0037077986868383895,-0.005384091855855377,-0.007677023361228183
0.022861184351556756,-0.003936709345328217,-0.004252214541698041,0.004890748597423345
0.0042111696164958265,-0.01424598587015999,0.005278532110805381,-0.0015854264621915461
-0.006414367347025076,0.0032739166189513173,0.00027449290462722804,-0.0009553183191629024
-0.024429898672881215,0.001701562460431487,-0.004923395717735493,-0.00921723475948443
-0.03559365037126655,-0.0004159184432144283,-0.006545029155478842,-0.014184851805120616
-0.01118877749793302,-0.005362287192606997,-0.010364697337325035,-0.00897191170403434
0.009621219993030812,0.0017859534741532226,0.005352695247569971,0.005586617318295097
-0.016630616063052203,0.008753085554039622,-0.009377786673534444,-0.0057517666424099475
-0.030598367279534213,0.008611846173452628,0.003963361368690229,-0.006007713904743873
0.007072218646027991,-0.0049097783131608974,0.012396402712126619,0.004852942828716889
-0.09610915153660189,0.009338359215544823,0.005983823525929757,-0.026928962669386172
0.008562694453401859,-0.010612036530116335,0.004766276054186993,0.0009056437535128464
-0.04169183603017482,-0.0006486701134475202,-0.009526973261399474,-0.017289142512514136
-0.026442108020547746,-0.000520238552110594,-0.0032503151755954077,-0.010070877178530667
0.01862464115679325,-0.01167115651611564,0.010207286447753422,0.005720251309219981
0.042588633720578695,-0.002569885456830133,-0.0009087515928322587,0.013036652520306544
0.05137585623692413,0.002922773341447437,-0.002054853890700534,0.017414574481298448
0.054612768996963566,0.011453073766233644,-0.000263721888690878,0.02193401835746182
0.023943501580995438,0.013604231533672094,0.003769018419053164,0.013772236738989719
0.02644813186071549,-0.0034340634756482107,0.0055855895420089605,0.009533209775806104
-0.004978205910402848,0.0031586572284917525,-0.0008035812208629809,-0.0008743757598813913
0.029866910885143715,0.006516712979482443,0.010376067996109281,0.015586548367014527
0.06051958011764984,0.0037906338295129655,0.002942526843812438,0.02241755784607815
-0.01661647978157388,0.012274580504747659,0.004087859793705226,-8.467974302717046e-05
-0.008071535825824323,0.019443817510511052,-0.0015077358862706672,0.0032881786446234216
0.006567073076120731,-0.004086196401923962,0.0008078423696866345,0.0010962385850547863
-0.014513369281023494,0.0135676505469863,-0.008237197318179302,-0.0030609689564334813
0.0005157962471404242,0.01336811001351733,-0.0015489414950123708,0.004111650810226873
-0.02641484967569966,-0.0002525001109701443,-0.005849523693581993,-0.010838946987792772
0.026232565851694624,-0.00453628338642725,0.0020814057706859523,0.00792588815275503
0.041061168301928797,0.013429235597570179,0.023142146950820376,0.0258774910725895
0.04260907428315599,-0.0066871630924506195,0.012774741635035242,0.016232201376362596
-0.0009971304684342967,0.00942455072943149,-0.007633887210268992,0.0002645107523983834
0.04960937500156961,-0.005050637413009706,0.013327721255911452,0.01929546698600417
0.015688019559062818,0.003948749297217878,0.00850669946286511,0.009381146725225829
0.02575667512682315,-0.0011475992257935132,0.0019352405027955285,0.008848096619836253
0.015927233759823568,-0.0034408531658055136,0.014386935015265587,0.008957762911989344
-0.015238441439487046,-0.006740881112615812,-0.010405182110040025,-0.010794824092546073
-0.03110534499826346,-0.0017862247559452741,-0.014228983148659495,-0.015706835260771775
-0.013604300854680444,0.00864856046232024,-0.009660032088282755,-0.004871919288290159
-0.0005822497724594536,-0.004413626371264961,-3.4587958482610107e-07,-0.001665405675695739
0.0057545807430606066,-0.0028690993655615996,0.019658843374948963,0.007514767402707739
0.04212155751553986,-0.00573844971854999,0.001019360308862214,0.012467476901127992
0.031686494045796355,0.005520900713970152,-0.006816340722487279,0.010130341215408397
0.023370236241939818,0.0056942560772098956,-0.008538234504512635,0.00684207909612642
-0.012769067990958026,0.01227044792024651,-0.007505069218327165,-0.0026678937617831307
0.040271819810761604,-0.011699682193262399,-0.017407577048010336,0.0037215164683094336
-0.010873919509859,0.007632280232764104,-0.0002124601585489121,-0.0011513653271814576
-0.015567542730935868,-0.0027828338535348636,-0.0070342461922573915,-0.008461532464035115
0.047449216175870584,-0.004855761238318795,0.006009769537467444,0.016201058623931584
0.01306093472357461,-0.00164975542777057,-0.0029661228872159746,0.0028150159878438854
0.029994955285669988,2.986553092145525e-05,0.006486022456837279,0.012170268920861817
-0.0060123796302032195,-0.0019227998588309861,-0.006776053275687961,-0.004903739351163134
-0.04788547309725785,0.0025217759591761816,-0.002504472469742892,-0.015956040579884985
0.04581696864661454,0.002116821249120299,0.008334584746067639,0.018756106124475945
-0.020761803762168025,-0.014660109949176173,-0.002058965571488641,-0.012493613933984519
-0.005444552834777442,0.00598931863980849,-0.003007065112145079,-0.0008207656149382413
-0.027076027211977143,-0.005443935566679879,-0.011926556266249557,-0.014815491532795844
-0.019194912047192394,-0.002565635647297581,-0.010673800959621883,-0.010811438739921067
-0.013488532950946305,0.01553828929783295,-0.014232527735083144,-0.004060919735141703
0.008790635400155337,-0.0010596693620416472,-0.00033667973497531986,0.0024647596362840224
-0.08928541342235785,-0.005462686170530566,-0.005849812161357826,-0.03353260371877816
-0.011074382311176011,0.0016333427736355593,0.007884926888638451,-0.0005187036975964505
-0.007835706036022232,-0.0006736729494719701,-0.005321833213053368,-0.004610399455778457
0.05373917962193607,0.005610936188937274,0.008099469721728796,0.022483172694338867
0.01807183577487993,-0.000788475013255163,-0.0006158956290514689,0.005555816155036055
-0.011032259503241689,0.008130514413109337,0.004348806632236033,0.0004823533650140463
0.023561342103177594,0.014805441541951908,0.006049023912645496,0.014805254380655813
-0.04702316096468452,0.011449300213680513,0.002785830574155839,-0.01092933246293933
-0.021121652489223552,-0.018321245080496325,-0.011623064636856596,-0.017021970380204754
0.022876191827534913,0.008202132780639594,0.014103028500104914,0.015060435975642104
0.032155874404725796,0.009475723864244319,-0.009003382759173487,0.010876060960527038
-0.025019856440991733,-0.012182140602939645,0.0012296069333266261,-0.011990784712738213
0.05641901360752923,0.0013339148483637285,-0.009117121927956079,0.016211919297376785
0.0015192983058888985,-0.0019201858913056782,0.002334240225131225,0.0006444502354539351
-0.013026343319209262,0.005441145598298198,-0.01418003030459313,-0.00725506875342539
-0.013452369659849452,0.0017575067419784486,-0.007012655247210474,-0.006235833152521104
0.05442524229387908,-0.014273717190461227,0.008425458392748272,0.016192311639727543
-0.01863882356084682,0.012440867376068714,-0.0164052069650273,-0.007534380182214084
-0.02099076578235038,-0.0021255165543666485,-0.004650061464151057,-0.009255438678174762
-0.032669768853912116,-0.007992900526178758,-0.003092830289254764,-0.01458515197128199
0.00203303232724046,-0.0015573132183032703,0.005486906135460001,0.0019875397605906486
0.03179625384503633,0.00024031288260389233,-0.004953879561810185,0.009027553361047623
-0.03929625623893962,-0.0032189859212645605,-0.008707913951243247,-0.017074368296097105
-0.00021133745588027952,0.003949063526033349,0.014049916860265882,0.00592920838092534
-0.04946346368021231,-0.010765920621194868,0.006002352481991451,-0.0180756591974613
-0.001657059199971341,-0.009164019151294136,0.006839000575817315,-0.0013273579311234621
0.003253569851813483,-0.002358977420000707,0.007313392462801611,0.0027359922288764976
-0.01689261682841838,0.012301265358650407,-0.013683408780428744,-0.006091580658478823
0.008593517067929385,0.021322504666366728,0.0008813537455645334,0.010265781560828387
0.0311328577168179,0.004160388809563484,0.010522819788793198,0.01527200683303609
-0.030201160953328376,-0.006222782842225553,0.001401485923830176,-0.011674140949755293
-0.01895031264792066,0.02136475072099108,0.007299771033436764,0.00323806646409936
0.062744873762982,0.0034426187821275695,-0.011343793691752539,0.01828121466988606
0.010015424742309766,-0.0008799457938860831,-0.008294008041348892,0.00028049002186796126
-0.02763360053842035,-0.00547653082311872,-0.0001974905499520195,-0.01110252953462306
-0.019391253714801517,0.0027373204055051227,0.0015054919598341313,-0.005049475400340305
0.003398732363523453,0.0025562057165696974,-0.003823341339448227,0.0007105315363493942
0.0436867461886822,0.005694856805475742,0.0020671753055422244,0.017149575616973955
0.028190148572741262,-0.002837236787544283,-0.008348719397333757,0.0056680584612236115
0.00913179342539289,-0.01148192304622595,0.004089503549813096,0.0005797907298687022
-0.03655243688759708,0.0025911528727728546,0.005509640902662807,-0.009483871553506102
0.0378096291060393,0.004464043299458647,0.0029488456313454263,0.015074157604775111
0.02213244846394298,0.005583001209965368,-0.00011161204688452347,0.009201270007728732
0.035718163049933464,-0.0052555873713993565,-0.0007912883979506466,0.009890419203098726
-0.0030320480504100245,-0.0010245022768905353,0.0003249105430054056,-0.0012438786842184568
-0.0003190621634698641,-0.0005102167981804372,0.011696291462226335,0.003622333877854511
-0.020991151038704775,0.0010365230968325159,-0.004061482262983524,-0.008005362062915192
0.0068281398925448674,-0.006698950042387613,0.010495542539135283,0.003541573921520049
0.047710800806812635,-0.0066711355966559095,0.009991255107337555,0.017010289762191322
0.051955402517343034,0.006350286189216081,-0.0026164836851061183,0.01856304977741599
-0.010608351794762782,0.003707770346932407,0.00012442014678251255,-0.002258718174962187
0.016978542276792238,-0.005681224717289063,0.0012284938453687828,0.004175266293020184
-0.004212396323668549,-0.0023833043371360935,0.0039306176841823765,-0.0008883601038464297
0.013232714962147328,-0.010326975188825749,-0.012548086417745418,-0.0032141123340257314
0.05939624260363517,0.02309846713376179,-0.004145715917594068,0.026116305156936356
-0.018628172861094874,-0.007773571520474974,0.006180288686076219,-0.006740478491345977
0.037967899839878215,-0.004872475494746551,0.0014211076311243906,0.011505499153241358
-0.001341737109433872,-0.0028001881753430304,-0.006781308852879274,-0.0036410744048073463
-0.07949483060945038,-0.011554416098374577,-0.012994762184968802,-0.03468130161626162
0.038637065472345224,0.0019308257536232117,0.004999667671852309,0.015189171110087283
-0.03172177971321652,0.008960014573454935,0.004139385738996583,-0.0062074535927952
0.053192879015243735,-0.0013879519708088358,0.0023177800907696134,0.018040884337499126
-0.06056782630196728,0.008554102012554663,0.010989606288507744,-0.013674692325595626
0.05872685140288462,0.017918635582349244,-0.002857689696701186,0.024595907833578463
-0.004619722173394514,0.014015096686426802,-0.005524263995876308,0.0012903688820151541
-0.002937153484203096,-0.003441115323894807,-0.00068617804159816,-0.0023548132617497376
0.009463937411037963,-0.01513271113412814,-0.0034101506624600697,-0.00302630510220862
-0.02210796929853954,0.0016442207907342043,-0.009161101522968677,-0.009874940135307993
-0.014625854514776312,0.006034195919406637,0.0010582598602733246,-0.002511130400565872
-0.006639861194061217,0.021195062289178883,-0.005093073777447547,0.0031540392851809335
-0.026044714214902266,0.0071626989601234,-0.003464489818419404,-0.007448827575564399
-0.0023068443258330404,0.0027364481772710276,0.004695732746424892,0.001708443824175427
0.005488821033283617,0.0008891788955507687,-0.0045550345679033835,0.0006076545126552138
-0.0020788036928624455,-0.00740548121554961,-0.007012428186025134,-0.005498898865908031
-0.026539298491195355,-0.0016068785073097961,0.004161886707798809,-0.007994755435472017
-0.0008969500155188675,-5.4171392648859167e-05,0.003198330468334884,0.000749068937652699
-0.03595511617765683,-0.0036507492741239896,0.000760336465083852,-0.012948496713722661
0.015810766680327167,-0.014049341373635452,0.0013741414160172614,0.0010451878623807514
0.00044382427591296804,-0.0008978167499698696,0.008041197653814553,0.002529065864184157
0.022221650466098152,0.016235432664465713,0.00841649650278322,0.015624510919922483
-0.03431865546989305,-0.013641504860389371,-0.007578665105702686,-0.018512923299053224
0.0023795080170601213,-0.0030787170916101517,-0.0026836711803138054,-0.001127625623994527
-0.013758204595106828,-0.0016919677801360837,0.007148336103097945,-0.0027672759901028986
-0.019511278866895007,-0.006313353900425388,-0.0047457289225522024,-0.010190110373170302
-0.05880635065013528,-0.005786912396029288,-0.003297403762933885,-0.022630199639477214
0.027983829673594387,0.001894905107566471,0.0037866325346999877,0.011221777883497843
0.028881510547542576,0.00431829902837464,0.002477696440667321,0.011892490113026174
0.0008818174448854349,0.016022025986011604,0.005355001508018023,0.007419607560023375
0.015199681770914478,-0.001512492236482282,0.009178795048511124,0.007621987238986245
-0.06217126680821939,-0.0036656333502750505,-0.014684158571836031,-0.026840326069757246
0.01468614623278696,-0.005348532850445498,0.0032654578786543626,0.004201019552641521
-0.028416627404101554,0.001602658454611754,-0.0036305847467802467,-0.010148174417238783
-0.052835802722351596,0.0013099741294884638,-0.010508224520743402,-0.020677997026517805
-0.04349520605210115,0.021314138206173203,-0.022532484057175787,-0.014904502396517277
-0.02123596309495665,-0.0088370245602218,-0.0007851811401515863,-0.010286045979053747
0.045704770472532075,0.003080015865777157,0.0021393134826988526,0.016974682965636086
0.021933912699344468,-0.00811643719686778,-0.009676203290140776,0.0013804226903545668
-0.006415631185527319,-0.01076461053340588,-0.0008572809098178623,-0.006012501530409478
-0.03667527698871432,-0.006338153982013889,-0.0006781547831648733,-0.014563847354102441
-0.007991559746671007,-0.0038473640374024286,-0.004581946647915933,-0.005473618003706312
0.045525537260514955,-0.009334103730596356,0.009152341226997509,0.015114576471047117
-0.004296130269652518,0.009234080360465328,-0.008969805845171812,-0.001343950574167749
0.0006889001522500759,0.01602386643793959,-0.0055903657350383894,0.0037074632442501395
0.003612087115395358,0.00631449472805392,0.0058015545683711405,0.005242706894561335
0.009057588390205724,0.010481616662122883,-0.00887926662393353,0.0035533092561522163
0.031212157944597318,0.011622473282158667,-0.0032273111459042206,0.01320242682451056
0.013640035704107031,0.011192693958183756,0.004113172865575169,0.009648624527321143
-0.004906606256525342,0.0064045387428799064,0.005961033268922009,0.0024863194321036062
0.04705943000215442,0.01167601283703331,0.006744187526433,0.021826521628663456
-0.019108032351758158,-0.011541722993144753,0.008020860980385057,-0.00754295724520783
0.016021293374932268,0.00482555668394783,-0.005122401588374584,0.005241477582019015
0.04447491178803436,0.0018939855706140395,-0.002396038207427129,0.01465760505945404
-0.03734248343645034,0.010787567012299108,0.0060962679337013045,-0.006819542677267144
0.03539585649176294,0.007161647582196568,0.009624837657642413,0.01739409651642006
0.025439256231632124,0.007820955359507244,-0.001653844464513987,0.010535445173419417
-0.05466264466705422,0.0042387278935160635,-0.0009048816206099486,-0.01710958235511657
0.010344024955375784,0.0005996216371218127,-0.003661890319506703,0.0024272496637448735
0.010494768553227996,-0.00021988536778690083,-0.005962094575632881,0.0014375947656732012
-0.03155288324694307,-0.011967829786997272,-0.0010230921765679933,-0.014847920222234374
-0.0003730768456429276,0.025005211796308168,0.013131326958278585,0.012587808048493972
0.016818523797762556,0.008121426848202294,-0.010835038818547443,0.004701632574168527
-0.01325569737580044,0.012290802150324022,0.005155118412973324,0.0013967396657579064
-0.02659332780715891,0.0006985260463268451,0.008903784356097781,-0.005663666804572292
0.028464767739427337,-0.000335551355674069,-0.008474502645180732,0.006551564694619599
-0.02975032143220901,-0.008915877421249932,-0.0008961305969493862,-0.01318742996269296
0.015701869705694513,0.01401654210352774,0.0034543906081682886,0.011057589748196041
-0.031780072858232825,0.0026798704461252635,-0.01304467368755916,-0.014048277984930206
0.04021793413546922,-0.010270930948975143,0.0030374987915758847,0.010994822997855995
0.04285860978047667,0.018477933455441777,0.004877164695681982,0.022071213905964164
0.06225214836860489,-0.0027750522052541276,0.02302766103315737,0.027501558230583645
0.05449423068422875,0.0002494244944878696,0.014469970957818105,0.02307118564096953
-0.020820172879094934,0.0016815773942893885,-0.0013828056314847945,-0.0068404601982964075
0.04063867436483528,0.0033598847330456156,0.006146523041476084,0.01671501066475828
-0.03254444299815046,0.0054980814119238745,-0.0010348042737466725,-0.009360379259602465
0.03393744067262574,-0.002443618810231162,0.007947687405362325,0.013147156608749213
-0.01754630065138691,0.009722898690849226,0.004169592220972329,-0.0012179353619185388
0.025901439894849,-0.006899382807342442,-0.0018308005887348391,0.0057237464425050726
0.05234058915208925,0.002709671277401402,0.00835766892367266,0.021135955315077986
-0.004442062934988217,0.006375933493325179,-0.0021846636623767774,-8.359761774890393e-05
0.03560343425814966,0.007179888900841752,-0.0016217176496387143,0.013720521449249061
-0.028435791522909152,0.0071927108896505144,0.002366312291360217,-0.006292249821710026
0.0016414089291691078,-0.01027462776023986,0.005535288167440144,-0.0010326425218999816
-0.01848067428564519,-0.00017760513679364277,-0.009217673295714131,-0.009291974947400082
0.03733635130989257,0.006873932341027961,0.011355637546535428,0.018521955210511587
0.001027646732115829,-0.009407857110194867,0.005120179274221183,-0.0010866759479422504
0.026964964313646297,0.001097690876583976,0.002399688051146682,0.010154104259677905
0.013295575736776578,0.0024313485345046825,0.011733162851261122,0.00915335322081842
0.002109714251014752,0.002643391901290577,-0.004925879192875895,-5.7590955932508446e-05
-0.01907951653996668,0.007466744957751524,0.005726774786350636,-0.0019619969699559083
-0.01250084339848034,0.002947751814092816,0.0033435802920835796,-0.0020698350275975505
-0.0025962411238698324,0.0008304456122399156,0.0007023844688704503,-0.00035446999311614124
0.0014719699587136897,-0.0006265926425932574,0.0007925291425251858,0.0005459682735797198
0.03899691985573646,0.0022733913696556573,0.005816692894693588,0.015695652344360527
0.00045636264939278746,-0.009149362963635966,0.0020898865432961026,-0.0022010357226111017
0.03168068409614753,0.0037025686347858214,0.0012448564300789066,0.012209357510967698
0.0033139488444296587,-0.0008829469841266881,0.005262840137739073,0.0025646114347333483
-0.0018447644940381256,-0.010583909142120906,-0.0016450741798799567,-0.004691244580763724
0.02985806121945956,0.0038266766893000717,0.008571117883713276,0.014085271178872372
0.05508479331679191,0.013566455007513358,0.008937295584985617,0.025862822106915657
-0.026659751663297426,-0.010718515626671107,-0.006912677434546448,-0.014763633477856752
-0.03021372131267962,0.0031586497674598864,-0.012596588438143957,-0.013217206777234569
0.0030205913910371297,0.0035642958069513403,0.009372481363182724,0.005319117534600877
0.004335673643021962,0.015545416293372116,-0.0056315525974986735,0.004749841029786022
0.003237118350604327,0.022699295836089286,0.004884021003282809,0.01027346812318041
-0.004954344200477906,0.006887283861782171,0.010729772010498715,0.004220899669697103
-0.03545987455472885,0.009085522798828502,-0.0007559256686530274,-0.009043416764758649
-0.028165184823824563,0.003484748805906222,-0.011244253791728312,-0.011974884628318947
0.0072105680726810666,0.005179803385282138,0.011762559605467982,0.008050968970166708
-0.01638515362800925,0.0024572819913488454,0.0015064780633346913,-0.00414046038397738
0.04477829009103872,0.004198414164391215,0.0172906453710132,0.022089094453031168
0.0020308370949645585,-0.007889874119439389,-0.0004810311921805003,-0.002113353958862371
-0.03994755508560509,0.017058245542463494,0.0028151643190789163,-0.006691375049972484
-0.04995392306835553,-0.012393474233960786,0.0035002981872148007,-0.01961568008933413
0.0038572804773613066,0.007974221624635392,-0.00465334003302271,0.0023927182969373066
0.039103096353594574,-0.006560141173091489,0.0045506192327833764,0.012364512439904017
0.0057652008748141845,-0.0039526247864613865,0.00048490022605252405,0.0007658246723096691
-0.026820079346386094,-0.005479841931671693,-0.011834260161677898,-0.014711379101851415
-0.006241129567969954,0.014324813658281425,0.006456704338617728,0.004846791296180256
-0.0165475016459309,0.012447820191390067,0.000691695915567274,-0.0011359940436626742
0.003358078224396161,-0.0005769115918189393,-0.0018106294757430567,0.0003235120620990027
0.04208687309975952,0.00653127805927646,-0.007899957234360893,0.013572717735493721
0.010828295861232162,0.005013929343750159,0.0018865933799013766,0.005909600285355037
0.021019214116007826,0.015000569126380635,0.004340933482296687,0.013453558787989473
-0.027179170138862,-0.017287610679744835,0.012074603826569705,-0.010797381533286712
-0.05170476172940091,0.010467775072549184,-0.002128048386454001,-0.014454997226090227
0.00410772990944177,0.001260339176477959,0.0017289296802909253,0.002365663889737296
-0.07470168642633153,0.009655241001858493,-0.0063000985814849544,-0.023782157553137992
-0.05023792451500502,0.0034529433617846604,0.001836742061189695,-0.014982731381263858
-0.029922750566166074,-0.004873240931283001,-0.0016406783585021512,-0.01214554447309379
-0.027145272898756276,0.008776294589850879,-0.001964103024916516,-0.006777687000246859
-0.015462539383351716,0.014136136278180798,0.016190417325408445,0.004954666452074436
-0.005608951050337561,0.0034018431240463447,-0.01180222179320611,-0.0046697719033892025
0.04456672920513007,0.0031106352224935224,0.010849689361609224,0.019508998420726342
0.07119369340250532,-0.0032395543367406466,0.0006917311943575507,0.02288193387141732
0.01067264616455821,-0.0019769015869511458,0.00254283098008186,0.003746188106371122
0.027795912200520786,0.0020893959172211905,-0.01581081959253946,0.004691491483571331
0.018242684524805097,0.0006887346188748156,-0.0009666965752110131,0.005988234867915444
0.06347903077635705,-0.0008696473657175753,-0.006076059091912651,0.018844422595134167
0.005686484433213283,-0.0006029461474001873,0.0007325780325953585,0.0019387035007640452
-0.03462152345164451,-0.0010110182898027463,0.0014088550767736659,-0.01140788414699564
0.00492624674212268,-0.00813996685966091,0.008984752711072517,0.0019236756075005643
-0.0012869351822107056,-0.009913196820679896,0.00844627791841589,-0.0009179504435402089
-0.04112955970642614,5.287989682878293e-05,0.006324505581671776,-0.011584046491917119
-0.00435154008894109,-0.010541788345000306,0.0008636156889599752,-0.004676566238422892
-0.005398929061497118,-0.003919566021020663,0.0007254881685597846,-0.002864332773650361
-0.00605469900792713,0.0024473207654461078,-0.0010469089923839715,-0.0015514275268592526
-0.05318442870602723,-0.0034335171973378267,-0.00870850918088105,-0.021775463252597008
0.013222661761243402,-0.006129580658004409,-0.006963825107998508,4.308528866149692e-05
0.051530421206301455,0.018550652969174852,-0.0034822781018740722,0.022199576491602053
0.044354572118215196,0.008271319864636058,0.01741874824719147,0.02334819006180083
0.005393011719973299,0.007620552219993856,-0.008052793067001452,0.0016535886373982764
0.007439665031357349,0.01659696855423465,0.004078099338375573,0.009371568269744885
-0.06301304395562982,-0.006242626337046352,-0.007415768679715022,-0.025557120766984073
-0.01905715845282493,0.006622142957548065,-0.00472686931580121,-0.005720622549731088
-0.052107359677631325,0.009848216623990545,-0.0019438400967287826,-0.014734312982462137
-0.007179102599794688,0.006693089299507762,0.007748101310824299,0.002420693582816454
0.013416040871690306,-0.006231671954981953,0.00368956639460659,0.0036246414791265436
0.012376920230894456,-0.011923310264889204,-0.00859312664600314,-0.0027131695134937355
-0.040465479492236486,-0.01516544613179683,0.006650396920341939,-0.016326826574387554
-0.003455507479652445,0.001806789433583067,0.017682296946966648,0.005344520955772789
0.013986914303927166,0.008422020564444526,0.002895915526043922,0.00843494169652174
0.035727668494642484,-0.0013302006040506365,-0.0027525479579636075,0.010548296095902769
0.012919754828701465,-0.008937377937462024,0.0029598040314729648,0.002314057993510494
0.003007264252581386,-0.0008087467904746129,0.00043122185381559654,0.0008765788953943513
0.01718592803588001,-0.00019166970706184234,0.005392851841974746,0.0074623625945609146
0.00807790953759391,-0.0005752266077826636,-0.006028998413199888,0.0004912276809756136
0.022901681390333127,0.008971007393920845,0.0006130199978468511,0.010828558765464014
-0.037440802922295215,-0.00380720561981542,-0.011952292832141088,-0.01773341605798345
-0.01060974852898862,0.005426385242028917,-0.003698545652270895,-0.002960633352440553
0.05257994694661763,-0.0026917137995088433,-0.00835135571462039,0.013845611965203654
0.00435365304813816,0.006767401503875516,0.009492475311493317,0.006871169749992376
0.014247256833195785,0.00240034436549955,0.0013966844744007245,0.006014755876270129
-0.006333120093506044,0.00042816548168037825,-0.00012947307435915573,-0.002011473883919045
0.01998913163904863,0.01751089058534021,-0.0008662948791383011,0.012211230237174398
-0.01967686634032061,0.0044067084008695065,-0.004482943299577033,-0.006584360495308966
0.04847390356193174,0.018441767398460002,0.00457576199100917,0.02383045381998932
-0.02574285922178191,0.0036025606481239407,0.0034458837619237535,-0.006231465372439801
0.02340961031807948,-0.0032931638414217175,-0.0021832323564829606,0.0059777320623202275
0.042409796220279926,-0.0007382432915348736,0.017581426448973127,0.019750973374912932
-0.05423390746839073,-0.004679441017963257,-0.005711354734580848,-0.02154154619874387
-0.006238901987959648,-0.0021714799890785925,-0.0010610017899024705,-0.003157124765185648
-0.010606338649433543,-0.0006422148939962648,-0.0029906077174211144,-0.00474638234056322
0.04158417796849754,0.003574376691435694,0.010775489417652436,0.018644662714513864
0.004717473564193728,-0.0010946618823903268,-0.0019552590015152163,0.0005558503375785014
0.03808121493155178,0.006351160639693589,-0.0031248093718857233,0.013769174963931149
0.03934453724581047,-0.0075158095829175285,-0.003327668445560912,0.009500343572090937
0.027834040936683714,-0.014578539934411605,0.003323653390672052,0.005526379271263256
0.01576557658687935,-0.0020026449406389045,-0.001235135982094801,0.00417592771211666
0.026224535956340052,-0.0018866086987044776,-0.0012674651408129877,0.007690146348786823
0.0010668335627101442,-0.010470734084339125,0.003988388295376261,-0.0018051689369134977
0.021960627980286494,3.573740319757308e-07,-0.007318483920239883,0.0048808289305257175
-0.011240972978058837,-0.00196635570344137,0.0020925096118251593,-0.003704935984951993
0.014412068618161729,-0.014437918387453052,-0.01130769711273702,-0.0037778451828271533
-0.028708212319942538,0.007300912327394374,0.005475779757882505,-0.005310501434381808
-0.014964905344861713,0.0010153176245928464,-0.004090737958412688,-0.0060134358794519584
-0.0017832390605785745,-0.006407220657630543,0.012419576725952758,0.0014097042595422108
0.031307447570594595,0.0054568378490464,0.006687584233369983,0.014483942067047107
0.011221024955112215,-0.00103746921599216,0.009395079390951038,0.0065262051838119875
0.09523722189414109,0.012864302619057121,-0.0030278468715738585,0.03502452418931557
0.04299798909090769,-0.020310988838890907,0.0003725167251557814,0.007686497972551862
-0.027736644924410445,-0.0014557381153523859,0.004340481536125165,-0.008283958883912054
0.06146768495842871,-0.004437047522321018,-0.004061359552596733,0.01765640830474436
0.020736394798185148,-0.003971707889117352,0.0027986881512747056,0.006521118498989147
3.3375566391618487e-05,0.011973576390170229,0.005699697461558691,0.0059022105704903734
-0.028475076427803638,0.0009276034988335226,0.00967243750918303,-0.0059583391815838885
0.031034610999446252,-0.0026203137724190653,0.013775028041032285,0.014063094359578069
0.02512913316836226,-0.01287033595693925,0.013158983241394183,0.008472585011678913
-0.0020054634295244267,0.00706257032730412,-0.0032950765242086223,0.000587342870513566
-0.03884650231990003,-0.01514908907159401,0.00415805281914563,-0.016612496244936614
0.004997592400111082,-0.00799393898562447,-0.002606735677676083,-0.001867692220035736
0.03183804263569889,-0.012394994871377912,0.01099304279883995,0.010145353375690122
0.035993048144717314,0.010351746121089958,0.006813518274503152,0.017719419793999294
-0.02813547199725581,0.008913131235946909,0.0038690043169274627,-0.005117773697014999
0.023221924733644407,-0.0026609696657821703,-0.005563656096122287,0.004999094658146993
-0.021217805501788714,0.0038186642246692453,-0.007001508078724466,-0.008133541651731526
0.0007335907305708982,0.01862175050084375,0.0028872950781679645,0.007414204688982102
-0.007182320905949051,0.02224580633001138,-0.012503671829424705,0.0008532703449413432
0.07982483284346922,-0.00834217638630411,0.001614151701487738,0.02436557835394823
0.02128654958839911,-0.005827724867493212,-0.003679207780709354,0.003926535053526534
-0.005037816587665275,0.001472857639692566,-0.0031174492113635985,-0.0022274671589760492
-0.005651779555729531,-0.005671831122503612,-0.0034953206824302444,-0.004939638847244009
0.01918931941664832,0.010054710300228309,-0.013207894931119991,0.005345372916540617
-0.006550847160927846,0.0090939177773432,0.008508684722278694,0.003683914762312903
0.00611193929283529,-0.001961167366615953,0.005751159274036946,0.0033006404327750277
0.033491863909151466,-0.0023349919719296043,0.00379162990071817,0.011649488963146064
0.008740580161416055,0.007204879421432359,0.008464276840638161,0.008136570671250051
-0.01882296908190677,0.0019123108139008803,-0.008638027368647485,-0.00851622002932258
0.020191893383482356,-0.00013266864149198796,0.007195041095211482,0.009084746194312003
0.05462756121967338,0.007959364461876181,0.0034898555862354014,0.022025571730334564
0.0056334492478134195,0.012429175588723845,0.0036479216401555698,0.007236841588715452
0.013069342818307034,0.010121456764240937,0.0040505100877198915,0.009080427476319397
0.021571090450717537,-0.0007258174907706487,-0.005652808796532724,0.005064149656983334
0.00042064853621676156,0.009078340562347449,-0.0010015035147929287,0.002832492362095232
-0.0058991976052585725,-0.0004753319719724476,-0.0034570456743417545,-0.0032771884733325076
0.01089136802123166,0.009637419367327552,0.01602098628624082,0.012183245708342118
-0.01783222376656093,-0.0012795158345605944,-0.014000177911350956,-0.011037294800184989
0.02340325197538147,0.009143121611525118,-0.010325345146827,0.007407002073017049
-0.025604637360128992,-0.01790035820593405,0.008895181812885351,-0.011536593047787978
0.03678494102777592,-0.0028529035646710633,0.012323866054118096,0.01541861908710648
0.012199486426963693,0.01065034604730426,-0.009925791561635795,0.004308009329530414
-0.032927207377325914,0.0017689860280545307,-0.006799662826577723,-0.01265261540598831
-0.005754793381286228,-0.00130386474593225,0.00097178189277266,-0.002028956715856528
0.01126745052800693,-0.012589810917250088,-0.004613828030062987,-0.0019787274943725754
-0.04888710480736378,-0.00647149014478147,-0.0021058462047307165,-0.019154794564144935
0.007502846076580581,-0.007803418498008884,-0.0010757018155037714,-0.00045875762021927905
0.03299671727309835,0.008638803331538093,0.009084232270737912,0.01690656738520716
0.03233322037833837,-0.0007478790322963483,0.010687173835326424,0.014090824302951088
-0.007343099041001182,0.0028762337387115617,0.012455454239583939,0.002662860316235127
-0.01285437601466697,-0.00251209124844995,-0.019585288569291204,-0.011650573626884098
-0.007624594929128415,-0.011241720360793515,0.009544354710323704,-0.0031073170858792153
0.05067543777246568,-0.012606198218382844,0.012151453707356142,0.01674021434691524
0.06870819905304137,-0.0032191910375119173,0.00844400122741893,0.024644311769979714
0.013514431129627642,0.003406573293006317,0.00793329788042643,0.008284759149586029
0.022900802430533714,0.0009568034147166395,0.008766047758714831,0.010874540326770526
-0.05316697055928295,-0.005796569315035316,-0.003875407505467434,-0.020946294846946104
0.019217772466110585,0.006850602109657515,0.013127917357364367,0.013065417578946845
0.009075905481796986,-0.008112115069261894,-0.004668574849695059,-0.0012349269107918433
0.024687750458255362,-0.0021163500814471267,0.0005545693868396195,0.007708648879226031
0.04357434715846654,-0.012080403272915652,-0.006433946375847811,0.008353324149901854
-0.025665777290307584,-0.0039962635730934355,-0.012776824334667595,-0.014146274253067805
0.036132242724002464,0.006424602421551212,-0.0019501536789480714,0.013535550286638045
-0.052938175029123236,-0.0014668859289154856,0.0038536924298165796,-0.01685043932561787
-0.013088760733753205,-0.0021177270331553624,-0.0008120622247960972,-0.00533951132438489
-0.03774178147556507,0.002095994372814929,0.012862287526288714,-0.007594492264320616
0.04608309208438372,-0.0011364425996552487,-0.008505117014278578,0.012147165342972475
0.013914565751501882,0.0014560656611625718,-0.0020915380574019773,0.0044263600253897075
0.009115125464724306,0.015268010880453035,-0.0013045637549232063,0.007692849837227182
-0.012381809156971946,0.0018122519516928569,-0.005213767970715705,-0.005261103130889873
-0.0398403935463203,0.010866317275166378,-0.0008762728150926104,-0.009950106411965818
0.02007185104962681,-0.004226506970015323,0.0004965261883768009,0.00544728464203934
0.005724667676726842,0.014235508836270136,0.013067891394173749,0.01100934495970094
0.010868846047055184,0.0018664447204207145,-0.004240664192434971,0.0028315393601381173
0.034221084588605774,-0.006625289596990324,-0.014240215094521532,0.004451855513838008
0.03797200522398655,-0.01267228775909501,0.003243566621938911,0.009514418514515453
0.014353334330423035,-0.010815638587567022,0.0009221876541123369,0.001486626312361651
-0.004192445689803764,-0.002656674361416609,0.002964096945626816,-0.001295006406856817
-0.011847234305079729,-0.01795831106707082,-0.008513936850593831,-0.01277314796775405
0.008208257145224657,0.011516751883121118,0.004804669908760412,0.008176551469142417
-0.0561942489565516,-0.00792030719969006,-0.010318071722440763,-0.024810851148684848
0.0022935686090733635,0.014260672827876497,-0.0019474216604501884,0.0048689350565599655
-0.0011734709606257862,0.007518057347886008,-0.005271062384139475,0.0003578409765322479
-0.011780674787470977,0.005076484555734496,-0.011049651559173933,-0.005917941345689542
0.07105710792333876,0.011561167452614757,-0.003745259325418374,0.02629097905917303
0.06451051030827941,-0.007015280972243528,0.0010008290762471659,0.019498666638741547
0.012440297601085252,0.0055222406860423925,-0.005932231667423057,0.0040100981964659894
-0.009599813676529597,0.003432018846415654,-0.004982817896278311,-0.003716867191926509
0.022728603070736025,0.012759928355197174,0.003291755946123381,0.012926749530589737
0.0109766969806964,0.004445265477417064,0.0032146421000576637,0.006212195307188856
0.0056785736917870575,-0.0036800327514411126,0.007047731429345732,0.003015421107806436
-0.014959478999632243,-0.005741648004547856,-0.00944418149047232,-0.010048426116447975
0.019915543968760167,-0.006189216970963538,0.004793307611250103,0.0061732053631373745
0.02609979996057763,-0.0014397662078243323,-0.00611093543752864,0.006183026588708781
-0.011549901628072949,0.004126571714174526,-0.009908965366473965,-0.005777425982692369
0.018403078275140487,-0.01805282983658243,-0.0034871409195792106,-0.001045629781376225
-0.07203147285890431,0.008989403211557423,0.005443349075433219,-0.019199554324397697
0.08522504061027023,0.0012842048047526093,0.011234875954518315,0.03258134120847326
-0.02450561018144464,0.004034330379536376,0.008839900575900023,-0.003877122531543005
0.020832799480750605,0.0037029144013948903,-0.0004036565830784378,0.008044011055669919
0.04093048303950293,-0.01180349782299975,-0.0010407375692342126,0.009362073187007108
-0.030871050123897615,-0.006632160805825438,-0.011718528740760016,-0.01640723014958113
-0.035257435045580335,-0.0019414760620488649,-0.010835519720015495,-0.016011460931071288
-0.012256617197172862,0.004795814075179282,0.014454226123517742,0.0023311386693670535
-0.023490238855918895,-0.002742478942197351,0.008210470778492794,-0.0060074096657921445
0.054429167127623926,0.009144762949225598,0.00513120981963066,0.022901690397113428
-0.06870021978029989,0.012318473956838907,-0.012971801760947917,-0.02311782607695377
0.050877888421534075,-0.0041894205193048475,-0.002794393070907235,0.014631343645749053
0.009007047124327362,-0.005251692218392517,-0.0022263998965419214,0.0005096511601459711
-0.0027400859723649778,-0.002917947330220925,-0.004280530993599601,-0.0033128514525404026
0.008559147523964186,-0.003500833720975821,0.006685244478007887,0.003914515512479323
0.027421376058750474,0.025354511310483083,0.017022593406093266,0.023266136992282017
-0.026624067401124493,-0.002537981381979299,4.570051353159732e-05,-0.009705439717741307
0.021570192389098457,-0.005309457370870305,0.006688478817122015,0.007649730295378777
0.003424468966630882,-0.01648236831269576,-0.018088884092157708,-0.010382250763813048
-0.002754559882661807,0.008247338026439378,0.01044701580904898,0.0053132593376775325
0.054310314567650474,0.015126281317468173,0.00426795101261372,0.024568157731061822
-0.005186919037172154,0.007070162585740895,-0.0019739612886994344,-3.023921647098472e-05
0.00854187484640047,-0.0009873995505412523,0.012618814629120005,0.006724423250563099
-0.019825632634677768,-0.0026545038085422443,0.015189122350784401,-0.002430335600473839
-0.013033960477820655,0.00784230947376582,0.0046333630926233185,-0.00018609578438120175
-0.013758875574030712,0.008842971673240968,-0.005612900163975977,-0.003509597845320552
-0.00016491641033136977,-0.00019698389790119748,0.012312484855442903,0.003983524198875262
-0.021035736269304293,0.0043793038099898055,0.004227529853843472,-0.00414296339218947
-0.03778326647884329,0.01413498164214718,-0.00487813854098355,-0.009508798283752092
0.0038396034714030585,0.0005370718418837186,0.00046090796636855087,0.0016125261473573494
0.013186550605320193,0.002738860837853965,0.005374820052956666,0.007100070065299776
-0.034551577379804126,-0.0026152739982701406,0.017060658083213994,-0.00670205772955566
-0.05970818070260315,-0.014007432921996663,-0.0033724330936384943,-0.025695989876730527
-0.061349673831760425,0.0035727048246269786,-0.008702443791404052,-0.0221597821063749
0.019958711029932276,0.00938754973292143,0.006136123386465393,0.011827449555644983
-0.006171950206361913,-0.0012512356472308681,-0.000493672329935716,-0.002638950088890104
-0.0003474465345715272,-0.015850625117132318,-0.00044616434421132284,-0.00554807311722639
-0.025644504597882804,0.0024921477977542434,-0.013244390481600159,-0.012132236961660478
0.06335228375804149,-0.01405336431912549,-0.0051880048896250155,0.014703623479458812
0.023282939641679202,-0.002298801925814336,0.005464880596311738,0.008816330621052764
-0.01831581539693691,-0.018969683783823157,0.004411177629244538,-0.010958096225731325
0.030305008691551612,-0.005835345127939558,-0.0029661226553929242,0.007167839801559407
0.00812440891352176,0.01458474366397222,-0.007318141971518109,0.005130331738321755
0.003622897812299383,0.00643269474049231,0.010551082722168842,0.006868884889428419
0.012089358228121714,-0.005278218283754273,0.010274910100795055,0.00569534431970415
0.05112216287963064,0.007710579088196308,0.007896692179167858,0.022243122472520218
-0.00655126328607687,-0.011265110219644603,0.0028718999614406365,-0.004981486199935764
0.0002958474986738289,-0.002847519593895407,0.002084078687782199,-0.00015586431328199054
0.0508479285554125,0.0026763883783197627,0.006557835424782752,0.020027364092120886
-0.011281485238482146,0.011496747367064766,-0.006223692223214873,-0.002002808028734053
0.012286223346368499,-0.013714497928889345,-0.010506500459205745,-0.003978254368983849
-0.033867223343321325,-0.013972391390463641,-0.006439963465995905,-0.018093174640067558
0.025601768555176922,-0.0035865002837261856,0.0022581101894062205,0.008091118062492832
0.030758809372685627,0.005878637826653721,0.008174342095384802,0.014937248160978285
-0.026902232414941142,0.002798792365480089,-0.0007164739469565683,-0.008273296392167876
-0.01815995995889648,0.0023569500925350794,-0.0022051649220560287,-0.0060027189267475465
0.026388451148433738,0.0009402643571117565,0.023968092741010576,0.017098918983249275
0.009686788387484373,-0.015188290206639265,0.009006867486070269,0.0011684540538499032
0.009507280418506243,-0.0025528332851606867,0.0009102692364331282,0.002621569501687438
0.05490984152743658,0.015220962778686703,0.009848686572636071,0.026659803633089493
0.018163809154971455,-0.014429872106455756,-0.005706159428788819,-0.0006574068026835797
-0.06077496748066007,-0.0019965231170751625,0.011436500990526965,-0.017111646090739556
-0.0124796154519053,-0.0032122154175911037,-0.005640248932884225,-0.007110686156766942
-0.014404963773243396,-0.01386381466035302,-0.006746618666991819,-0.011671787361730378
0.013614674545584201,-0.0011567231643520473,0.013937721720202759,0.008798548901920604
-0.0237306743683392,-0.013226067321804149,-0.003377232867506405,-0.013444644741225064
0.0018965864422340465,-0.005764462773775601,0.007069304906721061,0.0010671417912503107
0.011907456189578672,-0.011712750141666069,-0.00021475685257127744,-6.683594869289604e-06
0.0823060174274219,-0.0013626621637494382,-0.005300931347354527,0.025214116091298006
-0.024110934659478903,-0.008617452384472197,-0.0015589646014302662,-0.011429105786009907
-0.013448273381404224,-0.0078521339056713,-0.007290866698097467,-0.00953041513129967
-0.0224816532305743,-0.014543309847079479,0.00789371559341053,-0.009710406117665256
0.03984579462122232,0.0007166352900830505,-0.0046152533911348066,0.011982380190998015
0.036075557139403726,-0.0016799497488384023,0.002656680922206568,0.012350750420161193
-0.03373495065195346,0.002981064767641389,-0.0015910084593965556,-0.010781620666271427
-0.0034899539640965067,0.009749759470706327,-0.0019875376984845234,0.0014240878452858295
-0.03346141694481473,0.0012779210631457907,0.008427607707009082,-0.007918621472923892
-0.01716142313603032,0.011951606507999576,0.008117861702042975,0.000969347388655719
-0.013223642722423004,-0.0030014400658646355,-0.0026198776429385015,-0.006281647195421903
0.03453642212361214,-0.009679817453646326,-0.0018520300770768373,0.0076681838627714605
0.03257327496935077,-0.0004719442661173539,-0.003734444418524063,0.009455619305941023
0.03428595556401619,0.006481905576199755,-0.0004243381376176961,0.01344782755302508
0.033394194584270516,-0.005071805266005591,-0.0003109258205168295,0.009337145162094865
-0.03675118179227866,0.011402573278239108,-0.0115216116787643,-0.012290061107527886
-0.0007598732841864434,-0.01665036999119704,-0.0014875397594906552,-0.006299254712363701
-0.10062157825083429,-0.005604706553099674,-0.0058815985662936075,-0.037369257087448066
0.07335001628772772,-0.0014863347565382276,0.005744563074390929,0.02586938899911194
0.016597987677933138,0.0023991541760741016,0.0018035770317336203,0.006933566028340658
0.010380085695723096,-0.01598300110172404,-0.007843123263222816,-0.004482008407728363
-0.0025665767485882657,0.0019286177630953583,0.007335079439264749,0.002232371252217129
-0.001578763245159058,0.007979679250603687,-0.012243546837413601,-0.001947541663112713
-0.004554068696536007,0.0032757857251589527,0.0008948842829946304,-0.00012779943499457866
0.042009864899158665,-0.01272343075161779,0.005216151713619164,0.01150085045285806
-0.04261801460066791,-0.011905038818518163,-0.0017909125260147894,-0.01877130321041164
0.041668486212753715,-0.011568749629788886,-0.008789053930577558,0.007103553780568207
0.012125424830369562,-0.007079770094814106,0.004673566203835782,0.003239737073390099
-0.015009521552018547,0.00519156577493117,-0.003445272426222228,-0.0044210716466938004
-0.0785743493800548,-0.0007929263917352739,-0.005957201859181801,-0.028441464102164745
0.026569415919360156,-0.0012792577689185406,0.003197917061652009,0.009496015574672802
0.003375773699641747,-0.00717611811104313,0.012236503117622376,0.0028120500900207625
0.023006325402823873,0.0025548614578035926,-0.0024295251306761436,0.007710546199429864
-0.006135204089536644,0.00665690818620842,-0.0017006746942791972,-0.00039298980621227473
0.05055567278206381,2.5113845280372066e-05,0.007020532133787144,0.01920042038660419
-0.05639210575210906,-0.0037759612976731474,-0.008033214639415377,-0.0227337378293053
0.04746687961456674,0.015709218314521094,-0.0012848871581365717,0.020630382959913495
-0.05698618636599576,-0.0018930657118437439,-0.008447408663342735,-0.0224421978048405
0.034390968038066495,0.010440414727242235,0.0015040741702753847,0.01544513686670906
-0.03856718071068669,0.0035829445307499837,-0.012271883210507761,-0.015752024044775024
-0.07163628525190538,0.009914395440911276,-0.005025448611354209,-0.02224909055833663
-0.038589001611738706,-0.002771842878343958,-0.006735448860238915,-0.01603208175134274
0.043260180079530995,0.012403878965434585,0.00037447593709731943,0.018679492981175973
0.003363044231261334,-0.0005507031097852216,-0.0007509749994267041,0.0006871213535610953
0.004102022474372745,0.008913466464200251,0.0063744908959950265,0.006463320148196063
-0.038018213997622174,0.0014246997608542951,-0.002820048445286334,-0.013137841089497178
0.0016495852643982542,-0.006560669027611027,-0.009112001790123577,-0.004674357176750266
-0.043357795623770866,-0.004257541291950287,-0.0035510245065762274,-0.017055436751978653
-0.03661013361114061,0.00832172098004494,0.005514350406332124,-0.007591346483567109
-0.01112048140956405,0.00707512384758401,0.00611444835764053,0.0006896962421898978
-0.006189000211808474,-0.00029983969075913564,0.006927884321158168,0.00014634799318204682
0.0221323893321115,-0.0007578234919358853,0.0004570560742593744,0.007277200027604358
0.023661971094708543,-0.0025020862809934617,-0.0007110182794720164,0.006816282028458844
0.04996938819651615,0.015276883219356104,0.015546154522871915,0.02693078171543941
0.043064724840369016,-0.0007500533154857577,0.0032473474946715587,0.015187324485845265
0.01618784190687898,-0.016127550784679492,-0.0030948276085783536,-0.001011511150614127
-0.020797204916163322,-0.0017955635402527818,-0.003359757348833398,-0.008650833284241231
0.004252610009982296,-0.014577299516920019,0.004088179191732913,-0.002078834692898165
-0.05928344821842265,-0.0006227600459947214,-0.010490979161030293,-0.023465705676086746
0.01682812604621584,0.009192802440568509,0.011084186916602266,0.01236835943275707
0.01994872811031941,0.020782665998648312,0.029280480323218092,0.023337268140103794
0.02092788143749505,0.0017239557308685867,0.01586982005078372,0.012840539565830046
0.043334433454545546,-0.0063799480810630225,-0.004013981705892561,0.010980156909028765
0.046681959451561006,-0.015094260625135927,0.005158062293339772,0.012248574791334576
-0.02644084368906615,-0.004828357265746697,0.0018790296054805554,-0.00979671398638698
0.043787988943372574,0.0032731142366281356,-0.0031612300469153385,0.014633276411070746
0.0480981407410214,-0.004618961651988209,0.011030268609797639,0.018169797729794376
0.016247857574314472,0.00582878283441659,-0.0055882275749155556,0.005496132115134224
0.0032101325483486734,-0.007869099122749747,0.004118106782702318,-0.0001802864169463214
-0.014214282700289613,0.0071881216803180385,-0.003004702490397381,-0.003343617826501815
-0.021869901268719037,-0.006480135230750753,-0.004682689613504092,-0.011010897693415922
0.017927071120341392,-0.00793158766771782,-0.004305867298129325,0.0018965368216260308
-0.020322606010035937,0.003949320750291086,-0.007789946301874259,-0.008054402466129183
-0.048403463668251906,0.00010760401527790564,-0.008212287523220762,-0.01883603022268253
0.048044064272657006,0.013899539811944105,0.00553187153475254,0.02249180271462601
-0.05978794130680861,0.00016942655084240877,0.008546722748869787,-0.01702391364510147
0.0073383432504275405,0.0121184725154011,0.0015717149998081697,0.007009503245702015
0.04490845487966926,0.011449739249348822,0.00028880295337754304,0.01888231347846618
0.06568202934682431,-0.011066224895664169,0.002062953853314468,0.018892900541905434
0.026122926242587136,0.001605631714026639,-0.004106717935046737,0.007873938799909004
0.09119387211179149,-0.022635737140781525,-0.0008430762518865955,0.02257166366802155
0.02227389863118462,0.02162092151495054,-0.002235275875006984,0.013886500870527967
-0.049771449930331405,-0.015551041226708594,-0.002281645998071567,-0.0225346898503248
0.04003927161041833,-0.012368159104562562,0.0019403762489512374,0.009870486381106084
-0.016910740466897865,0.00026762231643898734,-0.01265857985024517,-0.009767222899668682
0.041722750459027236,0.004413745453078624,0.00983635692572123,0.018657598954991417
0.0481324002243798,0.0038751325862513173,0.00340311625899453,0.018470197886325524
-0.021483633077091988,-0.0031063450202753603,-0.010177732626140924,-0.011589225318599182
-0.04440704820190549,0.006457182348935413,0.008951281731355754,-0.009666185041010068
0.021229335100207206,-0.0008093631904002862,0.003271614663610691,0.007897187627277012
-0.0028237194862728962,-0.0062580820421005495,0.0011155032146352474,-0.002655430115813295
-0.021175231133820763,-0.0006405416613989328,-0.011297358682072815,-0.011037699454720344
-0.005074262586364009,0.008172778479566096,-0.005788940817661655,-0.0008968074113448815
0.012799501337747314,-0.001266833417888778,0.00277771504241803,0.004770122883964534
-0.03030219872179066,-0.012267090190573237,-0.0032402165010454267,-0.01526981986796797
-0.013592692301572284,-0.0025916411055055613,0.004852625700004498,-0.0037772321251218805
-0.013285126674362376,-0.004924404909190198,0.0151907921927232,-0.0010062454573633276
0.022374379624657194,-0.0076620346412356564,-0.011965421461053876,0.0009156402584813796
-0.021423433058936264,-0.007262854396306948,-0.01896159568186814,-0.015882611829742738
-0.0008421819224376848,-0.00618841754152629,0.00013578534041739363,-0.002298269076244152
-0.008269445119292387,0.0020707009175804773,-0.008127327431292372,-0.004775352435644216
-0.07365359755733142,0.001746214974335906,9.936143337191904e-05,-0.02393598311386748
0.02374357512804935,0.023090701014906165,0.0030010563117638823,0.016611760873128982
0.05107233884623016,-0.005732960785058891,-0.0034576443116243346,0.013960563955937727
0.01955799897736297,0.009973113338219092,0.0061046324748810065,0.011878569718239425
0.02695990680167602,-0.007922033765122164,0.0015970423977532734,0.006878298266463898
0.0223391910521398,-0.006066721740101347,-0.000372562115054885,0.005299963765692124
0.002105719499735193,0.013326602218076642,0.004948089644786784,0.006793463660729086
-0.006037635931190442,-0.008982573888494019,-0.009327095349792308,-0.0081157602740572
-0.06941180716039091,-0.00208177463984575,-0.016841114379552734,-0.02944486928169774
0.03091689454754371,-0.01393249480286459,0.007210910003286108,0.008065095184218494
0.0034257036153330874,0.0024578619482580892,-0.007836848835947438,-0.0006510937730243298
-0.040164546001958824,0.005722583044604663,0.006939025820764709,-0.009167636544550772
-0.04073529720354782,-0.0034559323740689135,0.004490727987019167,-0.013233487296698659
-0.05618725684530316,-0.002767469986408716,-0.005430227359435335,-0.021461629935397672
0.005595640882117201,0.009095260385386272,-0.002018218731620869,0.004224223287733355
-0.011102178114257476,0.000838581636612576,0.002726566123483258,-0.0025123409390437625
0.05119364759747844,9.848358887483053e-05,0.011935906331331495,0.021075991429882413
0.040478792420853796,0.0064142280381679715,-0.009676273562377479,0.01240556989329913
0.04621138772307921,-0.00422071622806519,-0.000790097273300458,0.013733511007046445
-0.055589751275706846,-0.00600011813754395,-0.0008915391705654719,-0.02082711536746923
0.03843560063654896,0.00685346586529717,-0.0005758158885636384,0.014904401966677291
0.03786618855719087,-0.00629034931469739,0.007412656371244204,0.012996152208414024
-0.009999409749935673,0.006528818805507975,0.0049309903994698805,0.00048679933154757585
0.06653572406039152,-0.005478084377294592,-0.008001125529905482,0.01768548703222576
0.03968273943370293,0.00016789522911272255,0.004586343986161905,0.014812311403999636
0.004797135757778194,0.0072432281232911585,0.012583792050029316,0.008208043768980912
0.05739714907167379,0.015109987686908001,0.008700922687191272,0.027069326079237874
0.04544201837491643,-0.005512181694258551,-0.008334895026563777,0.01053163668638415
-0.047037379746952435,-0.012751393666549381,0.0028163247413657915,-0.018990797233229117
-0.057187961528088166,0.0009886463963187167,-0.010863705444313101,-0.022354317837687324
0.006822443243013046,0.007476501802048545,-0.0020883748654457225,0.004070185989681897
-0.0012622420648561333,0.005191533122569883,-0.0037780916686623654,5.03997459506652e-05
0.011221911641012737,-0.006279075519482806,0.006529872033558797,0.0038242322274601908
0.05526279019461296,0.005069374279225945,0.004567130418250321,0.021633076664264776
0.04160916900612261,0.0023731702610054932,0.005068800645156413,0.016350363620381534
-0.012943749519037182,0.0018893268956980068,-0.006757603270939208,-0.005937336027417496
-0.061568737536794836,-0.00960734537907023,-0.0024169715996461916,-0.024530993640818913
-0.029541127419455405,-0.005659324165037792,0.0069317567771538455,-0.009422888846214847
0.001323596829993198,-0.0010397572455765323,0.005274429571677045,0.0018527545326081848
-0.047167528570498385,-0.01514686103005369,-0.0032677616719493665,-0.02186069523011672
-0.013396773447309551,-0.008284483406432352,0.004516204696720238,-0.005721678330656502
-0.03929087281560811,-0.001902178094328385,0.00798625734385595,-0.011068920119762328
-0.007967348094130503,-0.00878683518721649,0.007863029986581201,-0.002963714801204166
-0.020163043316300155,-0.006752698476471875,-0.0064356312445384214,-0.011117113228645805
-0.04481140406194409,-0.006894475650383223,-0.0038317919987247225,-0.018512538724460105
-0.03052460261982438,-0.01926800238117785,-0.018009481328328487,-0.022600672842414796
0.030505136310508527,-0.02260035854733193,-0.002625945470006941,0.001759609004779121
-0.0033166507407692294,-0.0016653743730671152,0.00938845295918827,0.0014688078129746936
-0.08137226765406463,0.00430276438577204,-0.0037132810096461365,-0.02692756783171815
0.014601122451592966,-0.008451325849052706,0.008078802389181416,0.004742861587707561
-0.049784908206661316,-0.013892807808386259,0.012598147413066363,-0.017026505840804205
0.02103200881618122,0.004457155729907131,0.015256632214171338,0.013581918671487642
-0.001029808844759238,0.013141191501353545,0.002708826161903703,0.004940064666096397
-0.0046949758904949335,0.008638981940033529,-0.0048286366454674216,-0.00029487657043274337
0.009400839968186685,0.008282412168442197,0.009226709574661296,0.008969978267109489
0.06619400272446492,0.0002814905208929899,0.008796785903912517,0.025090734625663757
0.0074631943416304716,-0.004944486778531266,-0.012000237004628857,-0.003160506653333403
0.025680508197862523,0.002256164737777176,0.008612793513526125,0.012183143299899791
-0.0023081743752894853,-0.015651342655230834,-0.012008902115669429,-0.009989463059256866
0.05004380471417958,-0.009560646902751945,-0.011596410013942557,0.009628906303579094
-0.0182293540366455,0.01386262157237222,-0.01223662013152329,-0.005534445330814658
0.01651379669513009,-0.003432240367909314,-0.009683846782383675,0.001132568715709185
-0.01431547055331801,-0.002979406157732327,-0.011804203824689012,-0.009699683812219605
0.011252671720795472,-0.014253731519619093,0.0011024113610265001,-0.0006328821797162273
0.012392206207435696,-0.0008147350658312405,-0.004631123244874797,0.0023154469834605874
-0.03216496727973326,-0.010098863818496562,-0.004289193566842162,-0.01551765937068244
-0.003902093682041826,0.01255161700256057,-0.006053356301073114,0.0008653881410928705
0.01513345492768427,-0.0010180649227076954,0.009579130227215665,0.007898165512557336
-0.0268588555965762,-0.004825388814981843,0.006631732538250898,-0.00835082894026509
0.03482237208222843,-0.005576472448913915,-0.005875905633442794,0.00778999020995924
-0.035842295986770537,0.004955702256077035,-0.016044963431327147,-0.015643836743487828
-0.019635237835711597,-0.005654132238700241,-0.00653819214549772,-0.010609176797449112
0.016220286951505597,0.007437410989627987,-0.01134977655154745,0.004102636360554914
0.08095771307690026,-0.006140052470123561,-0.003535605274452931,0.02376066135008948
-0.05668454996490927,-0.016745308523444823,0.0034271587090868375,-0.023334209925522494
0.02423073353008046,0.017831603444624016,-0.00023212438179887876,0.013943390254231
0.017016516639797072,0.022563700228651305,0.006021520564064995,0.015200563943591979
0.009828203140569217,0.014636240414053642,-0.0019237606831284389,0.007513553443603849
0.011130096899537404,0.00019169273064745826,-0.005995193521589745,0.001775530260666336
-0.005981486483515142,-0.0008548814858029683,0.00014416581672378173,-0.0022307318201307256
0.023207505503656984,0.008180696086364396,0.01860574141555627,0.016664631003878213
-0.016473923945840005,-0.008216950901224884,-0.004283460703226088,-0.009658102191985141
0.009768125191653357,0.0014747626082609049,-0.013226171234477497,-0.0006610938170932668
0.03936239863007045,0.00967414684619234,0.0027735463062905706,0.01727001332415386
0.0320395335080811,-0.0015770612566036735,0.002480299720421986,0.010980913009709147
-0.039983931663566216,-0.01830779265839729,-0.01899026635823754,-0.025760637799403453
-0.0012578443331925835,-0.0006399977465045436,1.9361045597448417e-05,-0.0006261597185395482
0.03804161767412605,0.008840641108983499,0.007996928792909206,0.01829304423227706
0.03422775450543088,0.0008197832407582034,0.0008590439227359442,0.011968848587447786
-0.001651207874995939,0.008279104750810807,0.004691485693864806,0.0037731237500990343
0.031457278088959095,-0.0034122522786037292,0.011924431026543008,0.013323138955813846
-0.0052178485860781675,-0.004426779733059033,0.005087487686589742,-0.0015190453584689424
0.050126838131838394,-0.009940429469663139,-0.008701134964823517,0.010495080737359348
-0.024311815374551887,-0.004082785972693141,-0.009840179021173836,-0.012744914044546163
-0.029817979478272822,-0.009406019842210704,0.01040058266615734,-0.009607795943636512
-0.002649112173468016,0.0027988908666420507,-0.002832818409120003,-0.0008943456776354173
0.0598611710395805,0.005675217522132493,0.003986295608132189,0.023174204882387004
-0.005592681501732059,0.01321742740233772,0.003080454198932705,0.0035683964647794226
-0.014105955045040555,-0.0006907534623560599,-0.015692556541489572,-0.01016307818654038
-0.019466158230832423,0.002654718548517338,-0.001251190816216967,-0.006020870811967184
0.08060541165752498,-0.0104042097065034,0.0029447704641032734,0.02438196642305081
0.05304854327355391,-0.0020513997918472577,0.005713528360010146,0.018903538377014986
-0.036292231190850316,0.00221787626211435,-0.0008509220026832105,-0.011641747335380748
0.024864737331821502,-0.0017755383392604124,-0.005018361726051995,0.006023606398557276
0.032852706990468834,0.005281677067500073,-0.005484345889435223,0.010883335172831838
-0.04735957559367165,-0.015960690213501463,-0.012033785261779627,-0.025117991904967222
0.0486979898668905,0.0003197135105634392,-0.0003491282017330545,0.016222842169048568
-0.03519100349485008,0.0049311886277245845,0.004524489970536847,-0.008578433053754584
-0.0006646511194948125,0.005725687511192404,0.004471344090677623,0.003177456983331577
-0.02500926579265114,-0.0010807174119933714,-0.0006960846754343261,-0.008928680364670318
0.03176961385609564,-0.011027333069878196,0.006736262703296509,0.009159505336990155
0.016063875134994868,-0.0015968199794444528,0.012261158814477953,0.008909395747271466
0.04066071994297479,-0.0019851022226977993,-0.0023138388476070387,0.012120580836963693
-0.054649582003798464,-0.0047325917582291925,0.005530896630157831,-0.017950407760197563
0.027621160899590956,0.012624122100437025,0.0049296840999185736,0.015058307308326486
-0.005627719117139487,0.0028223117912587426,0.00727658395012204,0.0014903907176882236
0.009047210364590406,0.017167297297859978,0.011837066226229223,0.012683845279035239
0.03117751635211177,0.0004792203141438982,0.015077704171195907,0.015578131367670245
-0.05447556403208972,0.0025098724290504686,0.002715541537407447,-0.016416700271827248
0.021452284379643995,0.005218563215100141,-0.0011963084809268163,0.008491504546426068
0.059190300671932,0.0006549931580847222,0.006638492636607814,0.022161239994279353
0.025851054352660496,-0.00683752599208726,-0.004030282787013697,0.004994410196771322
0.024979423551435703,0.0008219023100273762,-0.010179672723234228,0.005207212505525237
-0.026529980869137368,0.0007198095864649378,0.007083922278439373,-0.006242076759328017
-0.03762542557408356,-0.0037717898699136964,-0.009810385872920538,-0.01706918336977216
0.04280743213275179,0.011128112906454551,0.01610379274839844,0.023346422582755662
0.007587247392408807,0.006266759141111631,0.0021709268749667944,0.005341639127851274
-0.031384286956681905,-0.00805252615245326,-0.0009168037831406219,-0.013451192179552963
-0.017263386192680873,-0.002200642014684516,0.0010164432963694625,-0.0061491888211370055
-0.004043464508039465,-0.0014800559588240229,0.005737143150643553,7.120749005246075e-05
-0.008889966473745164,0.006490597641273514,0.00658510238336185,0.0013952431217188832
-0.004242095478260469,-0.004462803733629307,-0.002308661121024579,-0.0036711831064513405
-0.02318546239965011,-0.0014033082153188693,0.004356874747309733,-0.006743958545254459
0.01778178539577604,0.0028176283296233386,0.00744421317211998,0.009347866284630819
0.014944075432720883,-0.019298821307447776,-0.0012236075705132697,-0.0018594492889622391
0.003214650924273561,-0.005054068027076984,-0.0051129411716290575,-0.002317450440691402
-0.026580617456712006,-0.011045802027497548,0.004849379894573678,-0.010925668937532095
0.01741756734975237,0.01310724204703058,0.0014488297725179498,0.010657869065220578
0.01236978103468441,-0.01902955158192437,0.011873168473781013,0.0017377975710477092
-0.007564979570943663,0.0012268288209471654,-0.0023851942392558883,-0.0029077787553024657
-0.023036525878065248,-0.02337910616498275,0.004789247779846921,-0.013875447545605603
-0.033254406562205824,-0.01207398815912514,0.0006574422730144559,-0.014890302592454685
0.004642905321889676,0.007067410962854803,0.0031867138329320123,0.004965671740215458
-0.010833612815837543,0.013109593743663819,0.0034150988547703982,0.0018970246971722969
0.030882934362335638,-0.0057715962040118625,-0.004244854745309133,0.006955487515510409
-0.008199417709890154,0.0021733706434816052,0.013658469075687622,0.0025441381256190213
0.05927790827391084,0.00149932141415476,-0.005687095362198635,0.018363359745244213
0.019914472821833954,-0.001282825030829176,0.00325275000261647,0.007294791969741151
-0.0036372414650624623,0.0008824071757865537,-0.004630851366445138,-0.0024618927566784636
0.008680916014158498,5.63456548578296e-05,0.002578144907856057,0.003771798420488602
0.005858651834129858,-0.005711484094564522,-0.0005583467365175348,-0.00013705952859106716
-0.0027989833630682848,0.006539818415900143,-0.005796795927479047,-0.0006853196062287716
-0.0011886843875124832,-0.01089906427099413,-8.337216776178034e-05,-0.004057036218382522
0.030425902717120396,-0.004645691981710846,-0.0021217169212303403,0.007886156718561797
-0.020021967541906514,0.002275535854627737,0.002922220630922808,-0.0049413987440483035
0.02068005294756079,0.009467885066426448,-0.0074248231328626155,0.0075743640526699145
-0.013156759861502769,-0.004034877285380347,0.001591171926046483,-0.005200149873457138
-0.006241938693270995,0.004409596638950977,0.009504776676665059,0.0025574756499701394
-0.029296349393551187,0.005134233057028604,0.004860215564371485,-0.0064339604900834416
-0.024978812691617287,0.004701846782924324,-0.0017254332174117455,-0.007334125707901861
-0.01407379630770007,0.015950354188572633,-0.0032856877668585725,-0.0004697094922853745
0.0341969952817603,0.014031193023305197,0.016509354897456262,0.021579159488326186
0.0676182604189899,-0.002599958710350459,0.010174613041442926,0.025064279852389203
0.012539397306629937,0.006038573773861035,0.005336646271088236,0.007971531145653953
0.004975568813308514,-0.0009585518943338393,-0.02083410742227392,-0.005605691228736247
0.0334206089064434,-0.003410800780739669,0.001633919002740619,0.01054789849490574
-0.02073296355887101,-0.0018522754598829473,-0.0025949801828099276,-0.008393398007114894
0.013624780887354774,-0.02288457142539859,0.005187951009614002,-0.0013572784855300955
-0.012801828180328038,-0.0018273757923951395,0.0033341489710833464,-0.00376501456886161
-0.022816468758147204,-0.0016357794880002777,-0.007622804385474694,-0.010691673518856516
-0.055100461580646354,-0.008274585828305746,0.01027560040882459,-0.017699797966893506
-0.0033316650352783286,-0.0010132228075198724,0.011048725613382543,0.0022346103555821906
-0.005732631086481584,0.0024414267978562806,-0.008691763373878603,-0.003994318559845415
-0.017969611081914208,0.005488505531028661,-0.0022306844326928756,-0.004903925090596146
0.0201875129036835,0.0014182009863201576,-0.010192417173933427,0.003804428434257838
0.011252880937945835,-0.0042032320051491635,-0.010484664129552403,-0.001145003920580178
-0.002272247993699211,0.006981508023068391,-0.0003606109805471488,0.0014495482333909942
-0.051238205183003635,0.01128267371090411,0.007686054177810731,-0.010756481674937165
0.019153901756966654,0.008532942729756215,-0.004192341408023874,0.007831493194731972
-0.020921328677703802,0.0024907773944238447,-0.002472516963649583,-0.006967682447953765
0.0006706632145770295,0.007300918343546657,-0.012961390721128849,-0.0016632680577319998
0.020392466096780693,-0.002546850645285929,-0.011418885892470159,0.0021422410440983483
0.038849210660285,0.007202250774718843,-0.0003644578331906273,0.015228985971603205
0.004010551161555013,0.011052545937969038,0.0016621366649017953,0.005575072346397361
0.004750929982851081,-0.008063182647187653,0.0078013957739554475,0.0014963795401585886
0.012849777854699826,-0.014682957148891073,-0.005699605993655347,-0.0025109259183537683
-0.0225769703946507,-0.016868358099410324,-0.006066192196631683,-0.015170491726390671
0.048218675023295264,0.0027421842590460393,-0.0005258630886868035,0.016811648586219436
0.013760777282616956,-0.012769666651896603,-0.013325018882784555,-0.004111298639385317
-0.006557483325581842,0.008715563184540798,0.0007964976832553692,0.0009848581958789276
-0.020435381615128475,-0.0020872957426270045,-0.0033933247725179932,-0.008638658738090447
0.0238844218452875,-0.005908445674172106,0.013509861955940613,0.010495268880405959
0.03297815171298552,-0.017949637746740646,0.005493094316466862,0.006840529253701152
-0.0412649825402753,-0.006223913767834801,0.005075091767186559,-0.014137920709039667
0.03546749345176358,0.005270226610098148,0.010758491189148416,0.017165386584932964
-0.005124889507452964,0.008267304144614544,-0.01701131000936724,-0.004622960501103429
0.016789463374182138,0.009789552030969494,0.009094061212947892,0.01189101364834097
0.008198333483568803,-0.0007220791349386528,0.0220291586443147,0.009835127829177285
-0.03064649804704193,-0.015007973730872898,0.010793217609177591,-0.01162040643582769
-0.022502965292663102,0.008884560100264192,-0.004802551524109052,-0.006140312765183747
-0.028710456871243118,0.01759366295115222,0.004593009039366181,-0.002174592785646613
0.07341344794817665,-0.0004672838313248569,0.011662716651249485,0.028202932053073504
-0.00602974735250217,-0.012708518833328008,0.011234328368698228,-0.0025013101043980437
0.009277236140340888,-0.023666185984827823,-0.006048229812395714,-0.006812386406567663
-0.028273677626082332,0.0008081346829385238,0.012098937718767341,-0.00512219661925708
-0.02964180096823064,-0.012913429428582786,-0.005715635679597592,-0.016090272601848313
0.04503286767702289,0.0023384597846664765,-0.009637296437098123,0.012577997763520072
0.013383094125245916,-0.006879171750444068,0.01791550476985793,0.008139800908410877
-0.006784130835413609,-0.0006125000014856383,-0.0007028082021082705,-0.002699810313189493
0.04688931368256501,0.000881387991933881,0.0044737388790639845,0.017414796103040774
0.034467945298285146,0.01293067201864634,0.003464525294243002,0.016954363916010625
0.001582386843343826,0.0072949460221401335,-0.005236023217999658,0.0012137686687248845
-0.005733545069844984,-0.004473897114530982,-0.0005825305907528979,-0.0035966539950520295
0.022022085078225975,-0.0033767869926798716,-0.0009969530320936572,0.005882775801702464
0.04226079409182553,-0.008012358004532314,0.0029148850992481894,0.012387761341073406
0.006906290598110915,0.016144584413240407,0.0008450870048691377,0.007965312706752815
-0.06250015916706748,0.012419527005570783,-0.0007951113085019001,-0.01695856419808504
0.004762300568204594,0.001908011339886136,-0.010645310247273882,-0.0013249981213949375
-0.003012876865402222,0.014653348141520021,0.006488533965297059,0.006042995704136539
0.02380632959613157,0.0064591251909058515,0.011043936924316837,0.013769783467320848
0.011064885479462057,-0.0044657391195136184,0.0035617052611636077,0.0033869471534201416
-0.0386302357898431,0.007452340475689308,0.008274634680645482,-0.007634412576749225
0.003230689892822474,0.006919272819760876,-0.006069226827157636,0.0013602439348966097
-0.016846979798130178,0.006656017040653574,0.00607052286491694,-0.0013734785907065904
-0.05913647100860501,-0.013020669994020732,0.003239658829909416,-0.02297247108507805
0.027563279024348505,-0.0021652026516048393,-0.007911587645061205,0.005828823747064578
0.012057479357550475,-0.012343629292355813,-0.008304239012850536,-0.0028634601190889756
-0.032546544870300176,-0.011769467502968757,0.0027718935469775623,-0.013848025760724181
0.04477099686946411,-0.0022484325870962395,0.0010869481381311334,0.014536489603662195
-0.03272040315532997,0.012867996530225233,0.006193206363658143,-0.004553062200748778
-0.004416600255219781,0.0197788358914569,0.00036592060859713714,0.005242713505559337
0.06212809611079654,0.0070638534133336695,0.011304822555951846,0.02683223052776999
-0.0023593120545668295,0.0018068438199116848,-0.007423631180072393,-0.0026586971462093743
-0.03286307178653859,-0.00022760372454088632,-0.0013733312628861267,-0.011487990769986276
-0.027561764487195953,0.007708803600395538,0.0034695741542264263,-0.005461123449729085
-0.010803650073954072,0.003254877864094662,0.006264940099254624,-0.0004279436089242254
-0.011998657040840853,0.0014799635674610546,-0.0008035116019747559,-0.0037740645843831596
-0.013179851390884453,-0.006655466707989057,-0.002319065532186067,-0.0073847871588919815
-0.03175673449515353,-0.0012154433655266884,-0.0163902625481595,-0.01645413034879977
0.04957503151446115,-0.007489081938434132,-0.0012922809131508842,0.01359787595640249
-0.0013535232963394184,-0.009144861427371127,-0.00307946909338106,-0.004525946746412596
0.0016755093376772804,0.007092803695384647,0.006171324923755342,0.004979874339059771
-0.015416526090354755,0.007519840031950753,-0.00515125976453611,-0.004349310924998096
-0.08134397348358842,0.0009529857640011546,-0.00969437538422295,-0.03002842433948237
-0.018992780014918345,0.003351223381681355,-0.008239383176293706,-0.007960305309530296
-0.01327349997560169,0.003396738028860909,0.013630574294990195,0.0012512695314790218
-0.012746210308466406,0.002327883002343638,0.0014160400537580678,-0.0030007594166924826
-0.026641723638412725,-0.007264176068136403,0.013264544603591735,-0.006880444820534096
-0.03271089522724675,-0.0020084922625583598,-0.00986531750561759,-0.014861553470239236
0.008770020037568124,-0.001096861836381943,-0.00606871322445824,0.0005348144574276546
-0.03860993518370286,0.009522796151058187,-0.0035259310221589144,-0.010871012480577844
0.022333867299115125,-0.003033820393817054,-0.0058132533227211736,0.004495593365261105
0.062409787363202546,-0.0058172368051074355,-0.0014832427118234982,0.018369750912321254
0.03694860510791058,0.0035659855036720006,0.01789768430515917,0.01947073883482228
0.0248505496728288,0.0035008005876414868,-0.0003427913900575328,0.009336176953951295
0.04357519383958881,0.01153238561350936,-0.003117009322964909,0.01733017271318771
-0.028539523265562836,-0.007532452619619854,0.015961332416033706,-0.0067035411195018385
0.025336913824923323,0.004614180653335753,0.016098437318925754,0.01534982858255101
-0.03015939697138825,-0.000598978151496627,-0.010613559491326004,-0.013790631080758755
-0.052908607493557636,0.000892363627362085,-0.005934400203892361,-0.019316862039814614
-0.03307449790559543,0.002931403142185364,-0.009901648548463267,-0.013348234422376676
0.0030794440149462705,0.015218922131530857,-0.018023087041826,9.175960979067354e-05
0.03224698139054478,0.009007168988914986,-0.0035718070859446526,0.012560768537057274
-0.015748909857104088,0.0055533271464270435,0.005410413308684862,-0.00159505487227426
0.04434040804165409,-0.0026105078093007876,-0.008119271874660473,0.011203531582354823
0.08019096486917375,-0.005528501554807621,-0.003612631118170732,0.0236832537154544
-0.05353246051112354,-0.007750474519332733,0.0006821522354217057,-0.020200240731417258
-0.030414391605380602,-0.001519113616350608,-0.0009730448181212764,-0.010968839044434148
-0.03768336524428784,0.0005209054096895198,-0.00754420933013744,-0.014902208152688865
-0.017063611992259333,0.014723219754900046,0.015526669263299651,0.00439542127988778
-0.03991743216979973,-0.01375131924295968,0.0022725810028819704,-0.017132039671235676
0.006647987448134089,0.004906158430231783,-0.00725658600031423,0.0014325185268305879
-0.053529250157916396,0.0023854262583085325,0.0008056514583957083,-0.01677937403434657
-0.004643939705110619,0.016473441620803348,-0.007814882875923026,0.0013382050083835546
0.0030896657840022088,0.004790612088837125,0.001692608969837763,0.003190959089930085
-0.031283391272516094,-0.004159572108244294,0.003118752140212969,-0.010774726305445393
-0.01069113822791816,0.005625393086209233,-0.006209687606202016,-0.0037584738241593983
-0.005489842782703156,-0.0026590966356792507,0.006517945670289354,-0.0005436640390331015
0.008288597447861921,0.003964021487278773,0.000572484277123269,0.004275030129053584
0.03335433656156806,-0.013816119833025685,0.0065663384658254855,0.008701509696604222
0.04388136356486034,-0.00023847270058424165,-0.011859232519803944,0.010594542186937936
-0.028937331945711676,0.004809981724798872,0.0033707656536242354,-0.006918854603568
0.06516426216140482,0.011388971035566667,0.012445061193009978,0.02966606846389569
0.02514610263320997,0.004808128396748345,0.015044905619776523,0.014999697216866063
-0.06724893131841009,-0.0063847120834045045,-0.014852275885191677,-0.02949527693369566
-0.05424327943993718,0.013237577386725147,-0.0004158992084258657,-0.013807186613345545
0.002149441715872726,-0.018149307536744392,0.001217002413946045,-0.004927616208020738
0.017589803925988495,0.006526467546021515,0.012040717110822167,0.012052317475281198
0.02140046019070548,0.0029158299763696995,-0.008224941709401327,0.005363777455441797
-0.014232349324481083,-0.0007156758521369278,-0.010716242805387745,-0.008554747439245924
-0.030030569768868805,-0.006891819125250331,0.002032099446271851,-0.011630084852519278
0.015754667398961083,-0.0006624481075772605,0.0016779355351876292,0.005590046018805542
0.007770931457920736,-0.0039274678308940806,0.009614822526754165,0.004486090898498222
-0.03233291546302529,0.007225877452553224,0.009111892025699715,-0.005331709996542122
-0.03541792209889549,-0.00040881120643515274,0.002237802066910102,-0.011196299216496433
-0.012779111401510064,0.008502589379572534,-0.0002631001367074928,-0.0015132058730076212
-0.021519926408180852,0.0016923218065099392,0.007639793434284633,-0.004062599659858371
-0.03914879096299423,-0.01540870367641219,0.008328156015349373,-0.015409764131572806
0.006319130707441303,-0.0015782697098100113,0.0028392673469430437,0.0025267069214819967
0.006382874423721893,0.000619593963285371,-0.012753092758568339,-0.0019168728736455676
-0.003408156169599635,0.014778953678438615,-0.0020512899997100708,0.0031064993965404667
-0.02068390379940969,-9.082873039507574e-05,0.004784711274106626,-0.005330001755225629
0.011196492701298728,-0.007912480089876665,-0.003734070363284527,-0.00015001910060157057
0.06777880134587506,0.006200231298342742,-0.010624576302611703,0.021118130995716584
0.05050944061052211,0.012152114243632297,-9.318117237291251e-05,0.02085610370446927
0.021219671241118995,0.013749508465526215,-0.0045081771347328815,0.010153657370303252
-0.045828389079651435,0.010964186107858152,-0.01630385042645293,-0.017056000743397606
0.014994457385858376,0.012922810806753265,-0.0009874992891701717,0.008976580657890854
-0.01926699036530207,0.006909951961815552,-0.007475425698100134,-0.006610814756374184
-0.01071712625683243,-0.010912191774109821,8.036951444260348e-05,-0.007182975655850377
0.08235284398283359,0.01224609058773089,0.010411616941973189,0.035003482167328716
0.011625042862218285,0.006279827504567791,-0.004448391467447372,0.004485488480953268
0.04985587714825338,-0.015243450034041147,-0.0019402799643390722,0.01089070482590867
-0.017369307347177804,-5.054386268282514e-05,-0.00025806482615855207,-0.005892632786034382
0.0055935016720954165,0.014274465901634172,-0.006145583358980435,0.004574123497454979
-0.009386651908049444,-0.003713430003829023,0.00607521266228532,-0.002341620741574632
-0.02123050066708269,0.003958453465825323,0.009767241300537272,-0.002501599465304732
-0.02198940307175238,-0.01177858412587636,0.01290144224675095,-0.006955508028110946
-0.06267154713612258,-0.0084819489973502,-0.00196602675807597,-0.024373149924008616
-0.03160391068410177,0.006207962510940827,-0.003783169620822259,-0.009726362871621801
-0.01901328733922951,0.005839599760958701,0.006240600372777261,-0.0023110267574687807
-0.0020412289910864165,0.007783587426620842,0.003420783411736436,0.003054377561376338
-0.03881787757433275,-0.0013924000140161335,-0.0017428493429355097,-0.01398436165938582
-0.006860160728744987,-0.002642794941286342,-0.0036239743641198,-0.004375638969073698
-0.008035397241260093,0.011422133377471194,-0.0022588021104492186,0.0003759776326092854
0.02531548170315944,-0.0031359863283859485,0.00212703165907869,0.00810216757577505
0.007941147263195449,-0.006069369516802823,0.0017420383499811558,0.0012046041608525615
0.012710087131877348,0.011925804021338625,-0.0009700338555035746,0.007888611210618367
0.05137015634264568,0.0030593340067300552,-0.0022387763850768754,0.01739688725786163
0.01896713201230898,-0.0005214078009069622,0.009847352311654041,0.009431016076659846
-0.02720673669348697,-0.002986354439544881,0.007898369050610698,-0.00743156659589969
0.06915471263897184,-0.015340156049911673,0.004578425708748815,0.01946430796827556
-0.00010714415497081482,0.009349413966816223,0.00037278735778237834,0.003205015851523539
-0.016291515219544066,-0.0069885627341276756,0.0022577545457454044,-0.00700743412853431
0.02651787475254872,0.008751336869990736,0.006894031488923631,0.014054400316073325
-0.022127547211004104,-0.0039060203973472463,0.009612220663131086,-0.005473776841291107
0.002075684361744309,-0.0010905635807132415,0.005586946469953313,0.0021906868929723764
-0.03617082043168277,0.014047823062406288,-0.005581101100122866,-0.009234690255100294
0.015138323345175219,-0.02526467816923858,-0.01011269288433949,-0.006746342489785047
0.0072420564326883645,-0.0070337393685849575,0.006172153692064083,0.002126821458565578
-0.0010098253258709051,-0.006245068321946333,-0.01157460315541579,-0.0062764926579120745
0.02877054810956958,-0.008563652416586243,-0.0008815667099259729,0.0064417698859094595
0.04406274065544579,0.015213267858059933,0.002237843862454226,0.020504596954035857
0.003726187406756983,-0.0024275907193353967,-0.002882392147693581,-0.0005279312921588448
-0.009756002858145854,0.0008634726564274962,0.010058133440424355,0.0003885340243675862
-0.07957380802679874,0.0005177630217295871,-0.000348785840701185,-0.026468250480313163
-0.009680317202149749,-0.0025569328038320986,0.004184147190647866,-0.0026843649207437224
-0.012849466742351177,0.0008267610451581403,0.010603504394755445,-0.0004730666277454301
-0.004323600919097288,-0.0026210989289172037,0.018945706883140078,0.004000331678039517
0.007242534254529795,-0.0018369291308520746,0.001626758664980151,0.002344118918764694
0.008215568350813008,-0.0007963209594717523,-0.006169913823714906,0.0004164441060975939
-0.01611783262409325,0.01855908362446187,-0.0041352643590582844,-0.0005646705548921015
-0.0554016368275511,0.014927856272512674,-0.013231079260038487,-0.01790160203673903
0.04488130481236366,-0.008339811501755457,-0.014374977977303001,0.007388831055596622
0.03383992110878555,0.014688064114201612,0.0057537806629160155,0.018093903868045765
0.01653424461374981,0.0003033999534508573,0.01656445491112702,0.011134022025409404
0.042070736283359396,0.0017380486911239656,0.006400913698787529,0.016736549487857407
0.03557255258196805,-0.0015349142890085914,-0.0011752387109962492,0.010954122239854543
-0.007842647876958828,0.0066665470880837956,-0.014119961549503953,-0.0050986823474388826
-0.0378287345740395,-0.017645609204535135,-0.009840139690419254,-0.02177147271817014
0.03238381217843108,-0.016309584646860366,0.01164574629154272,0.00923998203437987
0.008839232451493671,0.0029166941128541198,0.0014257820400705623,0.004393898474236583
0.05678420523668222,0.00015567653459331557,0.0178304525815995,0.024923419860846896
0.008211086345338842,0.008402638029420447,0.008080316613002115,0.008231338764573472
0.025561021753610844,0.005182967258725245,-0.006314052805215697,0.008143303925728061
0.0372907530268952,-0.004978753800264769,0.001817164623530498,0.011376376573665692
0.02888437803493693,0.001956841437166777,-0.0019632365537203835,0.009625984680133468
0.029009419856398246,-0.010588137262543859,0.004616895283453572,0.007679384946376693
0.004197484651262977,-0.0004956911925326554,0.0004533452282427901,0.0013850448439448081
-0.013068149743165239,0.004810966609421323,0.008401155998157954,4.7990906813724845e-05
-0.007918059595696185,0.003902917809098595,-0.0025273823587385917,-0.0021808392009373453
-0.023562134824099436,0.003065759337492325,-0.005499865979102479,-0.008665405156489375
0.016939370421158718,-0.0012922409019992427,-0.012004013820217877,0.0012143706852752994
0.015508718220010265,-0.007673923384371801,-0.0028094783099530548,0.0016751038334562943
-0.005284092721407327,-0.011153456049187457,0.0031941735360345048,-0.004414453997061681
0.01723670179855548,-0.00018090356184380743,0.008743287889644154,0.008599686775756567
-0.026996965560084504,0.0007519206672031466,-0.0013558868192419418,-0.009200301370397195
-0.005065756012768716,-0.013996498074335768,0.0035679865383373348,-0.005164750684833201
-0.0193858138100195,0.009993736521933624,0.0007514753688936807,-0.002880197759530092
0.011387848491118069,-0.010571433787037638,-0.0047072722657180415,-0.0012969512235933497
-0.037194321142977965,0.005735447060854384,-0.003662695617133492,-0.011707178192562458
-0.01134189999686265,-0.012541777200166212,-0.006609516494674924,-0.010164387732836698
0.08557543516309618,0.015513384379192818,0.013844506723933076,0.0383110704442986
0.05079075906958288,0.009345056007621443,0.007121581659118104,0.022419109826308563
0.08307765461369548,0.009159180784530879,-0.00048116497052739637,0.03058519289067618
0.05207723171936828,0.011666472455241092,-0.0006742616741829714,0.021023126476994634
-0.011057896973756991,-0.008963164496065067,-0.006497227919755315,-0.008839420957095993
0.023031380300332725,0.007661869535686015,-0.004251201203441595,0.008814007396842837
0.04499087150209799,0.01935120851015332,-0.00035862768841865155,0.02132779611346011
-0.04844552985843153,0.012855501683893437,-0.0215038518744688,-0.01903127431837561
0.02169518878991847,0.014612109620282192,0.007677627600880277,0.014661627342051642
0.005047917719046129,0.0003670365081935324,0.0005643578853008636,0.001993102044409471
0.014874359459225068,0.013627916012152493,0.005811869322790167,0.011438036826674311
-0.02862113538159834,-0.01504181622948713,-0.008805546296266571,-0.017489481812951378
0.007218203245774644,-0.007377518843389044,0.010213494535274101,0.0033513896278269213
0.019857346047465748,-0.0026180939967770803,-0.005954871884385975,0.003761456293974176
-0.006239101194763506,-0.004481317418028766,-0.0120224947531563,-0.007580963541011735
0.02061227818882225,-0.008596209320790985,0.0034959541146285912,0.005170669156878958
-0.029568567633769294,-0.006559843686285831,-0.006548958296296514,-0.014225775646327342
-0.06638356366402613,0.005601343624326552,-0.026213978202342666,-0.028998703748614667
0.012022776866001613,0.0028541541336459895,0.008666097907633714,0.007847668454750803
0.018308537419295768,-0.009738146244728014,0.002462369430977604,0.003677583190928251
0.03609247458006181,0.004812647235582051,-0.0018228668206063678,0.013027405304260832
-0.002932353710238311,0.006994672045054251,0.0034658510017772995,0.0025093872694746345
0.011299094525065303,-0.003153183131530983,0.016535198974477815,0.008227028562300589
0.013788065244568755,0.01483206177965821,0.015000297838739792,0.014540127080847298
-0.029798106727731245,0.018506367265026122,-0.00016789496140014984,-0.0038198743214902828
-0.01043046915177696,-0.004147889623286283,-0.0017666743114396742,-0.005448338913823276
0.0034716708493516928,0.014978514256723321,-0.013165313066740503,0.00176162225148749
-0.06344063655013195,0.006669199541021063,0.00046949531745361825,-0.01876729512990519
0.008942572640050446,-0.00711384336403924,-0.0007163944534515133,0.0003707779034082903
-0.0023718675319487725,0.025196995821210915,0.002922126695811408,0.008582409745939521
-0.01996047303230385,-0.003047031100222441,-0.009589476137687378,-0.010865649224411132
0.055849669326691755,0.008645976577985577,-0.016406782927105786,0.016029604962902854
0.040810722839994595,-0.01708406429506744,0.008276753947824787,0.010667793496446483
-0.011353242355938539,0.0027631809579398846,-0.014972410058878003,-0.007854149298135066
0.027597628447886883,0.0057546252650670085,-0.0015394915875560997,0.010604243437545222
0.015607569155612823,-0.008646103397198587,-0.0061818734259819225,0.00025986385094666035
0.015430420924867653,-0.0015797498490391095,-0.010659597300102523,0.001063690194884082
0.03028303193967045,0.007579532684759705,0.005561765452275293,0.014474762217458456
0.01475319847025832,0.0054155321309046515,-0.0020100528682763233,0.006052886524736305
0.038535915916058774,-0.002661886812642541,-0.0009113757542200563,0.011654206128847608
-0.016823983737050255,0.011365677463295006,-0.0017362014673682632,-0.0023981668488719235
0.010215966085414589,-1.510508682470743e-06,0.007165769877131491,0.005793402691212718
0.017557428769067393,-0.006273639988605555,0.0022226202796299457,0.004502131851227574
0.006136845309086705,0.006908363998777885,0.009500608501633957,0.007515265087893579
0.03344658604201367,0.0018375280008735514,0.0027398271927333833,0.012674634403893123
0.010322537580872452,0.006353719351060051,-0.0032027739126800413,0.00449115651525648
0.05664786167375387,-0.008546310830955956,-0.0032306013081156745,0.014956968221244236
0.00705186328563071,-0.0009258127574967994,0.009385540603226284,0.005170525206589688
-0.05901472990092531,-0.0019698692996696324,-0.0051593553970726656,-0.022047962817904335
0.0399236977357015,0.018650498310169142,-0.004518438571584262,0.018018567806176302
0.027785843982144703,0.016385595537132328,0.016941609805801845,0.020370996070676516
-0.010855283143647582,-0.0004498533037751803,0.008578448433783107,-0.000908895095650547
0.0385842626161131,0.013709038610871556,-0.00772484324071517,0.014856137805937168
-0.022010586817801617,0.006872247406483932,0.0017793540914265546,-0.00445299065363527
-0.028384445966883786,-0.011801715532300071,-0.005901893728291174,-0.015362669713139935
-0.010143373288508832,0.003635922084715222,0.01477430955680496,0.002755616695384332
0.00903163260971769,0.0012248740350635431,-0.0018310100337222382,0.002808496061854128
-0.035629399479611364,-0.004068469185147704,0.002906285413774541,-0.012263848819800426
-0.00852454528092891,-0.00018232340527539362,0.007367028281215958,-0.00044661302171598025
-0.0077527720904100594,0.011175022151342638,-0.0038690176571774273,-0.000148922383159084
-0.0016746112258749593,-0.011477092933346493,0.009329207658283675,-0.001274164226147092
0.06078328519494098,0.0007642243147642777,0.008403848563706157,0.023317096040684448
-0.0059569393561427555,-0.009891921006922523,0.0017084958346460463,-0.004713450129351568
0.03474984070389122,0.009395181302910907,0.008583367926053277,0.01757611240148849
-0.027884097868514732,0.0027367432914168375,-0.012986425927162832,-0.012711247456826742
0.03781218552955108,-0.003356420775035378,-0.0013009147453552136,0.011051605618103493
0.0006266796649327848,-0.005334366560529648,-0.01120313976924334,-0.005303603584671179
0.01645923870260348,0.004583684879649194,0.006026422933722979,0.009023106482209713
-0.0222599640881351,0.012638814546584573,0.003732393438046036,-0.0019629167382494627
-0.025528229727996656,0.01589976436612269,0.0042671804117595125,-0.0017870931962765007
0.04359586085457809,0.013816641106347831,-0.01199249556308508,0.01513998699261148
-0.04146940603845224,0.004611314484788965,-0.006896126681072598,-0.014584724826839214
-0.00717383364178539,0.01227199395082395,-0.004622260392086349,0.00015863314701743106
-0.04438137865168141,-0.014504909165031155,-0.012429958603075017,-0.023772058367847054
-0.03034628249205026,0.000425631044572182,-0.012669079966532088,-0.01419656294142625
0.0348169925993032,-0.007956793837964174,-0.011899556753445843,0.0049868756824170595
-0.07136228676374956,-0.0006095007584070172,0.00862710450492602,-0.021114873224182516
0.01309469970630459,-0.00951601710222982,0.008986060813467995,0.004188243617599782
-0.041462055602167244,0.006693310531077081,-0.006528562317462188,-0.01376575536374832
0.005371104794927961,0.011220722052038824,0.006873106109858208,0.007821636497297346
0.030756933406432194,-0.006309510724536823,-0.004616969462543337,0.006610144462966272
0.06041223196640057,-0.010183277024475688,0.0018450164192060537,0.017357973095719858
0.0026185344794172993,-0.010947984174019036,0.0035860285289208292,-0.001581138807419914
0.028383284434747667,0.008124476010130525,-0.0037907922214818848,0.01090564516880936
0.05095114638204364,-0.00396947577720974,0.00525886964765112,0.017413496003981586
-0.020945429988044086,-0.012937019872119516,0.0006227365052253056,-0.011086560031741646
-0.025335148073709093,0.018444001822778416,0.003263597607158147,-0.0012091816720746283
-0.028366149112643537,0.009554122110382212,0.0029995447716409237,-0.00527082213937939
-0.013337882244005225,-0.004509513533069129,0.0009383525063483328,-0.005636342120560917
-0.01523744896333901,0.002463703690300585,-0.011385492390517801,-0.008053071168106187
-0.012218166927312413,0.0016242218793260346,-0.011405914454091007,-0.007333279167405961
-0.040394109250686476,-0.0014544409715811684,-0.013710679702848626,-0.01851972478862878
0.029886750988377245,0.0077079811487202315,0.0005744551412560905,0.01272304970305543
-0.006983684198213573,0.005792590826218083,0.011283029190581842,0.003363975242216844
-0.03015914296830183,-0.005627706808413429,-0.0031266719244032143,-0.012971160929198923
-0.026726998922459087,0.004116864089278051,-0.00551010649638233,-0.009373404403107344
-0.0346543286843852,-0.001271315400338634,-0.007667660683206489,-0.014531087058208518
0.015753767821176,0.0020301939931414103,0.018498634151554706,0.012094186561092051
0.0030664090111212705,-0.00254851062516885,0.00551571589428667,0.0020112027488749366
0.04355516321953361,-0.005978666861512625,-0.0040163868265581625,0.011186691990451096
-0.056406712903127335,-0.0009883542838030434,0.005013707923795331,-0.017460435627258596
0.08387309935431737,0.013692545346139002,0.00828653330819397,0.03528402405215745
0.06933281608454603,-0.003449501076931629,0.005935911613331039,0.023939718267239604
0.0351648259517158,-0.0004099704044874191,0.008960695721062987,0.014571835850913366
0.07109695219287449,0.014290745618993001,0.007392203903921542,0.030926602978629106
0.0022593951649042417,-0.001163095290136589,0.007338032514831961,0.002811441318422408
-0.011092838659930644,-0.0020169928833501465,-0.012204632396710147,-0.008438146208508999
-0.002023080000875329,-0.0006562989822072636,0.01189065814790844,0.0030704233178488944
-0.0028821310425936855,0.004002541720265885,0.008643242091680632,0.0032545476685666873
-0.015024372319996936,0.008111553390887753,-0.0002751798938805609,-0.00239599721166364
0.01464376417229993,-0.010007556258335448,-0.0007279552294384949,0.0013027495920911012
-0.02046352726467935,0.0033742391176374443,0.0031534343159291375,-0.0046452799650863125
-0.038977105116873204,0.0023133338755442394,-0.00014644392226219696,-0.012270059451125333
0.047376577095291014,0.009304537686939045,0.004096719140455412,0.020259257714950515
0.038754479753894906,-0.007432476120484673,-0.006708462589694002,0.008204505476725063
-0.021964595766977874,-0.0016771314491475014,-0.0012678063249164204,-0.008303169543836085
-0.04562902312364457,0.01915778475873731,0.003182302419747591,-0.007762970885407909
0.03804173156782322,0.021504611667610533,0.0011042163257979243,0.020216832970224037
0.0021616818884468572,0.004505761295457188,0.009494699366354225,0.00538737546270524
0.010353483951746791,0.004491676933041496,0.0001612842606351926,0.005002143379659444
0.006805464969054276,0.006582591496185482,-0.0035685815704264456,0.0032731550251128057
-0.0287087711754668,0.006142828539429205,-0.00212549830160294,-0.008230472082066531
-0.00993235963102692,-5.753953435850634e-05,-0.007396751058147398,-0.005795544278960867
-0.02083781020380302,-0.005025271787871682,-0.0012529471149886335,-0.00903866733021141
0.017306244774134394,0.00507208810167907,0.0017588296162295925,0.008045712784960187
0.042920594364694954,-0.00022254837846271542,0.010196109644192068,0.017631367578756225
-0.025571272878875576,0.00036858730256572196,0.007616371883630528,-0.005862098702121877
-0.0587157431798893,-0.00011650553823405621,0.002400301089734923,-0.0188106303988136
0.07609240958598355,0.013182433707019107,0.01072899495053851,0.03333457941323431
0.03670886982212567,-0.017363460136786083,0.0010793438719715626,0.006808244377519197
-0.027412649902281577,0.0027191602261750236,-0.008321948039709013,-0.01100513490012595
0.02062989566289096,0.0006604080553111917,-0.0031975792887015855,0.006030902112258712
-0.017970557044773967,-0.005977518335708344,-0.0028282692569488593,-0.008925439287028844
0.06342660969922198,-0.01174444356538143,-0.0017488590614421025,0.016644419046363792
-0.08389549938267728,-0.0067176386602221215,-0.008870241231967014,-0.033161093263829045
-0.012427298593916239,0.01481175253130314,0.013473042047479691,0.0052858267091235355
-0.08050572871604565,0.016978909122503102,-0.0004955609638204121,-0.021340772178327465
0.006338373733740306,-0.012202243328635653,0.013318577885319918,0.0024849002785720933
-0.008053593803938618,-0.01834697908132538,-0.005475372689356382,-0.010625304566224934
-0.011555612932739167,-0.005708259554228611,0.007480292098715981,-0.003261190201557136
0.018019811653570295,-0.002674261633357511,-0.009383395282153663,0.0019873829253014615
0.012322150441479345,0.00614142767588121,0.004191294423050069,0.007551616628512695
0.014570820267772394,-0.006367839846261413,-0.008120648348117978,2.744399702031008e-05
0.05844714084583467,0.011185052562519848,0.01620293846471328,0.028611682012645304
0.035141671313832466,-0.0010637824927886568,-0.00017847264439028185,0.01129979409241245
-0.024550623225347786,-0.00532892356873066,0.019298020613410176,-0.003527171866380697
-0.05796826081060093,0.0028849101826408283,-0.005677757485146066,-0.020253682450666017
-0.09845132442567953,0.0072565270357293175,-0.003323549086540941,-0.031506083986048226
0.003463552427056252,0.005259101754856567,-0.01143222314789687,-0.0009031887521383618
-0.013704963451586831,0.004752673234799094,0.012972737348280647,0.0013401477036819262
0.051567866317272996,0.00729624580085804,-0.011590900959848556,0.015757721295023775
0.07311453806446583,0.011589754115118901,0.0035803181209307423,0.029428174005301722
-0.04459735086165214,-0.0036531825927278512,0.006804814840382072,-0.013815225722759767
0.01632699807509492,-0.0022303297626222037,-0.005240595647657283,0.0029520212695809227
0.02815392072539052,0.016033531530982886,0.010831498911060923,0.018339632049494386
-0.004784789823097326,-0.0067278126922640505,-0.000604676186606825,-0.004039088861563167
-0.06251575456893779,-0.005206808118228477,0.0027047722658071188,-0.021672575134522906
0.013207900679402093,0.006838780632056753,0.009590711390318474,0.00987912102146154
0.006552993911620682,-0.007245378449711315,0.0010113697402451924,0.00010632829438978545
0.029983794949498776,-0.005472209548593837,-0.006785417127542043,0.005908716849064874
-0.016056436397595072,-0.009773470116849689,-0.007266462991939875,-0.011032112136671709
-0.034177788370994194,-0.005956778476238148,0.003029460854355253,-0.0123683562959237
0.031239590199934792,0.0033060990934059855,-0.007787867587739698,0.008919264982593125
-0.05273746855526089,0.01727287465804722,0.0007675826027254308,-0.011565658865825647
0.033082554150989076,-0.009282849885727031,0.014566959827071978,0.012788875241889977
-0.015817396249268492,-0.021506539053455617,-0.019629059182784406,-0.01898431251083801
0.04510967810038159,0.00914003876429326,0.007577743548972265,0.020609132862062236
0.03607795439315358,0.006380521608042032,0.010033951350563902,0.017497458286444053
0.04321703709434002,0.012496057461105032,0.004508919485804638,0.020073984606411882
0.014147761783560404,-0.005279696206169407,-0.007920213255431697,0.0003159504580356595
0.026679966212335367,-0.005729758486048851,0.006426799805292108,0.009125660051523697
-0.042663600723355025,-0.004913152984986538,-0.002930533381001408,-0.01683574552735196
-0.015183272961962795,0.003184433645059341,-0.0015177199801073033,-0.004505515260150486
0.06119956867159991,-0.005903596925406957,0.003708106413866757,0.019668006385327185
-0.022986450713859824,0.024126586053748615,0.007614972029530032,0.0029183662047704857
0.03157170406515685,-0.012956260409991037,0.002532536947778971,0.007049319818321394
-0.004514353405222495,0.0031241344821644162,0.004539989096754211,0.0010499223413086528
0.033697520377009224,0.0038847602884949854,-0.0007210409463711592,0.012287067619297777
-0.06973597955934764,-0.016634359516214784,-0.0014018619906501191,-0.029257371098003825
0.05200737408531603,-0.005843286122434248,0.002976216107655339,0.016380084976744348
-0.03602506163665832,-0.0031207986431828543,-0.002966746404025133,-0.014037521523753208
-0.004623296283384275,0.01789009832416826,0.0006056814061724341,0.004624156524824323
-0.007890419301997928,-0.007902409312333313,-0.007412823989309109,-0.007735209799329249
0.0033976244773547054,0.010542445068123952,0.01635531367709208,0.010098450975729171
-0.032500824637866674,-0.006919363096052983,-0.0008206467281826764,-0.013413598073755957
-0.04680337487938226,0.00857613129225915,-0.006607020140682828,-0.014944739631180736
-0.029961138719966546,-0.005587507821191879,-0.013097109714842264,-0.016215235870081477
0.021237432751701767,-0.01431197271429,-0.00023849002007196086,0.0022289877767899292
-0.022861924669333844,0.008149759133526037,0.007378415828497143,-0.0024445807911869857
0.0481835256464749,0.016916372986845406,0.01554263841066109,0.02688081880048145
-0.04288613731131052,0.003020278088177917,-0.005467886837691989,-0.015111233575692842
-0.052016883307270265,0.0010100055439358998,-0.002888794082899995,-0.017965205983520836
-0.05128794704376778,0.003923038462392928,-0.006514778838116842,-0.017959877846601423
-0.02322877731643303,0.006417334060896536,0.0002413059949466118,-0.005523373563484208
0.04620732503320219,0.00010379659888703108,0.003862530053974326,0.01672453383747062
-0.02775142244514276,-0.008918646279305832,-0.0001032258213350041,-0.012257752590829684
-0.009623687652280765,-0.0006321527010603572,0.0045488992824053096,-0.0019023117879982472
0.03787951315222987,0.01864769869938583,0.01906933766494881,0.025198824640005
-0.01891246998049374,-0.0016432984948970132,0.0073616185257826,-0.004398045585152734
0.02716725673983404,0.009571029952269487,-0.001157087526141081,0.01186038786158776
-0.015331086703676177,0.015695292542407518,-0.0008599433781466522,-0.00016524568122592407
-0.006205863573504498,0.012433125766631905,-0.0006509830497373283,0.0018587578557036457
0.07562173886096564,-0.0007033255314306447,-0.0007441265995963493,0.024724737518550637
0.038622116974874096,0.013802923208947904,0.004553962012587364,0.018992981739135724
0.05652209158427539,-0.008198243804146405,-0.018399461369792126,0.009974785495316817
0.018414055954629298,0.0022177852343438853,-0.003865507038166504,0.005588772461490843
-0.004456824464453304,0.0033024674313920192,0.013760237522971008,0.0042019559613430775
0.03915505689450651,0.025133348548834363,0.0016806435551713801,0.021989661009821086
-0.009454497435667484,-0.0006189482466963785,0.0057157684432600445,-0.0014525576271421927
-0.012885854382644064,0.00695585949833208,-0.0017088567416842066,-0.002546281329048188
0.016477493311853348,-0.016838470792614094,0.0007877363599255387,0.00014225281746863824
-0.05740014616671874,-0.007981699171694398,-0.006536850675408504,-0.02397287469837521
0.03656337799584696,3.932955952097258e-05,0.002207199109487492,0.012936622618316254
0.007263944389148257,0.007947992055312223,-0.012736305679509782,0.0008252094297733109
-0.03679662864466078,0.00371964491983086,-0.011844619756013513,-0.014973852853079983
-0.012794032942783064,0.006084434574658641,0.0064643567285874205,-8.174713143178726e-05
-0.024572597214929357,-0.008355281083555178,-0.005454280692122884,-0.012794040202816142
0.016863737139579924,0.008288773039570678,-0.001280901873352535,0.007957194811396586
0.0042585128286334,0.004660049787956589,-0.004228114906363049,0.0015634810065930768
0.04061188701349585,0.0037742535070951996,0.000825217909591998,0.015070437739608205
0.04000798308585506,-0.010026719387189055,0.013487868296128863,0.014489696175220959
-0.02803571586249028,0.006110186272317806,0.0005956545995387927,-0.007109951220252896
-0.04731313176098668,0.007276314430554484,0.006576468765182858,-0.011153438368300257
0.05128200584659965,-0.011245524946859518,-0.004064295534033641,0.01199071646450704
-0.06789956333800337,-0.015730158139554855,-0.010400164330063404,-0.03134326392591194
0.026899650054393973,0.0001441965061676221,0.0006916549100746404,0.009245157911711589
0.015906688078091608,0.01653200369186635,0.003399446977985622,0.011946034303268278
0.03921841674826475,-0.0056261216342758345,0.00876403169313757,0.014118761483599893
-0.020017988786729432,-0.0006412679997648624,-0.00790270351816725,-0.009520643914233747
-0.0025957351608038057,-0.004705586133544637,-0.006191521966164022,-0.004497609922556401
-0.001199307015203543,-0.0025372801489877213,0.012860883485445677,0.003041429065652697
-0.023112015092207075,-0.0007450780597367503,-0.015107405548455731,-0.012988153245300284
-0.002157158084760927,0.0022912040123757413,-0.00015517028383929153,-7.041445033373723e-06
0.05359337046971266,0.011528377371611767,0.007454037787814383,0.024191904351117725
-0.03273923754789935,0.005788879589359158,-0.002635860606053717,-0.00986206299279178
-0.05431062977566231,0.00198286993553429,-0.003177088745719274,-0.018501597693666237
0.00630859066044856,0.010761446040612757,0.009445956159531704,0.008838655448200053
0.02437255003510045,0.000361601197331709,0.005662271021624305,0.010132130619211402
-0.06043509740025497,0.007931438790710555,0.00668262472878871,-0.01527366268657394
-0.025240171429303484,0.003788669627658227,0.005153193988432321,-0.005432763838301708
-0.05022754051081078,0.005122486064888149,0.001228258479609399,-0.014625584029839088
-0.009756795368198705,-0.006237848117346067,0.0037508896839820107,-0.00408124718593632
-0.0013167089418864718,-0.0014363098421633614,-0.007527205210037743,-0.003426737904621194
-0.0015565588881907406,0.007837156006924636,-0.00667221493587652,-0.00013053914184160234
0.01985920412750057,-0.002296017465953676,0.004330861335046117,0.007298008700848338
0.0437686152780352,0.007906375386716298,0.011911847666188174,0.021195591581367114
-0.013200838707671605,-0.0109089257331448,0.006641527348668692,-0.005822739874636873
-0.014216274666606282,0.0034504849281815166,0.0017871519652468471,-0.0029928762648467147
-0.04924422096104508,-0.025553912667541295,-0.008304492197221723,-0.027700847574394092
-0.013580355937448607,-0.006028518213316685,-0.002426791993314417,-0.007345214702804521
-0.03393812565214666,-0.009859664763383656,-0.002423071673668724,-0.015406938622778983
0.012724710837306471,0.012012500344328388,0.011599845556167776,0.012112340133581966
-0.003301076365333645,0.009759550097899423,-0.005258570481159413,0.0003999673505010378
-0.01883846942519448,0.012967224502846531,0.006528459464665359,0.0002190712950342889
-0.023453890018265273,-0.003714595451321139,-0.0055201953277694265,-0.010896216036225015
0.04364122801079703,-0.0063544614878107055,0.010456005243932618,0.01591424134138239
0.02153083970172366,-0.007271813897562108,0.011840927098186012,0.00869997560079822
-0.008164073782573347,0.0010425834208496604,0.008743273111985394,0.0005405937094929856
0.026376073392098888,0.010278190177845875,0.012436499411055848,0.016363571296745875
0.01671693858374807,0.005397321748285466,-0.001590495149786915,0.006841248219493813
0.018669964793308534,-0.015210337936855365,0.009374383446066552,0.004277999156169806
-0.05438421278721323,-0.01141232751018922,-0.00334567623715384,-0.023047382464113253
0.04879611775458137,-0.00210210711473298,0.02007281104937261,0.022255584974133102
0.0182119312885165,-0.011969355795817338,-0.002434815455210133,0.0012692520765763306
0.08989922064005182,-0.005716448079132797,0.014052314143366785,0.0327449961563997
0.006310505766099382,-0.005392440454858122,-0.01463802535278049,-0.004573315440526395
0.04818937552420048,-0.0010772654583188859,0.006849194680894677,0.017987083595157174
-0.03967712456683481,-0.002819821716188084,-0.012665314590856845,-0.018387401903872953
-0.0023736521150407312,0.00030634837881142566,-0.014721608712170821,-0.00559629855316256
0.004981936550701766,0.005311347335475143,-0.0025641446176886693,0.00257637717978299
-0.013416308961098106,0.008955112553093399,0.0063182151769908285,0.000619005637322451
-0.013695438145261842,-0.006088925193291012,-0.011722515016780679,-0.010502282282818392
0.0524283129079555,0.0004022994470261397,0.001491392684817544,0.01810731690593138
-0.09036138783932995,-0.005939344173476266,-0.006811190002821783,-0.034370606301235326
0.008234714328947212,0.009747119103267811,0.009123409728098214,0.009035072018356693
0.005925119200383423,0.001183124060799973,0.002012612647399535,0.003040282262575674
-0.004880174481825504,0.0131225999191108,0.011780196258415504,0.006674200557693034
0.030226628463400178,-0.0007564385340492142,0.012402603553580253,0.013957583870045911
-0.054967420118186776,0.013529675596367889,0.002351942847011546,-0.013028587529668555
-0.0064334383292791,0.011192283750397632,0.010690827108690803,0.005149885693378935
0.0001603914125869418,0.0013450731287348618,-0.006453905509292415,-0.0016494786731765477
-0.009601902562950227,-0.007150512127504656,-0.0017638164553541898,-0.006172070876525976
0.01978527248056194,0.004286751993572038,0.005029146672614594,0.009700380681859142
0.002480247910186234,-0.00580008650802088,-0.005431262641702675,-0.0029170308294786938
0.04325981658140657,-3.564274749353648e-05,-0.0007765943438598571,0.014149179014157895
-0.02221558124739801,-0.0017846944481933543,0.003716797877922189,-0.006761152511397119
0.03664973223398646,0.0022066129004335786,-0.002139754162202331,0.012238851418542245
0.042795807312518606,0.010543704338711279,0.0025799332443881707,0.01863979632539105
-0.036573369040813784,0.007795121273301088,-0.009165970757008665,-0.012648060193434278
-0.0005917273883258279,0.0016203542286890235,-0.0029608978950115368,-0.0006440897074590955
0.0088150811028486,-0.009244727233921748,0.0029744898319796482,0.0008482803853542667
-0.017267385630616153,0.002684224701279532,0.023703831329988413,0.003040220426660464
-0.029859333249687526,-0.0015873286434249846,-0.011370825618281606,-0.014272481564635535
-0.02739223276458709,0.004634622420271243,-0.0010759803295320182,-0.007944522280085731
0.05710413924193607,0.01161229954141574,0.011791481624274847,0.026835946633235415
-0.029110462855938445,-0.007744371839971762,0.0010514794606708488,-0.01193443981062804
0.005225406608872789,0.0034585528333449024,0.0043847904774400774,0.004356245616969283
-0.02367869120014209,-0.0032538015270724596,0.007568587467777391,-0.006454628631843966
0.009959544995398178,0.009265885667809545,0.004412025112069661,0.007879144045940535
-0.0005837754784729838,-0.002064044343077568,0.009990964937600436,0.002447712590968256
-0.023953296824722393,0.008146192258160953,0.014399902939432808,-0.00046906673997566833
0.09331023889848716,-0.014454731793913836,-0.0015300240300912603,0.02577513524966633
0.00938303219768189,0.0003615592116748459,0.004267751254304578,0.004670776217106216
0.002820325547338242,-0.0016063383143978941,0.010597246464769018,0.003937073962158556
-0.015632758774515212,0.006418892216214754,0.007856927928614976,-0.0004523124242489507
-0.014122758232849808,0.0027961721755333335,0.007020680309451976,-0.001435300480652917
0.008547612199025539,0.0033760229197275574,0.0002133270856199504,0.0040456500224702804
0.08150986056739613,0.0054617090538409165,0.013219805124188008,0.03339709151801677
0.0031603058148186435,0.009133589128643474,0.011822392023928785,0.008038754283701311
0.011594906979061055,0.005576598206824934,0.0210451721360669,0.012738879701758523
0.0382743929908531,-0.0038485446969475675,-0.004853093272934088,0.009857575149405474
-0.0008346479409668578,0.011516272786042251,-0.005339405139283614,0.001780738121190691
-0.013779421061275662,-0.00622905445239552,0.006540014806565502,-0.004489482412881657
0.005450497090974128,-0.018903807741878116,-0.004065357040317007,-0.005839550057517768
-0.015267241679611344,0.013381044833735197,-0.00047995891998709145,-0.0007887177999024903
-0.013507247943971606,0.00045797179209822403,0.0013083777731812177,-0.003913628879264595
0.029880748938418994,6.658806564301524e-05,0.003257849787814909,0.011068384528896708
0.04268953452558866,0.0007275871609276071,-0.01040292726445965,0.011004720469287396
-0.0020142875365815912,-0.016304204951870432,-0.00022773842637736148,-0.006182070789532823
-0.019569416380295124,0.0030990983489860915,0.014690843259710564,-0.0005931576640412326
-0.04131747583538784,0.007909606458008395,-0.0029778533776963706,-0.012128562123117687
-0.0358176129744626,-0.012405462546237164,-0.01656016697952503,-0.021594392572327432
0.03681201741365106,0.008509433906833262,-0.011679344440227878,0.01121402441271652
0.003986621195170685,-0.005651372993965409,-0.013024990870649006,-0.0048965759932336865
-0.001651842238714871,0.001232886330188631,0.014051099442336991,0.004544043300555739
0.02284078248412646,-0.010178444768593508,-0.006757521691199468,0.001968270039839154
-0.021355822044800733,-0.001774096638851194,-0.0026326156382301793,-0.008587502853115927
0.029373829108974472,-0.00020268848137488193,-0.001388882351197631,0.009260743498047895
0.02620883864744705,-0.012684292191976858,0.001766878702444418,0.00509713662216315
-0.01749963441310001,0.003948876133788702,-0.0006585347210357282,-0.0047364262636846784
0.011364108667893833,-0.003645571217962887,0.004974573445533538,0.004231032734117863
0.0037274498923026,0.005478627240683857,0.008852594601934534,0.006019551225416419
0.002623356277010863,0.018550503357043314,-0.009754881569665778,0.0038063222151367786
-0.006771897195960436,0.006366902530828953,0.005878671314746547,0.001824557058646138
0.02877741513277451,0.001239470238540093,-0.00038834772233890054,0.009876169340146018
-0.0534351402342925,-0.012496075841186168,0.0034264426463062286,-0.020834903641466337
0.002996473416918689,-0.006577094067941939,-0.0010685950733102293,-0.0015497370250392515
-0.04357313883446563,0.0036790371743208286,-0.012138661045081002,-0.017344236890821034
0.06870741816958999,-0.013009956782074407,0.003687250374864889,0.01979488412588957
-0.01278815327934395,-0.008147357124257964,-0.016698167446508105,-0.012544546738810723
0.014621230424934697,0.0010742052592645362,0.007736629009212924,0.007810680420449154
0.025841052156786375,0.014724394945608246,-0.002283901153370643,0.012760502555826008
-0.03387814710289429,0.007452635941869948,-0.0033165103487316576,-0.009913997255911494
-0.016686776842863238,0.01056491154270476,-0.010422873055676232,-0.005514907270365452
0.054411807676531455,0.0012736137314606102,0.00826529519949964,0.021316884218925032
0.010882137635797267,0.001439301864613439,-0.011379273427410588,0.00031405504361134824
0.0539705752905016,-0.020383372734751076,0.006142547897887462,0.013243236907962511
-0.02165774864255959,0.006259545591797705,-0.0004756259166347689,-0.005291271031189229
0.003919527646973603,-0.011564267984724019,-0.00034964407200128956,-0.0026647921384557655
-0.01400899530671429,-0.00042510829750521566,0.005836579249045928,-0.002865838585883074
-0.006008115886916219,0.0020016066144727556,-0.0051782659077345555,-0.0030615886651342793
0.006640707807456677,0.01010001981562657,0.0042780878207602955,0.0070062648083427
-0.0004384230564273535,0.021712326712012953,0.006617861541198965,0.009297245768339788
0.04146496465345706,-0.00418708150089402,0.006576769236147631,0.014618202844686094
0.017238589066345778,-0.0051597435283321225,0.0043621237310733744,0.005480317609372586
0.011891685146234714,-0.010275083892031403,-0.008493721094098673,-0.0022923709875918405
-0.04394010816188648,0.003523202140355123,-0.0077428364512067745,-0.01605323143766522
0.013980216800467113,0.008314659461620667,0.010725651891328751,0.011006831710962792
0.056374837180418885,-0.007271638472378916,-0.0063617488238875974,0.014247135714234162
-0.023756956289691596,-0.0009655522278939412,0.0008248698492149969,-0.007965871590243957
0.022646868483345576,-0.0021447854508635277,0.0021276319325464928,0.007543230778437858
0.050439163096882324,0.011608992608174105,0.003471406243158974,0.021839832142884482
0.028454363095111367,-0.009332962119287695,-0.0012181014903405439,0.005967760527394547
0.028645800487009217,0.006890918569709329,0.0006824455507585652,0.012073042796104168
0.012626866136016782,0.012250668989348769,-0.0008079084206856187,0.008023200878351074
-0.02123222339688913,-0.0011654885132857595,-0.0025128281723523624,-0.008303505057329056
0.0034238843300469024,0.0016286456765855894,-0.0004270510256015698,0.0015418247851839803
-0.012421631330505601,0.0005855193386258402,-0.01278932118214607,-0.008208469516197553
0.006736102797065368,0.011974730855995297,0.010437465174321163,0.009716089893027666
-0.02164559076409886,0.0055251838638445405,0.00023195915510364814,-0.0052961439522343084
0.07194263353748724,-0.007589321971660073,0.007763702649933226,0.024038980699582057
-0.032590702502048235,-0.009780704394840373,-0.01506113596646373,-0.019144161810269823
-0.02399235776976561,-0.008776561177114716,-0.016347381208906615,-0.01637208367982893
0.008446595970349621,0.0016961201203122469,0.008504059716523758,0.006215585720136606
0.08183064846475553,-0.012365960597396537,-4.52753316629663e-05,0.023139781038761163
-0.02646352001544974,-0.0008972322664368325,0.00247228219387948,-0.008296148399845668
0.07806157503474699,0.0038050899022827613,0.013481323601550597,0.0317826310635306
-0.0066840004707317685,0.014226498476491828,0.005814847117186566,0.004452443921867167
0.030193587258295542,0.013128763628630798,-0.005116559984938542,0.012735250898732299
-0.01700282147820046,-0.014907700476952307,0.011001811749299498,-0.006969563099047687
0.051157276870207366,-0.006727816552033517,0.007809888913954007,0.017413098997592875
0.02228593645965419,0.011879142179071942,-0.002550601903133403,0.01053814837370533
0.02001828804129422,-0.004137354274185716,0.011123211933828547,0.00900137289893045
-0.0327471394675925,0.015552817901137437,-0.0021545297977653708,-0.00644961067178969
-0.03895120161870785,0.005921954201945178,-0.00019565634178085058,-0.011074956844546586
0.060008972056343195,-0.0025994297303665167,-0.01229629258610187,0.01503773487554169
0.05628078160739321,-0.011847910838049097,0.0150023270029725,0.019811712779039613
0.01243437655595687,-0.0010344867923436866,0.008161289966994167,0.006520386723142539
-0.005893311755093443,0.0048925067074207665,-0.0020175921521203483,-0.0010061313937986083
0.05431658741652774,0.00033823750223791556,0.0031529287210394436,0.019269231944017154
0.017548180965726495,0.011984289469807565,-0.0013053032018058726,0.009409046335520317
-0.016038988427977706,-0.006509644802368182,-0.005590030453895688,-0.009379545181859296
0.016647047550793465,0.005892218916542907,0.011219691396924008,0.011252974701767504
0.0024484538875896873,-0.0034106892570559054,0.002228003868386159,0.0004219224110504805
0.013300898521195847,0.013513811662508994,-0.001769665006062467,0.008348340044199066
-0.03323454624309585,0.006956172214356681,-0.002317197878156981,-0.009531847770441415
0.03994684752855676,0.014082661519944762,0.001904061672863667,0.018644504929264824
-0.05070120019933386,-0.0050278060937284435,-0.00877253037030818,-0.021500490720611273
-0.03227890622298596,-0.0025244615605837127,0.008477155003701498,-0.008775395484551798
-0.06774565139357773,-0.010277564539892078,-0.006744105321116672,-0.02825574549575507
-0.018402448736795633,0.004766300922779714,-0.013737976388304134,-0.00912469894273195
0.024493392154443377,0.011160883672572721,0.0006210444597089593,0.012091761337134924
-0.054316271166727235,-0.011617480363444952,-0.003622698854671398,-0.023185460276131067
-0.024043087986668356,0.014187233527926621,0.010124334027827947,8.949310020221414e-05
-0.028339155230404745,0.01693987757602668,0.011182334207005965,-7.231441014288398e-05
0.048075343813888796,0.015262569438183533,0.01976459082324997,0.027700806990939405
0.035291067297019564,0.0050892705097878655,0.01248816028440232,0.01762281507423722
0.013327570568230479,0.003030181452086253,0.0007555119424584257,0.005704415616503732
-0.007968530984154905,0.0020147497207160044,0.001630598868908058,-0.0014410593571161493
0.01976871581139547,-0.0026826881578392563,0.003196797468107564,0.006760934946279553
-0.05810689665071881,0.002744316781245678,-0.0035739626138367735,-0.01964549451558914
-0.0033808648588374937,-0.004871333213916878,-0.010382848899475371,-0.006211676112394256
-0.0009426312353959829,0.02268794339686394,0.0066163295540701515,0.009453871117965465
-0.031702871120368924,0.0054670827263201775,0.0019668465169242902,-0.008089639202727525
0.019751591847686437,0.005935693031272483,0.01170566747051868,0.012464304985508417
0.037283906521258126,-0.0016865796378793029,0.004593103729283441,0.01339679680741055
0.03149518671637841,0.0025766224992803013,-0.004221325422192427,0.009950151314327497
-0.013909653624622449,0.012329587922310195,0.0014299177235514145,-5.0049276204286827e-05
0.012071398129919085,-0.008935448015449212,-0.0009978988578530018,0.0007126830395218714
-0.027467094496645555,-0.006320030096457958,0.0008524533828025007,-0.010978212758543267
0.014807237529949757,-0.006777821821977922,-0.004038000003301142,0.0013304705710849957
0.05915472966351711,0.002866439786440358,0.008792164158826603,0.023604420931816823
0.05558817619782544,0.01289212931295247,-0.001308265448730919,0.022390657630002312
-0.021179062972009634,-0.013710234003233603,-0.00762784198399156,-0.01417236548069861
-0.01421270674552207,-0.008165878772122253,0.009099597372587708,-0.004426324955356156
0.024615124543335608,0.004040614827414785,0.0007005132087473851,0.009785407741081732
0.002129431592484651,-0.020797473031986147,-0.006889738282917689,-0.008519251388213155
0.030044361407589405,0.008001153406411008,0.015372465482163493,0.017805975626061205
0.03185812321426639,-0.0024156734665514946,-0.0039898492801756745,0.008484191671646251
0.04500269701434998,-0.0016854820658190298,-0.0025197694476143517,0.013599134901157032
-0.01034402106335334,-0.005373095977134144,0.0022344309074476985,-0.004494224216784551
0.012834142971295886,-0.0024944464188552395,-0.007143969202456805,0.0010652413847521635
0.08315125455097662,-0.0035908350181548944,0.005538133573515475,0.0283661560025947
0.023402070775544757,0.019119970402848085,-0.007475617777101888,0.011682129451622518
0.002576837677356319,-0.013040452415584158,-0.005352029162339721,-0.005271876028307886
0.014184682330902521,-0.0045007392264588665,0.01724763723696739,0.008977184469943568
-0.021345357955350426,0.007909836537375708,0.0023052718269307216,-0.0037100794869314685
-0.008135850616538052,0.007408308784411546,0.008831624330704384,0.0027013581314984597
0.02919578957204236,0.014095622576648363,0.00807910563447001,0.017123488804214316
0.006429653460175601,0.002782872873335657,-0.004301953299196264,0.00163685604124732
0.024004220184210945,-0.009527959653430111,0.0019435042662512985,0.005473249459089112
0.0339221850380941,0.020567588308653684,0.0027687763594959466,0.01908616414923134
-0.0016356383365200692,0.007803240040473964,-0.0024880441263723722,0.0012265179660079816
0.02214279318361727,-0.00022493793879799033,0.008056587951016086,0.00999147107379739
0.003578292160766539,0.0007564826673926699,-0.0008682886586843411,0.0011554942343295661
0.019695011742710513,-0.008434572346057668,0.004519515754343749,0.005259979790347148
-0.06229033006488948,-0.005014006305547349,-0.009246887602539312,-0.025517049140584055
0.03351874520986925,-0.004486264800663797,-0.005749442468569451,0.0077610048858660205
-0.023277510781911936,0.005535504051684917,0.00389930942653331,-0.004614227820332135
0.03864283716944961,-0.0017744921493247834,-0.007811663029173568,0.009685550978089758
-0.005533372118998259,0.0018704046195943073,0.0016264366791185112,-0.0006788429279182067
0.01599635027981557,0.004211086222070119,0.00423939836825093,0.00814893680776725
0.03558201414921797,0.011114167199556971,0.0038522720431285167,0.016849467614483356
0.015449615791969023,0.007187582202492734,0.011525320223034829,0.01138749468499279
0.014739930308594945,0.006407569388782077,-0.006995310232569319,0.0047173917708727454
-0.0621919257689152,-0.019778266662919045,-0.016997047689127083,-0.0329890470512404
-0.03699618579368374,-0.0038218353900191277,0.00972197905576821,-0.010365337010630842
-0.006320707881111349,0.006107928917764172,-0.017858733810108093,-0.006023831567314166
0.031810877722000176,0.0007756717782141338,0.0042861419410801255,0.012290884856200997
0.04220179155343294,0.006527995921745439,0.009921673630432183,0.019550467484716484
0.047751450370887974,-0.0024709228169567535,0.012450728748743055,0.019243732857139324
-0.008014580415687407,0.0027972274578408605,-0.0153208686863017,-0.006846067035308867
0.031249411800098745,-0.01451188721377549,-0.007865126132368125,0.0029574631938522247
-0.03766210309195517,0.005508319081000086,-0.0020546219505319196,-0.011402790584360346
-0.013374128218843689,-0.0016233681250296737,0.0021098007647653363,-0.004295894230470815
0.029802039416943597,0.01342897507406355,9.849046449349284e-05,0.014443153875331894
0.02012145296374223,0.0003956949882918579,0.010203967419424862,0.010240361550114525
0.0007711877540799356,-0.0038857236589173462,0.0001974739044787587,-0.0009723530277655505
0.039507019540717433,0.0011915269394738794,0.004362750040989039,0.015020417153294609
-0.02077159958822292,0.01448493200273005,-0.011927665464861724,-0.006071438278673847
-0.0020288541073274556,-0.0020073774396777255,-0.0018694228243650792,-0.001968549488571963
0.003131786348487338,-0.005615991992978789,-0.00514983220913357,-0.002544676739862389
0.013025160997398292,0.0034699006685402797,-0.007320213671988939,0.003058279606367212
0.00761990908759972,-0.0029271573096585537,0.013050949235747985,0.005914561089996046
0.0127856633253455,-0.0031589918261336505,0.0074779393694465075,0.005701531254682496
0.030421179945056356,-0.014920716533540858,0.011019227240449394,0.008839888044091412
0.0034242730874366944,0.0010439419014137065,0.014187785820499824,0.0062186607177831385
-0.022902545037461332,-0.004456838174970393,0.008919097757647827,-0.006146755671499481
-0.03959445020826943,0.0017354345340677788,0.000680279970033537,-0.012392899508477469
-0.014621838041186525,0.0035896525608612026,-0.010348021340710268,-0.007126728480276256
0.032985250276367624,0.011806702125413616,0.01082799018844495,0.018539962323427864
0.04108241964455453,-0.004706949087109305,0.016010667610810454,0.01746202859403917
-0.043076584470980485,0.018445347930241097,-0.005669530088365821,-0.010100245442779526
0.02876354748192823,0.01568748564831228,-0.0053297867428531865,0.013040402422046979
0.0036993837702146513,-0.007811271921987035,0.005482079035433209,0.0004567298378233141
0.018524058700355447,0.00249743621416008,0.005380765389559863,0.008800744633938361
0.0071358280505155,-0.007248859710487781,0.0016711224022090028,0.0005193630613819932
0.014126720884066087,0.012914241530202365,0.01821231725245118,0.015084411471146654
0.026646422163272475,0.003286880758982832,-0.012183210963512742,0.0059166914028835355
0.0037870415673431686,-0.00054113164624182,0.0016795079175260534,0.001641804304403188
-0.09478775689168004,0.0012463355644619992,0.0017434025195594439,-0.03059930900321326
-0.014161216362807937,0.0038980370672800093,0.007536487002029683,-0.0009088965222686504
0.008310931678545972,-0.01176931476554997,0.01242854304970886,0.0029900503308483
-0.002027024574709426,0.00019460957529159105,0.008890340477233548,0.002352639473296745
-0.04199050826584867,0.008172750109711278,-0.0027452319235255077,-0.012187651172224274
-0.01807773143590691,0.003726079426911838,-0.006982709744103968,-0.007111446806245762
-0.013616583381010777,-0.004630478578504954,-0.004803323755451167,-0.007683454221527062
0.001663269211961081,0.008428960187694352,-0.00516860284330342,0.0016412072109084858
0.020205624076866446,0.004377289204171797,-0.008606338217448493,0.005325519695671561
0.01669139451189674,-0.002816173060919534,0.010073631257578524,0.007982942919901006
0.013082145505790716,0.012139441483412108,0.004059481972579935,0.009760346560237932
0.022182495659973045,-0.002623051365829915,-0.0018977798224246206,0.005887215603351346
0.09282914269168578,-0.02874023391476195,-0.0033897988148929316,0.020233016420973644
0.0004808364175857569,0.017597006721723443,-0.004822116798553254,0.0044185710283432015
0.006266081967098462,-0.003933653118593701,0.005043077868523383,0.0024584997805071423
-0.0037068650056904635,0.017166687843125326,-0.01363733534851724,-5.917077785662237e-05
0.0069866398711830886,0.008648496930889513,-0.006113214502974742,0.003173970925725187
-0.02435921648783374,0.01176761735817852,0.008308857321753,-0.0014275791750534709
0.048755026845844825,-0.0016519232903396868,0.010360697078761895,0.019154581056822134
0.014323096322746696,-0.018445503598671524,0.009970931044614545,0.0019495059733886497
-0.004452037470713445,-0.006915910934535561,0.006177500665935925,-0.001730147516288447
-0.013762329709712539,-0.0021393205186186976,-0.005419963373151196,-0.007107197426622943
0.05640808672299708,0.0077805748292025705,0.026027736850851718,0.03007210272888432
-0.007660645373861763,-0.0008156570702035553,0.009881491819657208,0.0004683959901341711
0.027938749282016312,-0.0038145327351562877,0.0013649181044064252,0.008496369720710599
-0.011192315438349813,0.00568602139616818,-0.00591810099504847,-0.0038081278709450215
0.02972604575748379,0.008111361958972454,0.005252029450774269,0.01436313135926445
0.05319670002019114,0.01234818254747008,0.009378033841552558,0.024974280495432453
0.0076794977633715625,-0.0006963030574770993,0.00029583330928835893,0.002426340245384936
-0.07789992488352603,-0.0016237033359867022,-0.00797947947933811,-0.029167673398581045
0.0006519661032123687,-0.007958457245893944,-0.0028656736689902677,-0.0033907182131690103
-0.01842508563079216,-0.00252609126687231,-0.0039613341336451145,-0.008304162039599517
0.0004742737210248157,-0.01366999577952936,-0.00263165092746837,-0.00527578571953331
0.03613437438331797,0.009842110300793525,-0.01076710602373583,0.011736447816999002
0.00017008487083780164,-0.00708814422124763,-0.013006150267326416,-0.006641396564508875
-0.0014310790127289512,-0.01070274876557029,0.005202846052790625,-0.0023103249315089636
-0.039071393345457735,0.014155810235674972,0.007390447361368898,-0.0058417060744260394
0.051376412877034,0.008380157429243196,0.013332038478822408,0.024362845232163605
-0.0009444478013528024,-0.003197125978116904,-0.008300328601425079,-0.004147296646330801
-0.04434499171726874,-0.00881402097469701,0.0016492353468336204,-0.017169908611784926
0.039085692305274124,-0.007502347697420933,-0.002499082098892193,0.009694744474899496
0.0232633361920511,-0.005626736995940596,0.004493797971457433,0.007376791679056923
0.03101243976841075,-0.020845146323795357,0.009264761249022766,0.006477345087194488
-0.016097378995532503,-0.004376812535425374,0.000503760162891966,-0.006656803799211514
0.05363485452566118,0.0008444701705027963,0.004845537018856197,0.019774934130052817
0.022978896215325863,0.010093339530538906,-0.013635308117162714,0.006478969397258142
0.03863964490002657,-0.010736146739900096,0.012810626167287337,0.013571361204429826
0.03359304448908962,-0.0029128672056808903,0.0102936181085094,0.013657918139374246
0.020606671030906742,-0.004520082689829399,-0.00024166089740394726,0.005281637199581984
-0.03521269289087997,0.013468746120055417,-0.0056288709482568006,-0.009124263448754544
-0.005543742086785548,-0.00022624597118810295,-0.00042944717723772483,-0.002066476345258714
-0.015038320059272619,0.011710632156661425,-0.007186925350964903,-0.003504867579654281
0.019577523678329715,0.0051909819134015635,0.001279906070482444,0.008682795204600687
-0.037530069972922075,-0.00839734625486554,-0.0006553804713142551,-0.015527583372101724
-0.00357780763928683,0.006439501587215735,-0.004278344926760817,-0.00047221652072697816
0.04190316137234625,0.007786261381476156,0.005553317137414587,0.0184142282161657
0.040997879859210364,0.0007829792427289773,0.0016754447024556612,0.0144854201160304
0.017898559059729778,-0.0023925027204832424,-0.01921978650163835,-0.0012379088162205508
0.014686084883261404,0.020456100984352195,0.010863988392575715,0.015335376084671684
-0.02132745603954069,0.014744501091282723,-0.0052634055846144875,-0.003948782895503973
0.05860483654953097,0.0025511509549616946,0.0022261043344256933,0.02112734281894217
0.012714879963229554,0.006633069727401854,-0.004176704241924697,0.0050570767591537535
-0.032572748214154595,0.00048003654971726036,-0.010934002656710115,-0.014342223764811042
0.025115380425533348,0.005055002089863283,0.015215940540036393,0.015128759223036655
-0.020385931253296026,-0.003341634635466558,0.011751468146770297,-0.003992028588631516
-0.04350425833827057,0.002450947627905027,-0.004618562185536721,-0.015223942408009788
0.013986568887917848,0.0045814732787499085,0.01700941276732056,0.011859139785511128
0.03612353745197112,-0.007627961117868596,0.005404537045396691,0.01130002649312861
0.014811825849830599,-0.010368670369595823,-0.015086448127610076,-0.003547760668027551
0.0053803944662297555,0.0024097173049389083,0.00943052394535098,0.005740206165294642
-0.009334322820000462,0.011846586777596358,0.014285066831802445,0.005599104664022517
-0.012601310098957392,0.010006562789468201,0.0005665568922907586,-0.0006760627963360051
0.045385046508857,0.0029073956141636203,0.005515068409503934,0.017935818908338005
0.014766740433214229,0.009064016894931567,-0.008311667417731788,0.005173024797108032
-0.008372923448936573,0.0167144040053116,0.0063896450643881435,0.00491037029654585
0.061719630875792776,0.001873719421495025,0.004868391974446643,0.022820557936664054
-0.009680185548765742,-0.009763639086696833,0.004695129135422619,-0.004916226917114819
0.05467387146042686,-0.002663817145667915,0.019046031534382793,0.02368533826435196
-0.0007624909288568298,0.007882511120104114,0.002682992685056767,0.003267667691097058
0.014948357857042934,0.008777949421666544,0.011639662758925801,0.01178864489055508
-0.01605083073028814,0.011794052645612901,0.0030899331641142153,-0.0003889479179053681
0.02166124747817623,0.018560377432042544,-0.002767638667059752,0.012484649596390925
0.04460105616267646,0.0035160002525612315,0.0007814456061542558,0.016299484374296645
0.03399415204580319,0.0029206152987795485,0.009648892098692163,0.015521204293205151
-0.007553881609476027,-0.007561623566395975,-0.004663473713620282,-0.006592986370171131
-0.04807944055231715,-0.0024095168522134773,-0.007334755416294369,-0.019274551665704055
-8.176068885323157e-06,0.01205199884569339,0.0024469198227831984,0.0048302427029495556
-0.010026101776247085,-0.0038235501707081705,-0.004896406651356077,-0.006248679950750911
-0.08443378779000525,0.004145362468401335,-0.01673314121532932,-0.03234048983845557
-0.035668123498509126,-0.006164437208332569,-0.002148655444753835,-0.014660390723459793
0.017971883388820963,-0.006497995244439291,0.012213343156863345,0.007895735871337904
-0.0022667180674031677,0.022111224727817968,-0.019378877938118256,0.00015520941888927376
-0.009419720742338019,0.009017087596920171,0.002412977026912098,0.000670113957050123
0.029564968588906816,0.01092771155079752,0.00012994801716541358,0.013540862511413865
0.025397239037934945,-0.00683017668334505,0.0041004447327175515,0.0075558281399334525
0.04189893158147838,0.009902615620988566,0.009747304314847991,0.020516263322821138
-0.02973207037245724,-0.00644496781282868,-0.011861868838330484,-0.016012952994903126
-0.02931733882474433,0.015487913389449569,0.0027640268923693548,-0.003688462492508954
-0.0141854730753622,0.012483270417428432,0.021117583071366443,0.006471786999350753
-0.03880475045414247,-0.00346245902177872,-0.011003974409536708,-0.01775704353809134
0.00649110013482283,-0.0030346434820025235,-0.00934866243385769,-0.0019640666296105343
0.010345282673113472,-0.0029808259769565403,-0.012097196388800345,-0.001577578319967907
-0.007717586048942609,0.017832492879700526,-0.001030077870984794,0.003028273291648054
0.020315137569756864,-0.001395945373920298,-0.004487716131774953,0.00481048721086185
-0.0007103138634263098,0.00783254052376806,-0.0009744986334499124,0.002049240626387937
-0.03790989959404747,0.007394642957174893,0.007006036839825121,-0.007836398762609218
0.003737506070130828,0.008796686458178181,-0.0058930386224711005,0.0022137157548946674
0.04028058476803857,0.00839861355720371,0.004815990960681283,0.017831711930244756
-0.016138075447236368,0.003330109353251906,-0.0011871951052326328,-0.004665049068018632
0.006097413724985109,-0.0049885503670347164,0.004178410793856044,0.0017624229548440947
0.047687654131441236,0.0011038435135330047,0.013688095380367457,0.020826510181916225
0.046161588079649145,0.0016752470495117978,0.002512866792656365,0.01678321719070513
0.02249820641135693,-0.01245857266646645,-0.00250125110539738,0.0025127917003701537
-0.04568676277066735,-0.0019022664825521394,0.0006664489146185395,-0.01564084447200687
0.021693238042006787,0.004954834093040997,0.006919923566842545,0.011189320711298209
-0.01029911011512273,-0.005771021511618706,0.000719730948680309,-0.005116795109220149
0.045974914570929205,0.006518541971521132,0.01254374750767379,0.021679046337640024
0.0670342621981968,0.00022927816620176825,0.0037289244911989415,0.023664131287710884
-0.02359182440247687,-0.0018666391753752332,-0.007049934425723948,-0.010836121831726015
0.025917334390202138,0.0042545531254419835,0.008297276793172768,0.012823041946550859
0.07843639301888529,0.0037113385117109295,-0.0005105423144469456,0.027212369192986686
-0.0018632440893663325,0.0019533472857295557,-0.01236763026173112,-0.004092504929280277
0.01081782986269832,-0.000662205330957527,0.0015746092883086294,0.003910074029938534
0.007300585790060314,0.014013003194785467,-0.0025369014173436174,0.006258889596938199
0.04836195189084669,-0.002503578092311733,0.0015432452014036081,0.01580052386610652
0.004350327385492247,0.015362885525571444,0.0061437039569523354,0.008618963670366386
-0.01768703898545651,0.01723510793341712,0.0014376878343591358,0.00032858526552098785
0.054483282703960446,0.008033037666394141,-0.0005166581438980796,0.020666533408931424
-0.009375850686245833,-0.004477673679882069,0.008645347160996346,-0.0017360573323181167
0.005586057109944501,-0.0006788986549418409,-0.003966613857441579,0.0003135145523388279
0.03899854459951384,-0.008707756649078875,0.00964403369389954,0.013311593903170953
-0.018927819760446093,0.00150751282103882,-0.008017547148022788,-0.008479276216525325
-0.03413708299157509,-0.010574156296851865,0.01079263132965462,-0.011306191346721459
0.04097457434942248,-0.007076494044722135,0.0047633919189953005,0.012887144520741139
0.01496249688080037,-0.011683247670877117,0.000277939524221161,0.00118572839231856
0.0341312732953709,0.005023967635794419,-0.0032643634877325633,0.011963613850851769
0.018502603511642617,-0.007487317118685872,0.006792132647165213,0.005935800410900972
-0.004231253974520665,0.0058880372273465405,0.005456890321765998,0.0023712221536394333
-0.020935044911742258,0.016554080943567345,0.006251779409780249,0.000623604523596631
0.009866026675198888,-0.008278760001995462,0.001095054563345675,0.0008941061847426215
-0.012464523905931193,0.004367064066693899,0.0013200606783466068,-0.0022591307944971753
-0.027221626629930575,-4.8538945498852594e-05,0.0001766927928920156,-0.009031148563021544
0.054011133888131,0.007922102014350762,-0.00956053745861231,0.017457548690390335
0.019848465385129643,-0.001404419215413251,0.007336489504495537,0.008593503297892085
0.03532613796791843,-0.00546169102137918,0.012443274592743487,0.014102559743853734
0.02335364453709169,0.01368526702809474,0.009295745248523044,0.01544487015968422
0.04126109088178623,0.00630546255643109,0.01276925364866561,0.020111915583691947
-0.05747092671101727,0.009494897243229992,-0.005498904419882506,-0.017824960137578633
0.01659482459255949,0.0006756596717936948,0.01732951965791353,0.011533323107420931
0.01974189198157358,0.00022463467963440955,0.014793195345218689,0.011586562415568224
-0.014390611655685406,-0.005840705864284989,-0.009917689316699584,-0.010049658895887714
0.019784137978803035,0.007920564163501155,0.011069239796455119,0.012924634388272457
-0.03634932876812184,0.0056757000870811935,-0.0026102763207967138,-0.01109462390597745
0.013401073929171406,0.01593329146678131,0.001737623705718132,0.010357319343227249
-0.022038544994999604,0.007224899172802033,0.0025327590645431407,-0.004093624825589224
0.0459693937672877,0.004559243125089797,0.00040115089384714633,0.016976578952145622
0.04299026607973804,-0.007182964233597176,0.007250279928755545,0.014352512905771544
0.034713848957404016,0.003278888059127673,0.0041458199550176295,0.014046171610997448
0.061004442810783786,0.010831240183295102,0.018587511901900812,0.0301410348242616
0.039083730936211994,-0.005552657156554799,-0.010089219194284734,0.007813943714505958
-0.01796133695116423,0.0032111443064260017,-0.0008376443473766017,-0.005195940468092612
-0.05748442092317092,0.00817576700397695,0.00477138588090096,-0.014845741167008323
-0.012483859961754325,-0.025558371521627102,-0.01849901856349933,-0.018847064501876905
0.024167223503018132,-0.0051795980484258776,-0.001613307194198672,0.0057914336286917735
0.01898496374247993,-0.006356607999799945,-0.0029025033665034785,0.003241947550108043
0.03248592519406658,-0.00569067238186696,0.003354583284218592,0.010049935315527371
0.013800083383311817,0.006443888129961164,-0.0037064728879850745,0.005512494029263093
-0.019870123220040604,0.005141428374248909,-0.005076990744559135,-0.006601888594888413
0.04546326426539457,-0.00017383876103970115,-0.0009439580277769857,0.014781807710370135
0.06815888901958503,0.013345691883043527,0.007681632405869006,0.029728708040761415
0.010148597300514647,0.003956359490511458,-0.000554507961069782,0.004516811759835831
0.050314003843884694,0.006346600850081601,0.015441724730186498,0.02403408577394112
-0.030060670500599625,-0.006435851801306416,0.0001759378448123515,-0.012106849378836411
-0.02638214367712126,0.009357297327926251,0.0025733501769406265,-0.004817160573586069
0.0390491373116785,0.010119636116648267,0.009564261677007368,0.019577658790766343
-0.028017760805350417,-0.0028234235758674425,0.011006818503654835,-0.006611448681065715
-0.0033028144590992177,0.009979621774767272,-0.004828146945245549,0.0006162195072540447
-0.029760765285494383,-0.0030787965703735092,0.002946730620731428,-0.009964267114101743
0.0898344174758465,0.002307809124384913,0.0026643805927113106,0.031602170795445174
0.04806652733671838,-0.00040389402370081845,0.01205659874082825,0.019906390778204587
-0.06952150789363709,-0.001516654000281782,-0.010093443542333293,-0.027043841434882244
0.02922612847218593,-0.004215262159750001,-0.007380513026485387,0.005876778551865752
-0.016659502320771697,-0.0028418295787874877,-0.00014583535276897395,-0.006549049201720302
0.0546810800414211,0.00895439207635813,-0.004663023467582489,0.019657463225916032
0.022372206269083653,-0.009834060318579255,0.008110894636684764,0.006883006646049525
-0.004436029270760351,0.0011946451891861436,0.013447882938299982,0.003402162883408973
0.021515030642302407,0.009060929099811061,0.010751915941629418,0.013775944785289066
-0.011673037390229155,0.0046488421278244145,0.0022692167194445995,-0.0015849912626605327
-0.010983103853493412,-0.0026393070255215302,0.0025044182144112925,-0.0037059938488703285
0.020046431839935833,-0.0033893454429426953,0.0005584051189989043,0.005738491433500175
0.018645903546923595,0.0034643402446398563,0.0020833498368723474,0.00806452314494739
0.049920061147442824,0.007230106366663785,0.0067081177751576685,0.02128607381032633
0.045867757064391196,0.000912610693634107,0.02285312600105691,0.02321114137519615
0.04018877185999581,0.007154654161285287,-0.0011733029807521767,0.015390025623468626
0.00695626190380659,0.00838105323304587,0.002019017454683543,0.005785438411734471
0.027151576485169093,-0.007876436962028154,-0.00015455279451866816,0.006373522536011846
0.036713058513938863,-0.0030670988904642196,-0.006184807392322324,0.009153708256666697
0.053255717228892295,-0.0029024545335221384,0.018033345833802446,0.022795513380854688
0.06168336880243713,0.011680842920562177,0.014633006661883058,0.02933237679588799
0.02487874924592335,-0.001753495159816649,-0.005445483052761931,0.005893251117857911
0.00015631681919346923,-0.011162974677006214,-0.01333316352793209,-0.008113265681974484
-0.02875427717197777,-0.0020961929202301453,-0.014116622427862869,-0.014989015850992753
-0.014663649920647979,-0.0006615014031653876,4.209464268024757e-05,-0.005094347132692145
-0.007647338451340342,0.00319724892745739,0.0017334099436103634,-0.0009055589545310028
-0.003377232742771107,-0.0018687726396611694,-0.012786712197083062,-0.006010899848932587
-0.03921570640137069,0.007395638261070991,0.00694654420756379,-0.008291166353070659
5.3018749306934804e-05,0.010155101121314552,0.008485847241031302,0.006231316139228559
0.034846211497685256,-0.005710974936104455,-0.00528146103871583,0.007951250556363148
0.05246740063240976,-0.011529974253105766,0.0008429694344329556,0.013926784677780378
-0.02420994711592428,0.01214926975992756,-0.0118043291284709,-0.007954994206487044
-0.05101773041075688,-0.002026587617191221,0.0005455023788406761,-0.017499587716763923
-0.018071856519688297,0.002375976151991482,0.002052311797403004,-0.004547851642241746
-0.04859387498776701,-0.002916452613513661,0.004004316158392435,-0.015835321312292264
0.06908554258969729,-0.0031225331222569175,-0.008779255013131823,0.01906123242351803
-0.029024534375410884,-0.0032784085981929895,-0.003317665507930973,-0.011873524286975454
0.006903359340600026,0.005090652270796037,-0.003869170277004818,0.0027082777365166366
0.01055351749391315,-0.021361951477666976,0.003686062074139357,-0.0023741215957475198
0.031722045083030295,-0.0010679336509407085,0.0027671835226407435,0.011140420511145124
0.007395432003774483,0.008195077079115633,0.007543198736979378,0.007711228228720557
-0.02518290021345796,0.0019157755820097214,0.01541472410749942,-0.0026174642238494315
-0.045058368785778534,-0.002092912218005404,-0.013032306479022667,-0.020061175766406373
-0.009651311112021473,-0.003412865067153528,0.0027367306892571355,-0.003442478387490792
-0.049024955503827,-0.004593519517350102,0.012286824463774213,-0.013777203075250778
-0.010893988327529823,-0.0034915642761499496,0.017866946224560084,0.0011604633798288964
-0.02367606753795015,0.0036123997239042244,0.0010213472218897053,-0.00634743384994521
-0.017255911962048325,0.0010646525618819133,0.0008699155843665609,-0.005107109498152011
0.029083493575874947,0.015500614928925717,0.008838209788621345,0.017807421623701237
-0.0006047189149747498,-0.0024100337023203683,-0.00513682644201916,-0.0027171903025784063
0.04594713348044629,0.007336816324502921,0.014507091389256951,0.02259699113438832
0.024956551456028448,0.005872359558556701,0.001630121372631822,0.010819666642728194
0.023550937282880737,0.00943775852213343,-0.0016456451544376383,0.010447673102508624
-0.042141958139817276,-0.009620616251274555,0.004380509933359712,-0.01579400569188922
-0.04471100505693021,0.01853426774263977,0.0073660140678144075,-0.006270234811917595
0.023249973038295884,-0.006358110365310097,-0.006478147727643107,0.003471234843875911
0.037047306441640296,0.014644380388039958,0.005703130169401906,0.019131586534755055
-0.025548427072750342,0.000857360322069497,-0.010509725581797047,-0.011733585710561854
-0.06630142100979534,-0.00879141863699701,-0.0005887365332521355,-0.02522716683282277
-0.03852361075014578,0.015926812579490017,-0.0033591708745106716,-0.008651981029732463
-0.023460458232144883,0.007595855924473225,-0.00038891466046549064,-0.00541783357154006
0.005528910310101365,0.012596696750528012,0.0025463528459319313,0.006890646411533801
-0.02631994329769977,-0.009256391172198685,0.0043943070792387805,-0.01039399873621076
-0.029215559300052037,-0.004518398243220649,-0.000376044504386437,-0.011369989312552358
-0.004604216593604953,0.008517535018978598,-0.004991604099791052,-0.00035942819871057774
0.02590242639758986,0.005805406975040938,-0.001110696341949925,0.010199035477847947
-0.01000193855202106,-0.0022061363762040506,0.0015166758412019682,-0.003563796131874685
-0.007389221533304468,-0.009785573476127817,-0.0037037541798126653,-0.006959509436898587
-0.029463661144372506,-0.007569026130856816,0.004962431354421372,-0.010690074616850677
-0.04862239554818523,-0.005924510269890291,-0.0038850097539124754,-0.019477285713357474
0.0002916224527741381,0.005937145968287121,-0.0013997201377250468,0.0016096811514293096
-0.026909418801495777,0.003866892490397811,0.013280684081795648,-0.0032539441558200296
0.009959060852387748,-0.021744366059390792,-0.012609629530640322,-0.008131636780902876
-0.0044792722272590495,0.005552963532401699,-0.004170846349814674,-0.00103238398250566
-0.03121807860300033,0.010948162510784345,-0.002858808828717906,-0.007709567264069657
-0.014602712255122184,-0.0025202794178352246,-0.01262224382463825,-0.009915068584120054
-0.014938970967053346,0.0014892170578658295,-0.007325107734312296,-0.006924946956212722
0.027310258769278787,0.014213312893750149,0.02126468740226097,0.02092939875901028
-0.030373696701801924,0.008682679398616687,0.008265915864958845,-0.004475029337708318
0.022657906308972235,-0.005291694641118811,-0.004136512516338958,0.004409895307271771
0.015356885224383858,0.005199131534388447,-0.001992868990975468,0.006187709734883023
-0.04150495696128021,-0.008493105668265655,-0.004352986576326807,-0.018116998284941156
-0.0299469810582574,0.01687808169351463,-0.0050424068100742795,-0.006037096021170291
-0.011711378752239055,-0.00672941506369356,-0.0005079323888441396,-0.00631623575201685
0.06373328266259522,0.010322088826603069,0.011540760931124145,0.028532015608063337
-0.07525370441802637,-0.015978497016321452,0.0026578622978857235,-0.02952475018737432
-0.006961744551341643,0.0002724968326672051,-0.008223826943839206,-0.0049710199164796605
-0.027713062805679707,-0.0013453344464868723,0.0038499448463201573,-0.008402809065798007
0.0026109941207707217,-0.0014821212881107838,-0.0006504647691238084,0.0001594691950426887
-0.002829243988995795,-0.004703917686936804,-0.011697634317962101,-0.006410258921032902
0.05134956817675652,-0.005395483216622248,0.013222152258700737,0.019725392680865927
-0.051755147689477525,0.010686331389653659,-0.0020050906806154374,-0.014357954635510773
0.050597183202957655,0.003748781575413264,0.014002940188134038,0.022782945539199996
0.0034498990889996793,0.0024600455972761674,0.005975011400867557,0.003961648067395772
0.029906589086176247,-0.01219728579976719,-0.002189968353435474,0.005173106471212882
0.01631042836147522,-0.0064182435975151985,0.0066510185947198635,0.005514395605158842
-0.0488027509409607,-0.0017832467777233823,0.005574795174199124,-0.015003719177760805
0.0002188646252007263,0.007854148426899512,-0.0028982284654926757,0.0017249264706076586
0.0381367217178439,0.005057290114283988,0.013668855375171443,0.01895427011481071
-0.019254678030903326,0.015231254313043507,-0.009183111120900199,-0.004402173877408392
0.039230438101185976,0.009095471521200684,0.0037728369550542977,0.017366231492898124
-0.035514340441263385,-9.065923738495608e-05,0.011816876602534292,-0.007929366429330325
0.05734307282789523,0.0030912079567706175,0.011447003778293323,0.023960404227224872
-0.024579320641578892,0.0001734113501846501,0.007101154427615107,-0.0057682458530080895
-0.02330680523469729,0.004960152421749189,0.0034075418647392976,-0.004979698669699285
-0.02035518487964874,0.0008242958418228801,0.013195026656037662,-0.0021119520153086054
0.03109389154829208,0.0034875361110357247,-0.0064507973340547625,0.009376867398214238
-0.0002677251389378997,0.010468502221512356,0.0019408438347552001,0.004047202925236246
0.055022678454498514,-0.005652321272794663,0.004593385374117074,0.017987896197359455
-0.03241959968638279,-0.00028328313019667414,0.007519214167707676,-0.00839454782173438
0.0013042030349154276,-0.005856877919226792,0.015430544302008065,0.0036259528466090945
0.019485553499332404,-0.01059762373991769,0.0015820493859146248,0.0034899895584500646
0.021802844399941547,0.015126208169526117,-0.0009499393231026249,0.011993025755750597
-0.03241825183156054,-0.01533026677536502,-0.006483886556658948,-0.018077450310393112
-0.0008966568410295997,-0.006243870035239551,-0.0013312090492589306,-0.0028239091512640515
-0.03209345317228823,-0.0031223940569014472,-0.001577868670396527,-0.01226455970195677
0.02701410325986459,0.017664556959955714,-0.016861545732462634,0.009272362223414392
-0.036413998187275365,0.0019006081110475989,-0.0043070831069128325,-0.012940144787555804
0.06667489265404136,0.009905024873881264,0.0019679078726109107,0.026182582284236047
0.029272186552335537,-0.0017597103571641926,0.0025728645642049196,0.010028436891345168
0.04748601472792484,0.016373726813729013,-0.0010698542031700436,0.020929941516198824
-0.05413315249042072,-0.011395000961432863,-0.01397426103184712,-0.026500778327095405
0.06747736392295611,0.0012308182671357778,0.005410482305474779,0.024706196792300725
-0.006679121016406374,-0.0070918724045033995,0.0010569636160623354,-0.004238005696939211
0.03935312526369433,-0.0030649717932317924,0.008614049006443376,0.014967385858234478
0.027257759937154437,0.00023029048103435717,-0.002264243723294484,0.008407927157029205
-0.06230104518441525,0.007197088139626633,0.008646229244426585,-0.015485893780878078
0.05885131534358039,-0.010109645333681586,-0.008924740689358036,0.013272296501203816
-0.0028622848087245475,0.01795520777722781,-0.003968076743927792,0.003708278366576415
-0.025262904456639645,-0.009493254690097389,-0.002685647236110292,-0.012480589647013646
-0.01978297908813701,-0.007071837156225983,-0.008911636873071158,-0.011922139116993677
0.04897954055542246,0.0035658153066293542,0.00010447837809993545,0.017549927196772504
-0.008598736304831902,-0.0025316345318174447,-0.006522606697609264,-0.005884319960427025
-0.019373359075283137,-0.007404765348510551,0.0023584976637155857,-0.008139867446817113
0.016774266249621705,-0.0069574493821090416,0.0030926572202869982,0.0043031537261085245
-0.016664817683009158,-0.015033653984001857,-0.0035015935729026727,-0.01173334334661615
0.02209660772754782,0.007733683584361492,0.013779918828974566,0.014536722176891245
-0.006489053603693165,-0.008526847107127181,-0.019505507836835335,-0.01150712467541571
-0.026013634817894603,0.003040282118760843,-0.0028695844983809464,-0.00861430378485917
0.028348235189484164,-0.00790635750910483,0.004203779269293908,0.00821521076800543
0.04019805139215718,-0.0015536861458465326,0.008033425649944281,0.015559248072821344
-0.0016931128785073733,-0.008144331511298867,-0.005019887822448209,-0.004952439118307412
0.0764400049168284,0.0006259100485169279,0.00681388511761054,0.027959905401051928
-0.00528624872751907,-0.0038897994980657638,-0.01708863798426751,-0.00875488664838871
0.011262237209816976,0.011940412307931522,-0.004189702161657852,0.006337642781047762
0.00597045424971532,-0.0060139728161178385,0.0010127485945049136,0.0003230763529574555
0.025231553610543512,0.00010092873192097903,0.009539745472168163,0.011624064314134947
-0.01866518623306705,0.006420565381189202,-0.0032981053759094116,-0.00518090356168701
0.05957204153419106,0.01043238326407162,-0.006057995990890935,0.021315454953647645
-0.06436091561688635,0.0032373907297639174,0.006671585421257342,-0.01815062833797521
-0.05528721792328654,-0.00249779337747277,-0.004667009366795146,-0.020817319405177927
0.04533137509059607,0.001954305876462513,0.016901151408344705,0.021395589396190306
-0.0084888938078618,-0.003304769697255684,0.009301352284270367,-0.0008307695761786322
-0.019267159295066442,0.0007688434284755628,0.001302306195700013,-0.005731997491627065
0.028141259837913938,0.006697483669534678,0.0029881523118901365,0.012608952664147645
-0.015213980043713445,0.010630050058347964,0.00407838994412041,-0.00016851317856834315
0.015817294164246785,0.009726929430006947,0.0019193792448048033,0.009154525125151898
0.07873344424513412,0.012094623004581228,0.0008700533400277084,0.030566009630540823
0.011378524385686409,0.01987011882865303,0.010059255340078217,0.0137692857488397
-0.02627646554372992,-0.00042253313099599834,0.002713714973085332,-0.007995086572118962
0.0193299364521001,0.014392938115837448,0.006984856094118504,0.013569229984775128
-0.018994473730591776,0.012599370005276092,0.0002044195594675082,-0.0020635593250546698
0.012646339620754229,-0.023975409157605664,-0.005870518551192267,-0.005733190296151871
0.06384010677407645,0.0188121453786812,0.01723316600723746,0.03329510609152565
-0.07700448348119837,0.0017806704132763318,-0.006352438343573654,-0.027192056611748092
-0.009772652702801038,0.013795798975329827,-0.01557964731877321,-0.0038521631632477907
-0.03088091015740153,0.002242722033509515,0.007874320597509626,-0.00692128225417162
0.027764812532735487,-0.001914528536729826,0.008340470480424498,0.011396906761891893
-0.03119058326072602,-0.0027219173235136064,-0.0009887903108728874,-0.01163375199794054
-0.01585557092996623,-0.0004212282075443998,-0.011106551765321911,-0.009127774506493878
0.04333274441856236,0.017782922530862933,0.015888101753219808,0.025667897232958797
0.016452410251690603,-0.007006028101071134,0.0021156377387420394,0.0038540027757805397
0.036038547018919155,0.0038008501150358347,0.00038884350928937894,0.013409400138334575
0.022496804753129245,-0.013159911710372221,0.017220686024320867,0.008852517503166275
-0.03325970397557868,-0.00337323099161247,0.007336249535294177,-0.009765552045070515
-0.053188909598840255,0.007825809980263691,0.009993292955341251,-0.011789923764476216
-0.02129157325392776,-0.012250033212270202,0.001169986265639818,-0.010790529276312646
0.011594401970107826,-0.01732171508834503,-0.002527083351413783,-0.002751462738418172
0.017312537361578693,-0.00578711708204419,0.007213921254347227,0.006246440931513398
0.0005122048637878785,-0.002973033236759845,9.032523091494931e-05,-0.0007901669238512917
0.025043306458594233,0.011966169440907873,-0.004910770580680662,0.010699557740038708
-0.04433166892105531,0.010252429146405713,-0.026143299617838647,-0.020074159723316286
-0.0084208342737772,0.0020403342734045945,-0.014386040918630117,-0.006922173384153934
0.030312155149029938,0.01084859356922424,0.0003321075505092246,0.013830938258635711
-0.03571242502199328,0.002009343094862302,-0.004440606942754732,-0.012714550242065614
-0.03192306999825314,4.8621360010979464e-05,-0.01554782911988255,-0.015807410111948982
0.02395593351650194,0.0009483020851759087,-0.005278016988536924,0.006542066328974103
-0.06189817937751823,-8.900797331461998e-05,-0.00945478411268269,-0.023813966673848025
0.04050289497324533,-0.004515011916261841,-0.003983132052469892,0.010668239666587531
-0.009418802085354665,0.009986435084132914,0.004145128725401437,0.0015709190038059875
0.02422894067077909,0.006035975388677528,-0.0022619552292861816,0.009334310942403203
-0.029931792269715294,0.004345870120843855,-0.0009279865394234085,-0.008837960724795386
0.006870954899196377,-0.015300674741044101,0.0023822227554539076,-0.0020158303462989103
-0.022599025567926378,0.015164043983581066,-0.000608409703435708,-0.0026811277481299106
-0.03561833205073574,0.009398865787793304,0.002436615769137312,-0.007927608903651543
0.03676311825395996,0.005447740202513921,0.018294004801806412,0.020168267584472346
-0.019740153091629097,-0.010380818548418023,0.0017198093893786093,-0.009467044616502086
0.007807212775883201,0.007767003899796895,0.0005601574573709167,0.0053781193328922925
0.011039920331876382,-0.010766014019446745,-0.013665421562026606,-0.004463833952693906
0.02049185476099732,0.00619055964914277,0.01253317738519569,0.013071850859914661
-0.05661274964865163,-0.004607837875244111,-0.00156488047048935,-0.020928468402972366
0.000347530545010783,-0.0051460271205421015,0.004805104655633784,2.2026911647952875e-06
-0.010450339672870783,-0.005971166737459147,0.003856890298693363,-0.0041882011823401516
0.06088676309833327,0.0014510374360010877,0.007175280834836619,0.02317100395202987
-0.010182936570812071,0.0013590032823218318,0.001628467230190392,-0.002398486287611263
0.025512791326135875,0.013876335477509206,0.015098579613534365,0.018162550643157676
0.040419759793121283,0.005033464457009792,-0.0012630500735690436,0.014730043328795952
-0.04784861915638488,0.0007809854336913888,-0.004695284024735645,-0.017254288661503796
-0.01996647891672549,-0.019413329820019067,-0.004699302654534325,-0.014693022437389161
0.01665829435371699,-0.0007791964689162092,-0.011524910193010801,0.001451394445867429
0.0027783581989816787,-0.016755547316625985,-0.0043249404158458155,-0.0061007037437868636
0.00012995319901091575,0.0014605841427704045,-0.0021959828489487663,-0.00020181496724064625
-0.006246031919818042,-0.005321240140033343,-0.004588216266913334,-0.0053851573904254635
0.08337672049724167,-0.006668442280496111,0.02030211570533206,0.0323367656372279
0.014656935691377002,0.011786389603901319,0.011189846140865491,0.012544377934324124
-0.053528832393674126,-0.009892375097855982,0.007435225022559113,-0.01866197549432951
-0.021712002512983858,-0.0046739144917907075,-0.006797565053159593,-0.011061149624817367
-0.005787933792251079,0.0008591117685068507,-0.00010150553079281096,-0.001676774174736495
0.012323020202711863,0.00239967883021141,-0.008378424311180268,0.0021147561258227613
-0.02313611861262696,0.008111969985152663,2.2279667608664905e-05,-0.005000617985998891
-0.006836710365591204,0.013466924566298975,-0.010856016669610785,-0.0014085994143668487
0.01487983652267524,0.01135930180003188,0.011326876060943767,0.012521992272545501
0.041469280254922025,-0.010926326916804164,-0.0011169415608754773,0.009808660783743534
0.0005557075643425865,0.017140847331170606,0.008012911893455071,0.008569813693167158
0.005404092819503841,0.011607069178833479,0.005790782036866631,0.007600640411086638
0.016213231296697675,0.0028258405093267245,0.002697493678406995,0.00724551458262197
0.018854354267707887,-0.000761800823205395,0.0006195611725146937,0.00623736530163419
-0.011649310471603499,0.0075764996057863425,-0.006054093254778476,-0.003375631331230504
0.026636880824430137,-0.013483600813069426,0.004795480867331907,0.005982914309977247
-0.03506110761389407,-0.010089457114644793,-0.009205929619522994,-0.018118813330522503
-0.006389705328506653,-0.0019468111902553563,0.0046625473684157375,-0.0012246551587923738
0.012813288646598411,-3.233667527139826e-05,0.0018037139320658912,0.004861550439575667
-0.013535981580879378,-0.005612581173057158,-0.001705317324803184,-0.006951286408286547
-0.00118486564746511,-0.005665139208557602,0.01157337777686159,0.0015744560658219858
0.05872019520029881,0.00872203072122875,0.012717037148741143,0.026719727637001877
-0.005465024829200329,-0.003537602133255126,0.004193070635241308,-0.0016031838392192733
-0.004017311186431862,0.003619283285622713,0.006624804313492431,0.0020755900619689564
0.002259642482130078,0.002676785340804402,0.007156068587147256,0.004030828105861775
-0.018285590571003554,-0.006222674006745963,0.010890791019295626,-0.004539153313660111
-0.04017500374072672,-0.015759644051496685,0.012872956517692337,-0.014353882737613262
0.007596848989301299,0.002525495127808438,0.008799440553063403,0.006307255249462823
0.012051231763721778,0.0034046281924218717,-0.005514772806077898,0.0033136924029928665
-0.016834087090479514,0.012945909867257896,0.0034439007454037055,-0.00014809201118047783
0.004497523400075329,0.009037455177558,-0.010116426810747824,0.0011395161161112453
0.060001937708434976,0.007201372935348402,0.011143719828641844,0.026115650708464916
-0.0055406920048767655,0.002900305818962566,-0.005959165377404612,-0.002866514321255749
-0.007391137042171416,0.022016514810471337,-0.0111913447957341,0.0011446765128442825
0.010621682767447386,0.002902341107672786,0.010358505218831056,0.007960835070474044
-0.0006849609660695877,-0.012075538360463168,-0.008502327414483474,-0.007087601826063163
-0.01303518168352288,-0.001215966191078487,0.01036058268937843,-0.001296853764885918
0.010902654214278195,-0.003577763181115475,-0.00891661521981388,-0.0005305741983089907
0.01629818753098206,-0.00153970698043899,0.0110786112996036,0.00861235533768494
0.07458837719530859,0.006438158838838043,0.004438306176324042,0.028488252248542817
0.0711440623385641,0.010534613122585735,-0.0037364036794862005,0.025980731279797286
0.07891189994772858,0.005772360555056635,0.005023740361265764,0.029902637052016706
0.011866499064238242,0.0010647546010962813,-0.005533909681865883,0.0024657788620415524
-0.05511878814384219,-0.003987841162923191,0.005988984544963379,-0.017705863881385744
0.0571543243970861,0.007492621413592904,0.012267149343483493,0.025638006080022445
0.011080424514956774,0.014868523872123118,-0.008207777250569358,0.005913717798446466
-0.020108885517528232,-0.006148553320296909,-0.0010973748076279497,-0.009118262096879813
0.019010526482923784,0.010758592283816327,0.005175134056300018,0.011648072626262435
0.045138689427829976,0.004952913135376124,0.01523387745952354,0.02177513823241654
0.06303018301602566,-0.00736390008875608,0.01363910992259511,0.023101774514823942
-0.022608016139688124,-0.0022064530060161756,-0.005497136648123822,-0.01010385849407411
0.02330936635977625,0.02032873145885628,0.009716022092107188,0.0177846888522066
0.016153084881840158,0.0070518320718886,0.003890691377774293,0.009031860411964906
0.00043134562704315576,0.0018192066754104418,0.014179053222709511,0.005476529698519194
-0.0197629160218232,-0.007321358170876915,-0.004311158326881172,-0.01046513370804959
-0.013811603621773635,0.006124701637756356,0.007258057040361466,-0.00014294817160362283
0.009600487074824623,0.009644435695783528,0.00443034336207279,0.007891747485804936
0.013768287096656414,-0.019989496216318393,-0.0026103168210546896,-0.0029438390363969095
-0.0472100620057273,-0.01044725400462682,-0.006009884385588162,-0.02122237890958063
0.017388240254380256,0.018204996698923035,0.0012321994315497241,0.01227513318647221
-0.01832077268729306,0.0016942531411142082,0.0029924016106847194,-0.004544701433792065
0.06891001287285191,-0.004251367305009668,0.011941193078670654,0.02553325401555808
0.060524684543423114,-0.004427220522252188,0.013358683575462193,0.02315202604682851
-0.05152780717571663,0.0014476805458384788,0.004134406567646102,-0.015315224705503994
-0.043228700395196294,-0.007368851176436805,0.005450543694810277,-0.01504898757660498
0.005049387958620579,-0.0010030348999936455,-0.004635854694668503,-0.00019650034884664453
0.00926826281909914,-0.0010277820032062708,-0.004992929240547003,0.0010825161092647636
0.010138007079780057,-0.010982574080618607,0.013572031846885763,0.0042424840395274555
0.07081313816462696,-0.013653303800769581,-0.0023867301044527157,0.018257683162100136
-0.027949928487299314,-0.01416525368846727,0.0061198322518069125,-0.011998437976203249
0.02693006085217766,0.0033993423307190017,0.002923666775265119,0.011084345568363942
0.015648103860461133,-0.01002722570244477,-0.0029360196385383487,0.0008949519448731649
0.05623985161437062,0.011667533722745932,-0.004532169787144822,0.021125050724918725
0.011422914416229862,-0.0031174347151683695,-0.005296180699119406,0.0010030986642143617
0.01630250066674289,0.00302288526475778,0.0037038232746676573,0.007676395392319707
-0.013878344542658724,-0.012566354052959786,0.01315511020869868,-0.004429858365777147
0.0004635205949680872,-0.001518158767982252,-0.01290958099234754,-0.004654735067047513
0.016033358572627162,0.0060055347347562115,-0.004559741641898086,0.005826378062111208
0.020963288337533872,0.003409775804810739,-0.001080688752359415,0.007764117365869936
-0.08143741810439552,-0.011232654356249061,0.007463221941424127,-0.02840225510412331
-0.045199615745086755,0.004720046688754461,-0.0002606384737625178,-0.013580055596629094
0.017866891580684812,0.0050219970119771695,-0.00448237514313784,0.006135498347670231
0.017755657077106635,-0.0028538987987630025,0.0031658907621352384,0.006022543657609943
-0.005165535366950066,-0.00128261932404089,0.006609029800374056,5.3624982835996514e-05
0.013197043530721422,-0.0060868542356812706,-0.015926633834746785,-0.0029388119077540307
-0.01731275018261985,-0.0022794894372066936,-0.0069046773361213735,-0.008832296819676988
0.014757109149873394,-0.005357941505955904,0.006760867589898516,0.005386673024593591
0.06056992665280638,-0.0019085417531203804,-0.0002525036111270971,0.019469607626559207
-0.034894865132660755,0.008950725402000525,0.021387158378983365,-0.001518992264898505
0.032814543030364365,-0.01052643029126876,-0.0020098107634907627,0.006759427232434289
0.029622483692595864,-0.0035426576700544345,0.009257725025948071,0.01177917190364615
0.054039835727642566,-0.003877725736748793,0.00221566318211303,0.017459240265077874
-0.01499248908930264,0.0015901968668915046,-0.00449737114765756,-0.005966548490135108
0.03949941437257558,-0.0058047536551879605,0.006099535486646209,0.013264718803279207
-0.01821802104835954,-0.00601826479791162,0.004731773107233096,-0.006501497744841775
-0.04193172947002526,0.021588468405913296,-0.013020061761247446,-0.011121096487345529
-0.05232876032348384,0.013452443185086354,-0.00653347056778337,-0.015136580765464383
0.012161375296439089,0.016046565412400734,0.0040642954208908,0.010757401285831497
0.03391010730741179,0.002787678632250028,0.0058167653875624056,0.014171502937557633
0.014270898852524229,0.003678864149560887,0.004770084150991978,0.0075732748110766464
-0.029547166711280038,-0.013319591220431866,-0.008065984655745706,-0.016977563884905008
-0.05471529823836875,-0.00516062295588381,-0.014763478123745928,-0.02487977489286639
0.04338693009296191,0.002938045699797062,0.01586009138497933,0.02072833499755704
0.018907505320354304,0.017866704711466605,0.0063856189433841495,0.014386595271792028
